#VRML V2.0 utf8
# META "generator" "CAD Exchanger 3.10.2 (cadexchanger.com)"
DEF __1 Transform {
  children [
    DEF KMR221NGLFS Group {
      children [
        DEF KMR221NGLFS_1 Shape {
          appearance DEF __4 Appearance {
            material DEF __5 Material {
              ambientIntensity 0.671052634716
              diffuseColor 0.298039227724 0.298039227724 0.298039227724
              shininess 0
            }
          }
          geometry DEF __6 IndexedFaceSet {
            solid FALSE
            coord Coordinate {
              point [
                0.00133 0.00045 0,
                0.00153 0.00045 -2.44929359829e-20,
                0.00173 0.0001 -3.67394039744e-20,
                0.00143 0.0001 0.0003,
                0.00113 0.0001 0,
                -0.00143 0.0001 0.0003,
                -0.00173 0.0001 -3.67394039744e-20,
                -0.00153 0.00045 -2.44929359829e-20,
                -0.00133 0.00045 0,
                -0.00113 0.0001 0,
                -8.70282484093e-06 0.00107 -0.000494313652751,
                -7.17839883264e-06 0.00101999999998 -0.000407727375813,
                4.99399406397e-20 0.00101999999998 -0.000407790561936,
                7.17839883264e-06 0.00101999999998 0.000407727375813,
                8.70289975775e-06 0.00107 0.000494317924266,
                0.00143 0 0.0003,
                0.00143 0.0001 -0.0003,
                0.00143 0 -0.0003,
                -0.00143 0.0001 -0.0003,
                -0.00143 0 -0.0003,
                -0.00143 0 0.0003,
                0 0.000119999999981 -0.000380717967672,
                0 2.99999999811e-05 -0.000432679491911,
                5.29879554826e-20 2.99999999811e-05 0.000432679491911,
                4.98062297657e-20 0.000119999999981 0.000380717967672,
                0.000193457906736 0.00142 -0.000837958255715,
                0 0.00142 -0.00086,
                0 0.00132 -0.00086,
                0.000193457906736 0.00132 -0.000837958255715,
                4.39300142892e-20 0.000850000000014 -0.00030964101621,
                -7.58401758774e-20 0.000850000000014 0.00030964101621,
                0 0.00101999999998 0.000407790561936,
                -0.000175129306316 0.00182523359568 -0.000758568365186,
                0 0.00182523359564 -0.000778521829235,
                0 0.00132000000002 -0.000805000000002,
                -0.000181085598747 0.00132 -0.000784367902153,
                -0.000748331477355 0 0.0005,
                0.000748331477355 0 0.0005,
                0.000748331477355 0 -0.0005,
                -0.000748331477355 0 -0.0005,
                -0.0019 0 0.0011,
                -0.0019 0 0.00125,
                -0.0023 0 0.0011,
                -0.0023 0 0.0005,
                -0.0019 -6.50521303491e-19 0.0005,
                -0.00185 0 0.0005,
                -0.00185 -8.53809210832e-19 -0.0005,
                -0.0019 -8.53809210832e-19 -0.0005,
                -0.0023 0 -0.0005,
                -0.0023 0 -0.0011,
                -0.0019 0 -0.0011,
                -0.0019 0 -0.00125,
                -0.00175 0 -0.0014,
                0.00175 0 -0.0014,
                0.0019 0 -0.00125,
                0.0019 0 -0.0011,
                0.0023 0 -0.0011,
                0.0023 0 -0.0005,
                0.0019 -6.50521303491e-19 -0.0005,
                0.00185 0 -0.0005,
                0.00185 -8.53809210832e-19 0.0005,
                0.0019 -8.53809210832e-19 0.0005,
                0.0023 0 0.0005,
                0.0023 0 0.0011,
                0.0019 0 0.0011,
                0.0019 0 0.00125,
                0.00175 0 0.0014,
                -0.00175 0 0.0014,
                0.000748331477355 3e-05 0.0005,
                0.000748331477355 3e-05 -0.0005,
                -0.000748331477355 3e-05 0.0005,
                -0.000748331477355 3e-05 -0.0005,
                0.00175 0.00132 0.0014,
                0.0013 0.00132 0.0014,
                0.0013 0.0008 0.0014,
                -0.0013 0.0008 0.0014,
                -0.0013 0.00132 0.0014,
                -0.00175 0.00132 0.0014,
                0.0019 0.00082 0.0004,
                0.00185 0.00082 0.0004,
                0.00185 0.00082 -0.0004,
                0.0019 0.00082 -0.0004,
                0.0006 0.00132 -0.0014,
                0.00175 0.00132 -0.0014,
                -0.00175 0.00132 -0.0014,
                -0.0006 0.00132 -0.0014,
                -0.0006 0.0008 -0.0014,
                0.0006 0.0008 -0.0014,
                -0.0019 0.00082 -0.0004,
                -0.00185 0.00082 -0.0004,
                -0.00185 0.00082 0.0004,
                -0.0019 0.00082 0.0004,
                0.000758367588981 3e-05 8.1914883852e-05,
                0.000798438262414 3e-05 3.72340381146e-05,
                0.000822480675645 3e-05 -7.44680762291e-06,
                0.000838508958775 3e-05 -8.1914883852e-05,
                0.000838508958775 3e-05 -0.000156382980943,
                0.000822480675645 3e-05 -0.000230851067603,
                0.000798438262414 3e-05 -0.000290425533801,
                0.000758367588981 3e-05 -0.00033510638345,
                0.000718296892619 3e-05 -0.00035,
                0.000678226207722 3e-05 -0.00035,
                0.000638155517092 3e-05 -0.00033510638345,
                0.000598084826463 3e-05 -0.000290425533801,
                0.000574042413231 3e-05 -0.000230851067603,
                0.000558014137983 3e-05 -0.000156382980943,
                0.00055 3e-05 -5.21276533604e-05,
                0.00055 3e-05 5.21276533604e-05,
                0.000558014137983 3e-05 0.000156382960081,
                0.000574042413231 3e-05 0.000230851078033,
                0.000598084826462 3e-05 0.000290425539017,
                0.000638155517092 3e-05 0.000335106384754,
                0.000678226207722 3e-05 0.00035,
                0.000710282751054 3e-05 0.00035,
                0.000750353435951 3e-05 0.000335106384754,
                0.000790424132313 3e-05 0.000290425539017,
                0.000814466545544 3e-05 0.000230851078033,
                0.000822480675645 3e-05 0.000186170232296,
                0.000782410002212 3e-05 0.000186170232296,
                0.000766381719081 3e-05 0.000230851078033,
                0.00074233930585 3e-05 0.000260638308525,
                0.000718296892619 3e-05 0.000275531923771,
                0.000670212066156 3e-05 0.000275531923771,
                0.000646169652925 3e-05 0.000260638308525,
                0.000622127239694 3e-05 0.000230851078033,
                0.000606098962296 3e-05 0.000186170232296,
                0.000598084826463 3e-05 0.000141489344835,
                0.000590070687763 3e-05 5.21276533604e-05,
                0.000590070687763 3e-05 2.23404228687e-05,
                0.000638155517092 3e-05 8.1914883852e-05,
                0.000678226207722 3e-05 9.68084990978e-05,
                0.000718296892619 3e-05 9.68084990978e-05,
                -0.000511491041225 3e-05 -0.00035,
                -0.0008 3e-05 -0.00035,
                -0.0008 3e-05 -0.00027553191334,
                -0.000575604150818 3e-05 9.68084990978e-05,
                -0.000559575867687 3e-05 0.000156382960081,
                -0.000559575867687 3e-05 0.000186170232296,
                -0.000575604150818 3e-05 0.000230851078033,
                -0.000599646564049 3e-05 0.000260638308525,
                -0.000639717248946 3e-05 0.000275531923771,
                -0.000671773792278 3e-05 0.000275531923771,
                -0.000711844482908 3e-05 0.000260638308525,
                -0.000735886896139 3e-05 0.000230851078033,
                -0.000751915173538 3e-05 0.000186170232296,
                -0.000791985862017 3e-05 0.000186170232296,
                -0.000783971724035 3e-05 0.000245744693279,
                -0.000751915173537 3e-05 0.000305319154262,
                -0.000719858624473 3e-05 0.000335106384754,
                -0.000663759662178 3e-05 0.00035,
                -0.000631703107381 3e-05 0.00035,
                -0.000583618280919 3e-05 0.000335106384754,
                -0.000551561737586 3e-05 0.000305319154263,
                -0.000519505171326 3e-05 0.000245744693279,
                -0.000511491041225 3e-05 0.000186170232296,
                -0.000511491041225 3e-05 0.000156382960081,
                -0.000519505171326 3e-05 9.68084990978e-05,
                -0.000535533454456 3e-05 5.21276533604e-05,
                -0.000735886896139 3e-05 -0.00027553191334,
                -0.000511491041225 3e-05 -0.00027553191334,
                0.0019 0.00132 0.00125,
                -0.0019 0.00132 0.00125,
                -0.00134142135624 0.00132 0.00135,
                -0.00185 0.00132 0.00135,
                -0.00185 0.00132 0.00112235407106,
                -0.00187 0.00132 0.00104752092332,
                -0.0019 0.00132 0.000999298427935,
                -0.0013 0.00132 0.00128819660113,
                -0.0013 0.0008 0.0011,
                -0.0013 0.00132 0.00114999702718,
                0.00109364916731 0.0008 0.0012,
                0.0009 0.0008 0.00135,
                -0.0009 0.0008 0.00135,
                -0.00109364916731 0.0008 0.0012,
                -0.00128729833462 0.0008 0.00105,
                -0.0014 0.0008 0.00105,
                -0.0016 0.0008 0.00085,
                -0.0016 0.0008 -0.00085,
                -0.0014 0.0008 -0.00105,
                0.0014 0.0008 -0.00105,
                0.0016 0.0008 -0.00085,
                0.0016 0.0008 0.00085,
                0.0014 0.0008 0.00105,
                0.00128729833462 0.0008 0.00105,
                -0.0006 0.0008 -0.0012,
                -0.0013 0.0008 -0.0012,
                -0.0013 0.0008 -0.0011,
                -0.00168 0.0008 -0.0011,
                -0.00168 0.0008 0.0011,
                0.0013 0.0008 0.0011,
                0.00168 0.0008 0.0011,
                0.00168 0.0008 -0.0011,
                0.0013 0.0008 -0.0011,
                0.0013 0.0008 -0.0012,
                0.0006 0.0008 -0.0012,
                0.0013 0.00132 0.00128819660113,
                0.0013 0.00132 0.00114999702718,
                0.00187 0.00132 0.00104752092332,
                0.00185 0.00132 0.00112235407106,
                0.00185 0.00132 0.00135,
                0.00134142135624 0.00132 0.00135,
                0.0019 0.00132 0.000999298427935,
                0.0019 0.00132 0.000405609988437,
                0.0019 0.00131 0.000409407604171,
                0.0019 0.00130999999999 0.000993845701531,
                0.0019 0.00015 0.0011,
                0.0019 0.00015 0.0005,
                0.0019 0.00132 0.0004,
                0.0019 0.00132 -0.000999298427938,
                0.0019 0.00131 -0.000993845701541,
                0.0019 0.00130999999999 -0.000409407604179,
                0.0019 0.00132 -0.000405609988437,
                0.0019 0.00132 -0.0004,
                0.0019 0.00015 -0.0005,
                0.0019 0.00015 -0.0011,
                0.0019 0.00132 -0.00125,
                0.000971860446907 0.00132 -0.00135,
                0.00185 0.00132 -0.00135,
                0.00185 0.00132 -0.00112235407106,
                0.00187 0.00132 -0.00104752092332,
                0.0006 0.00132 -0.00124842202375,
                0.000896913532211 0.00132 -0.00124842202375,
                -0.0006 0.00132 -0.00124842202375,
                -0.00187 0.00132 -0.00104752092332,
                -0.00185 0.00132 -0.00112235407106,
                -0.00185 0.00132 -0.00135,
                -0.000971860446907 0.00132 -0.00135,
                -0.000896913532211 0.00132 -0.00124842202375,
                -0.0019 0.00132 -0.00125,
                -0.0019 0.00132 -0.000999298427935,
                -0.0019 0.00132 -0.000405609988437,
                -0.0019 0.00131 -0.000409407604171,
                -0.0019 0.00130999999999 -0.000993845701531,
                -0.0019 0.00015 -0.0011,
                -0.0019 0.00015 -0.0005,
                -0.0019 0.00132 -0.0004,
                -0.0019 0.00131 0.000993845701541,
                -0.0019 0.00130999999999 0.000409407604179,
                -0.0019 0.00132 0.000405609988437,
                -0.0019 0.00132 0.0004,
                -0.0019 0.00015 0.0005,
                -0.0019 0.00015 0.0011,
                0.000822480675645 1e-05 -7.44680762291e-06,
                0.000798438262414 1e-05 3.72340381146e-05,
                0.000758367588981 1e-05 8.1914883852e-05,
                0.000718296892619 1e-05 9.68084990978e-05,
                0.000678226207722 1e-05 9.68084990978e-05,
                0.000638155517092 1e-05 8.1914883852e-05,
                0.000590070687763 1e-05 2.23404228687e-05,
                0.000590070687763 1e-05 5.21276533604e-05,
                0.000598084826463 1e-05 0.000141489344835,
                0.000606098962296 1e-05 0.000186170232296,
                0.000622127239694 1e-05 0.000230851078033,
                0.000646169652925 1e-05 0.000260638308525,
                0.000670212066156 1e-05 0.000275531923771,
                0.000718296892619 1e-05 0.000275531923771,
                0.00074233930585 1e-05 0.000260638308525,
                0.000766381719081 1e-05 0.000230851078033,
                0.000782410002212 1e-05 0.000186170232296,
                0.000822480675645 1e-05 0.000186170232296,
                0.000814466545544 1e-05 0.000230851078033,
                0.000790424132313 1e-05 0.000290425539017,
                0.000750353435951 1e-05 0.000335106384754,
                0.000710282751054 1e-05 0.00035,
                0.000678226207722 1e-05 0.00035,
                0.000638155517092 1e-05 0.000335106384754,
                0.000598084826462 1e-05 0.000290425539017,
                0.000574042413231 1e-05 0.000230851078033,
                0.000558014137983 1e-05 0.000156382960081,
                0.00055 1e-05 5.21276533604e-05,
                0.00055 1e-05 -5.21276533604e-05,
                0.000558014137983 1e-05 -0.000156382980943,
                0.000574042413231 1e-05 -0.000230851067603,
                0.000598084826463 1e-05 -0.000290425533801,
                0.000638155517092 1e-05 -0.00033510638345,
                0.000678226207722 1e-05 -0.00035,
                0.000718296892619 1e-05 -0.00035,
                0.000758367588981 1e-05 -0.00033510638345,
                0.000798438262414 1e-05 -0.000290425533801,
                0.000822480675645 1e-05 -0.000230851067603,
                0.000838508958775 1e-05 -0.000156382980943,
                0.000838508958775 1e-05 -8.1914883852e-05,
                -0.0008 1e-05 -0.00027553191334,
                -0.0008 1e-05 -0.00035,
                -0.000511491041225 1e-05 -0.00035,
                -0.000511491041225 1e-05 -0.00027553191334,
                -0.000735886896139 1e-05 -0.00027553191334,
                -0.000535533454456 1e-05 5.21276533604e-05,
                -0.000519505171326 1e-05 9.68084990978e-05,
                -0.000511491041225 1e-05 0.000156382960081,
                -0.000511491041225 1e-05 0.000186170232296,
                -0.000519505171326 1e-05 0.000245744693279,
                -0.000551561737586 1e-05 0.000305319154263,
                -0.000583618280919 1e-05 0.000335106384754,
                -0.000631703107381 1e-05 0.00035,
                -0.000663759662178 1e-05 0.00035,
                -0.000719858624473 1e-05 0.000335106384754,
                -0.000751915173537 1e-05 0.000305319154262,
                -0.000783971724035 1e-05 0.000245744693279,
                -0.000791985862017 1e-05 0.000186170232296,
                -0.000751915173538 1e-05 0.000186170232296,
                -0.000735886896139 1e-05 0.000230851078033,
                -0.000711844482908 1e-05 0.000260638308525,
                -0.000671773792278 1e-05 0.000275531923771,
                -0.000639717248946 1e-05 0.000275531923771,
                -0.000599646564049 1e-05 0.000260638308525,
                -0.000575604150818 1e-05 0.000230851078033,
                -0.000559575867687 1e-05 0.000186170232296,
                -0.000559575867687 1e-05 0.000156382960081,
                -0.000575604150818 1e-05 9.68084990978e-05,
                -0.00172999702718 0.00132 0.00114999702718,
                -0.0009 0.00085 0.00135,
                0.0009 0.00085 0.00135,
                0.00109364916731 0.00085 0.0012,
                0.00128729833462 0.00085 0.00105,
                0.0014 0.00085 0.00105,
                0.0016 0.00085 0.00085,
                0.0016 0.00085 -0.00085,
                0.0014 0.00085 -0.00105,
                -0.0014 0.00085 -0.00105,
                -0.0016 0.00085 -0.00085,
                -0.0016 0.00085 0.00085,
                -0.0014 0.00085 0.00105,
                -0.00128729833462 0.00085 0.00105,
                -0.00109364916731 0.00085 0.0012,
                -0.0013 0.00132 -0.00124842202375,
                -0.0013 0.00132 -0.00114999702718,
                0.0013 0.00132 -0.00124842202375,
                0.0013 0.00132 -0.00114999702718,
                0.00172999702718 0.00132 -0.00114999702718,
                0.00172999702718 0.00132 0.00114999702718,
                -0.00172999702718 0.00132 -0.00114999702718,
                0.00192030755414 0.000811798034884 -0.000114498159343,
                0.00192030755414 0.000811798034884 0.000114498159343,
                0.00202 0.000772 0.000210580360501,
                0.00202 0.000772 -0.000210580360501,
                0.00205 0.00076 0.0004,
                0.00205 0.00076 -0.0004,
                0.00192000041285 0.00126999998956 0.000424992317186,
                0.00191696012522 0.00128716818684 0.000975413665961,
                0.00192 0.00127 0.000969530294084,
                0.00187 0.00132 -0.000376986841536,
                0.0018 0.00132 -0.000225,
                0.0018 0.00132 0.000225,
                0.00187 0.00132 0.000376986841536,
                0.0021 0.00106 0.0004,
                0.0021 0.00076 0.0004,
                0.00192 0.00126999999258 -0.000969530292562,
                0.00191696012522 0.00128716818684 -0.000975413665961,
                0.00192000009697 0.00126999997339 -0.000424992327374,
                0.0021 0.00106 -0.0004,
                0.0021 0.00076 -0.0004,
                -0.00192030755414 0.000811798034884 0.000114498159343,
                -0.00192030755414 0.000811798034884 -0.000114498159343,
                -0.00202 0.000772 -0.000210580360501,
                -0.00202 0.000772 0.000210580360501,
                -0.00205 0.00076 -0.0004,
                -0.00205 0.00076 0.0004,
                -0.00192000041285 0.00126999998956 -0.00042499231678,
                -0.00191696012522 0.00128716818684 -0.000975413665961,
                -0.00192 0.00127 -0.000969530294084,
                -0.00187 0.00132 0.000376986841536,
                -0.0018 0.00132 0.000225,
                -0.0018 0.00132 -0.000225,
                -0.00187 0.00132 -0.000376986841536,
                -0.0021 0.00076 -0.0004,
                -0.0021 0.00106 -0.0004,
                -0.00192 0.00126999999258 0.000969530292562,
                -0.00191696012522 0.00128716818684 0.000975413665961,
                -0.00192000009697 0.00126999997339 0.000424992326968,
                -0.0021 0.00106 0.0004,
                -0.0021 0.00076 0.0004,
                0.000774395849182 1e-05 -2.23404228687e-05,
                0.000790424132313 1e-05 -5.21276533604e-05,
                0.000798438262414 1e-05 -9.68085199595e-05,
                0.000798438262414 1e-05 -0.000141489365697,
                0.000790424132313 1e-05 -0.000186170211434,
                0.000774395849182 1e-05 -0.000230851067603,
                0.000750353435951 1e-05 -0.000260638298094,
                0.000726311034184 1e-05 -0.00027553191334,
                0.000670212066156 1e-05 -0.00027553191334,
                0.000646169652925 1e-05 -0.000260638298094,
                0.000622127239694 1e-05 -0.000230851067603,
                0.000606098962296 1e-05 -0.000186170211434,
                0.000598084826463 1e-05 -0.000141489365697,
                0.000598084826463 1e-05 -9.68085199595e-05,
                0.000606098962296 1e-05 -5.21276533604e-05,
                0.000622127239694 1e-05 -2.23404228687e-05,
                0.000646169652925 1e-05 7.44680762292e-06,
                0.000670212066156 1e-05 2.23404228687e-05,
                0.000726311034184 1e-05 2.23404228687e-05,
                0.000750353435951 1e-05 7.44680762292e-06,
                0.001435 0.00132 0.001,
                0.001565 0.00132 0.00087,
                0.001565 0.00132 -0.000381152236891,
                0.00152692388155 0.00132 -0.000473076118446,
                0.00103807611845 0.00132 -0.000961923881554,
                0.000946152236891 0.00132 -0.001,
                -0.000946152236891 0.00132 -0.001,
                -0.00103807611845 0.00132 -0.000961923881554,
                -0.00152692388155 0.00132 -0.000473076118446,
                -0.001565 0.00132 -0.000381152236892,
                -0.001565 0.00132 0.00087,
                -0.001435 0.00132 0.001,
                -0.001175 0.00132 0.001,
                -0.001175 0.00132 0.00122,
                -0.00117149110641 0.00132 0.00125,
                -0.0012 0.00132 0.00125,
                -0.00082489106234 0.00132 -0.00123,
                -0.00065 0.00132 -0.00123,
                -0.000523114224596 0.00132 -0.0013,
                0.000523114224596 0.00132 -0.0013,
                0.00065 0.00132 -0.00123,
                0.00082489106234 0.00132 -0.00123,
                0.0012 0.00132 0.00125,
                0.00117149110641 0.00132 0.00125,
                0.001175 0.00132 0.00122,
                0.001175 0.00132 0.001,
                0.00192 0.000719786098322 0.000336635870077,
                0.00202 0.000719786098322 0.000336635870077,
                0.00192 0.000719786098322 -0.000336635870077,
                0.00192 0.000761895412975 -0.000405602917757,
                0.00192 0.00099853981634 -0.000425,
                0.00192 0.00070353981634 -0.000853333333333,
                0.00192 0.00070353981634 0.000853333333333,
                0.00192 0.00099853981634 0.000425,
                0.00192 0.000761895412975 0.000405602917757,
                0.00202 0.000719786098322 -0.000336635870077,
                -0.00192 0.000719786098322 -0.000336635870077,
                -0.00202 0.000719786098322 -0.000336635870077,
                -0.00192 0.000719786098322 0.000336635870077,
                -0.00192 0.000761895412975 0.000405602917757,
                -0.00192 0.00099853981634 0.000425,
                -0.00192 0.00070353981634 0.000853333333333,
                -0.00192 0.00070353981634 -0.000853333333333,
                -0.00192 0.00099853981634 -0.000425,
                -0.00192 0.000761895412975 -0.000405602917757,
                -0.00202 0.000719786098322 0.000336635870077,
                0.000790424132313 3e-05 -5.21276533604e-05,
                0.000798438262414 3e-05 -9.68085199595e-05,
                0.000774395849182 3e-05 -2.23404228687e-05,
                0.000750353435951 3e-05 7.44680762292e-06,
                0.000726311034184 3e-05 2.23404228687e-05,
                0.000670212066156 3e-05 2.23404228687e-05,
                0.000646169652925 3e-05 7.44680762292e-06,
                0.000622127239694 3e-05 -2.23404228687e-05,
                0.000606098962296 3e-05 -5.21276533604e-05,
                0.000598084826463 3e-05 -9.68085199595e-05,
                0.000598084826463 3e-05 -0.000141489365697,
                0.000606098962296 3e-05 -0.000186170211434,
                0.000622127239694 3e-05 -0.000230851067603,
                0.000646169652925 3e-05 -0.000260638298094,
                0.000670212066156 3e-05 -0.00027553191334,
                0.000726311034184 3e-05 -0.00027553191334,
                0.000750353435951 3e-05 -0.000260638298094,
                0.000774395849182 3e-05 -0.000230851067603,
                0.000790424132313 3e-05 -0.000186170211434,
                0.000798438262414 3e-05 -0.000141489365697,
                -0.000722475527172 0.00142 -0.000715824914612,
                -0.00111 0.00142 -0.000228639882219,
                -0.00111 0.00132 -0.000228639882219,
                -0.000722475527172 0.00132 -0.000715824914612,
                -0.000193457906736 0.00142 -0.000837958255715,
                -0.000193457906736 0.00132 -0.000837958255715,
                0.000722475527172 0.00142 -0.000715824914612,
                0.000722475527172 0.00132 -0.000715824914612,
                0.00111 0.00142 -0.000228639882219,
                0.00111 0.00132 -0.000228639882219,
                0.00111 0.00142 0.000228639882219,
                0.00111 0.00132 0.000228639882219,
                0.000722475527172 0.00142 0.000715824914612,
                0.000722475527172 0.00132 0.000715824914612,
                0.000193457906736 0.00142 0.000837958255715,
                0.000193457906736 0.00132 0.000837958255715,
                -0.000193457906736 0.00142 0.000837958255715,
                -0.000193457906736 0.00132 0.000837958255715,
                -0.000722475527172 0.00142 0.000715824914612,
                -0.000722475527172 0.00132 0.000715824914612,
                -0.00111 0.00142 0.000228639882219,
                -0.00111 0.00132 0.000228639882219,
                0.001565 0.00107 -0.000381152236891,
                0.001565 0.00107 0.00087,
                0.001435 0.00107 0.001,
                0.001175 0.00107 0.001,
                0.001175 0.00107 0.00122,
                -0.001175 0.00107 0.001,
                -0.001435 0.00107 0.001,
                -0.001565 0.00107 0.00087,
                -0.001565 0.00107 -0.000381152236892,
                -0.00152692388155 0.00107 -0.000473076118446,
                -0.00103807611845 0.00107 -0.000961923881554,
                -0.000946152236891 0.00107 -0.001,
                0.000946152236891 0.00107 -0.001,
                0.00103807611845 0.00107 -0.000961923881554,
                0.00152692388155 0.00107 -0.000473076118446,
                0.00202 0.000761895412975 0.000405602917757,
                0.00202 0.00099853981634 0.000425,
                0.0019293692213 0.000661277990166 -0.000850484330484,
                0.0019293692213 0.000661277990165 0.000850484330484,
                0.00202000003359 0.00099853981634 -0.000425,
                0.00202 0.000761895412975 -0.000405602917757,
                -0.00202 0.000761895412975 -0.000405602917757,
                -0.00202 0.00099853981634 -0.000425,
                -0.0019293692213 0.000661277990166 0.000850484330484,
                -0.0019293692213 0.000661277990165 -0.000850484330484,
                -0.00202000003359 0.00099853981634 0.000425,
                -0.00202 0.000761895412975 0.000405602917757,
                0.000667475527172 0.00132 -0.000672075939193,
                0.001055 0.00132000000001 -0.000184890906802,
                0.001055 0.00132000000001 0.000184890906798,
                0.000667475527172 0.00132000000001 0.000672075939194,
                0.000181085598747 0.00132 0.000784367902153,
                -0.000181085598747 0.00132000000001 0.000784367902152,
                -0.000667475527172 0.00132 0.000672075939196,
                -0.001055 0.00132000000001 0.000184890906802,
                -0.001055 0.00132000000002 -0.000184890906802,
                -0.000667475527172 0.00132000000001 -0.000672075939194,
                0.000181085598747 0.00132000000001 -0.000784367902152,
                0.00193207159216 0.000655482737138 0.000849172668079,
                0.00193207159216 0.000655482737138 -0.000849172668079,
                0.00203338027127 0.000438225573689 -0.000555291857886,
                0.00203338027127 0.000438225573689 -0.000459673710214,
                0.00202372930137 0.000458922145421 -0.000344868680505,
                0.00198345568942 0.000545289184973 -0.000114805029709,
                0.00198345568942 0.000545289184973 0.000114805029709,
                0.00202372930137 0.000458922145421 0.000344868680505,
                0.00203338027127 0.000438225573689 0.000459673710214,
                0.00203338027127 0.000438225573689 0.000555291857886,
                -0.00193207159216 0.000655482737138 -0.000849172668079,
                -0.00193207159216 0.000655482737138 0.000849172668079,
                -0.00203338027127 0.000438225573689 0.000555291857886,
                -0.00203338027127 0.000438225573689 0.000459673710214,
                -0.00202372930137 0.000458922145421 0.000344868680505,
                -0.00198345568942 0.000545289184973 0.000114805029709,
                -0.00197380471952 0.000565985756705 -2.55894232208e-19,
                -0.00198345568942 0.000545289184973 -0.000114805029709,
                -0.00202372930137 0.000458922145421 -0.000344868680505,
                -0.00203338027127 0.000438225573689 -0.000459673710214,
                -0.00203338027127 0.000438225573689 -0.000555291857886,
                0.00102852182923 0.00182523359563 -0.0001848909068,
                0.00102852182923 0.00182523359563 0.000184890906798,
                0.00066151923474 0.00182523359574 -0.000646276402223,
                0.000175129306317 0.00182523359563 -0.000758568365188,
                -0.000661519234741 0.00182523359563 -0.00064627640223,
                -0.00102852182923 0.00182523359572 -0.000184890906798,
                -0.00102852182923 0.00182523359563 0.0001848909068,
                -0.000661519234739 0.00182523359574 0.000646276402225,
                -0.000175129306317 0.00182523359563 0.000758568365188,
                0.000175129306316 0.00182523359568 0.000758568365186,
                0.000661519234741 0.00182523359563 0.00064627640223,
                -0.00202270237087 0.00069774456331 0.000849172668079,
                -0.00202 0.00070353981634 0.000850484330484,
                0.000928658875759 0.00192 -0.000184890906798,
                0.000928658875759 0.00192 0.000184890906801,
                0.000639054958067 0.00192 -0.000548972929783,
                0.000152665029643 0.00192 -0.00066126489274,
                -0.000152665029642 0.00192 -0.00066126489274,
                -0.000639054958067 0.00192 -0.000548972929783,
                -0.000928658875759 0.00192 -0.000184890906798,
                -0.000928658875759 0.00192 0.000184890906798,
                -0.000639054958067 0.00192 0.000548972929783,
                -0.000152665029643 0.00192 0.00066126489274,
                0.000152665029642 0.00192 0.00066126489274,
                0.000639054958067 0.00192 0.000548972929783,
                0.0013315192247 0.00045 1.73648177667e-05,
                0.00133603073792 0.00045 3.42020143326e-05,
                0.00134339745962 0.00045 5e-05,
                0.00135339555569 0.00045 6.42787609687e-05,
                0.00136572123903 0.00045 7.66044443119e-05,
                0.00138 0.00045 8.66025403784e-05,
                0.00139579798567 0.00045 9.39692620786e-05,
                0.00141263518223 0.00045 9.84807753012e-05,
                0.00143 0.00045 0.0001,
                0.00144736481777 0.00045 9.84807753012e-05,
                0.00146420201433 0.00045 9.39692620786e-05,
                0.00148 0.00045 8.66025403784e-05,
                0.00149427876097 0.00045 7.66044443119e-05,
                0.00150660444431 0.00045 6.42787609687e-05,
                0.00151660254038 0.00045 5e-05,
                0.00152396926208 0.00045 3.42020143326e-05,
                0.0015284807753 0.00045 1.73648177667e-05,
                0.00153606758735 0.000380049309478 -1.2989533134e-20,
                0.00155408910328 0.000312188129971 -1.51965323145e-20,
                0.00158352622351 0.000248443556293 -1.88015398209e-20,
                0.00162349962595 0.000190719715305 -2.36968697555e-20,
                0.00167281525713 0.000140740887365 -2.97362927425e-20,
                0.0017254423259 0.0001 5.20944533001e-05,
                0.00171190778624 0.0001 0.000102606042998,
                0.00168980762114 0.0001 0.00015,
                0.00165981333294 0.0001 0.000192836282906,
                0.00162283628291 0.0001 0.000229813332936,
                0.00158 0.0001 0.000259807621135,
                0.001532606043 0.0001 0.000281907786236,
                0.0014820944533 0.0001 0.000295442325904,
                0.0013779055467 0.0001 0.000295442325904,
                0.001327393957 0.0001 0.000281907786236,
                0.00128 0.0001 0.000259807621135,
                0.00123716371709 0.0001 0.000229813332936,
                0.00120018666706 0.0001 0.000192836282906,
                0.00117019237886 0.0001 0.00015,
                0.00114809221376 0.0001 0.000102606042998,
                0.0011345576741 0.0001 5.20944533001e-05,
                0.00132393241265 0.000380049309478 0,
                0.00130591089672 0.000312188129971 0,
                0.00127647377649 0.000248443556293 0,
                0.00123650037405 0.000190719715305 0,
                0.00118718474287 0.000140740887365 0,
                -0.0014820944533 0.0001 0.000295442325904,
                -0.001532606043 0.0001 0.000281907786236,
                -0.00158 0.0001 0.000259807621135,
                -0.00162283628291 0.0001 0.000229813332936,
                -0.00165981333294 0.0001 0.000192836282906,
                -0.00168980762114 0.0001 0.00015,
                -0.00171190778624 0.0001 0.000102606042998,
                -0.0017254423259 0.0001 5.20944533001e-05,
                -0.00167281525713 0.000140740887365 -2.97362927425e-20,
                -0.00162349962595 0.000190719715305 -2.36968697555e-20,
                -0.00158352622351 0.000248443556293 -1.88015398209e-20,
                -0.00155408910328 0.000312188129971 -1.51965323145e-20,
                -0.00153606758735 0.000380049309478 -1.2989533134e-20,
                -0.0015284807753 0.00045 1.73648177667e-05,
                -0.00152396926208 0.00045 3.42020143326e-05,
                -0.00151660254038 0.00045 5e-05,
                -0.00150660444431 0.00045 6.42787609687e-05,
                -0.00149427876097 0.00045 7.66044443119e-05,
                -0.00148 0.00045 8.66025403784e-05,
                -0.00146420201433 0.00045 9.39692620786e-05,
                -0.00144736481777 0.00045 9.84807753012e-05,
                -0.00143 0.00045 0.0001,
                -0.00141263518223 0.00045 9.84807753012e-05,
                -0.00139579798567 0.00045 9.39692620786e-05,
                -0.00138 0.00045 8.66025403784e-05,
                -0.00136572123903 0.00045 7.66044443119e-05,
                -0.00135339555569 0.00045 6.42787609687e-05,
                -0.00134339745962 0.00045 5e-05,
                -0.00133603073792 0.00045 3.42020143326e-05,
                -0.0013315192247 0.00045 1.73648177667e-05,
                -0.00118718474287 0.000140740887365 0,
                -0.00123650037405 0.000190719715305 0,
                -0.00127647377649 0.000248443556293 0,
                -0.00130591089672 0.000312188129971 0,
                -0.00132393241265 0.000380049309478 0,
                -0.0011345576741 0.0001 5.20944533001e-05,
                -0.00114809221376 0.0001 0.000102606042998,
                -0.00117019237886 0.0001 0.00015,
                -0.00120018666706 0.0001 0.000192836282906,
                -0.00123716371709 0.0001 0.000229813332936,
                -0.00128 0.0001 0.000259807621135,
                -0.001327393957 0.0001 0.000281907786236,
                -0.0013779055467 0.0001 0.000295442325904,
                -8.39715981676e-06 0.00106848036358 -0.000476952035711,
                -8.10078182988e-06 0.00106396861335 -0.000460118000481,
                -7.82269719113e-06 0.00105660182911 -0.000444323012956,
                -7.57135490362e-06 0.00104660383472 -0.000430046969829,
                -7.35439146164e-06 0.00103427839772 -0.000417723617936,
                7.04192925956e-05 0.00101999999998 -0.000401664369401,
                0.000138722782689 0.00101999999998 -0.00038346985798,
                0.000202858238713 0.00101999999998 -0.000353753695956,
                0.00026089866093 0.00101999999998 -0.000313408728566,
                0.000311100179641 0.00101999999998 -0.000263647151784,
                0.000351954451111 0.00101999999998 -0.000205964090947,
                0.000382233976928 0.00101999999998 -0.000142092678553,
                0.00040102898515 0.00101999999998 -7.39519809439e-05,
                0.000407774765116 0.00101999999998 -3.58933845895e-06,
                0.000402268634612 0.00101999999998 6.68811484961e-05,
                0.000384676029616 0.00101999999998 0.000135342139245,
                0.000355525533651 0.00101999999998 0.000199736669989,
                0.000315692996077 0.00101999999998 0.000258129956891,
                0.000266375216513 0.00101999999998 0.000308767528157,
                0.000209053986065 0.00101999999998 0.000350127938512,
                0.000145451565754 0.00101999999998 0.000380968482208,
                7.74789398452e-05 0.00101999999998 0.000400362531085,
                8.44053636754e-06 0.00106888326493 0.000479415789485,
                8.18403158955e-06 0.00106555758104 0.000464846520982,
                7.93911726317e-06 0.00106009724062 0.000450935580963,
                7.71126451858e-06 0.00105262422197 0.000437993725295,
                7.50556334805e-06 0.00104330546452 0.000426310061512,
                7.32660890083e-06 0.00103234913958 0.000416145590457,
                5.53747524669e-05 0.00107 0.000491349728966,
                0.000101152244612 0.00107 0.000484041571275,
                0.000145462850849 0.00107 0.000472649806992,
                0.00019074843215 0.00107 0.00045610792605,
                0.000236534461696 0.00107 0.000434207694435,
                0.00027935279691 0.00107 0.000408045528344,
                0.000319234612469 0.00107 0.000377595174473,
                0.000356211083051 0.00107 0.00034283037952,
                0.000389539171943 0.00107 0.000304531073075,
                0.000418455059315 0.00107 0.000263494686929,
                0.000443160937051 0.00107 0.000219127702389,
                0.000462813070609 0.00107 0.000173848240704,
                0.00047723181923 0.00107 0.000129300230365,
                0.000487285563235 0.00107 8.40698968879e-05,
                0.000492977444603 0.00107 3.80881457162e-05,
                0.000494310605315 0.00107 -8.71411770574e-06,
                0.000491308726971 0.00107 -5.54704655188e-05,
                0.000483993396517 0.00107 -0.000101268406827,
                0.000472629269599 0.00107 -0.000145512182195,
                0.000456112675325 0.00107 -0.000190737078407,
                0.000434213540215 0.00107 -0.000236523750215,
                0.000408052520625 0.00107 -0.000279342679444,
                0.000377603221508 0.00107 -0.000319225176031,
                0.000342839247818 0.00107 -0.000356202549913,
                0.000304540598642 0.00107 -0.00038953169833,
                0.000263504869766 0.00107 -0.000418448645227,
                0.000219138226858 0.00107 -0.000443155739437,
                0.000173858861835 0.00107 -0.000462809083687,
                0.000129311100774 0.00107 -0.000477228926667,
                8.40810714059e-05 0.00107 -0.000487284032838,
                3.80995155833e-05 0.00107 -0.000492977806699,
                0.0011345576741 0.0001 -5.20944533001e-05,
                0.00114809221376 0.0001 -0.000102606042998,
                0.00117019237886 0.0001 -0.00015,
                0.00120018666706 0.0001 -0.000192836282906,
                0.00123716371709 0.0001 -0.000229813332936,
                0.00128 0.0001 -0.000259807621135,
                0.001327393957 0.0001 -0.000281907786236,
                0.0013779055467 0.0001 -0.000295442325904,
                0.0013779055467 0 -0.000295442325904,
                0.001327393957 0 -0.000281907786236,
                0.00128 0 -0.000259807621135,
                0.00123716371709 0 -0.000229813332936,
                0.00120018666706 0 -0.000192836282906,
                0.00117019237886 0 -0.00015,
                0.00114809221376 0 -0.000102606042998,
                0.0011345576741 0 -5.20944533001e-05,
                0.00113 0 -5.51091059616e-20,
                0.0011345576741 0 5.20944533001e-05,
                0.00114809221376 0 0.000102606042998,
                0.00117019237886 0 0.00015,
                0.00120018666706 0 0.000192836282906,
                0.00123716371709 0 0.000229813332936,
                0.00128 0 0.000259807621135,
                0.001327393957 0 0.000281907786236,
                0.0013779055467 0 0.000295442325904,
                -0.0017254423259 0.0001 -5.20944533001e-05,
                -0.00171190778624 0.0001 -0.000102606042998,
                -0.00168980762114 0.0001 -0.00015,
                -0.00165981333294 0.0001 -0.000192836282906,
                -0.00162283628291 0.0001 -0.000229813332936,
                -0.00158 0.0001 -0.000259807621135,
                -0.001532606043 0.0001 -0.000281907786236,
                -0.0014820944533 0.0001 -0.000295442325904,
                -0.0014820944533 0 -0.000295442325904,
                -0.001532606043 0 -0.000281907786236,
                -0.00158 0 -0.000259807621135,
                -0.00162283628291 0 -0.000229813332936,
                -0.00165981333294 0 -0.000192836282906,
                -0.00168980762114 0 -0.00015,
                -0.00171190778624 0 -0.000102606042998,
                -0.0017254423259 0 -5.20944533001e-05,
                -0.00173 0 -1.83697019872e-20,
                -0.0017254423259 0 5.20944533001e-05,
                -0.00171190778624 0 0.000102606042998,
                -0.00168980762114 0 0.00015,
                -0.00165981333294 0 0.000192836282906,
                -0.00162283628291 0 0.000229813332936,
                -0.00158 0 0.000259807621135,
                -0.001532606043 0 0.000281907786236,
                -0.0014820944533 0 0.000295442325904,
                -7.51340052843e-05 2.99999999811e-05 -0.000426106118204,
                -0.000147985101838 2.99999999811e-05 -0.000406585725715,
                -0.000216339745956 2.99999999811e-05 -0.000374711431692,
                -0.000278121016366 2.99999999811e-05 -0.00033145172043,
                -0.00033145172043 2.99999999811e-05 -0.000278121016366,
                -0.000374711431692 2.99999999811e-05 -0.000216339745956,
                -0.000406585725715 2.99999999811e-05 -0.000147985101838,
                -0.000426106118204 2.99999999811e-05 -7.51340052843e-05,
                -0.000432679491911 2.99999999811e-05 -2.64939777413e-20,
                -0.000426106118204 2.99999999811e-05 7.51340052843e-05,
                -0.000406585725715 2.99999999811e-05 0.000147985101838,
                -0.000374711431692 2.99999999811e-05 0.000216339745956,
                -0.00033145172043 2.99999999811e-05 0.000278121016366,
                -0.000278121016366 2.99999999811e-05 0.00033145172043,
                -0.000216339745956 2.99999999811e-05 0.000374711431692,
                -0.000147985101838 2.99999999811e-05 0.000406585725715,
                -7.51340052843e-05 2.99999999811e-05 0.000426106118204,
                -6.61109812912e-05 0.000119999999981 0.000374934006274,
                -0.00013021321387 0.000119999999981 0.000357757864822,
                -0.000190358983836 0.000119999999981 0.000329711431681,
                -0.000244720792404 0.000119999999981 0.00029164688353,
                -0.00029164688353 0.000119999999981 0.000244720792404,
                -0.000329711431681 0.000119999999981 0.000190358983836,
                -0.000357757864822 0.000119999999981 0.00013021321387,
                -0.000374934006274 0.000119999999981 6.61109812912e-05,
                -0.000380717967672 0.000119999999981 6.99367560731e-20,
                -0.000374934006274 0.000119999999981 -6.61109812912e-05,
                -0.000357757864822 0.000119999999981 -0.00013021321387,
                -0.000329711431681 0.000119999999981 -0.000190358983836,
                -0.00029164688353 0.000119999999981 -0.000244720792404,
                -0.000244720792404 0.000119999999981 -0.00029164688353,
                -0.000190358983836 0.000119999999981 -0.000329711431681,
                -0.00013021321387 0.000119999999981 -0.000357757864822,
                -6.61109812912e-05 0.000119999999981 -0.000374934006274,
                9.73547638404e-05 0.00142 -0.000854471795882,
                9.73547638404e-05 0.00132 -0.000854471795882,
                5.37685981959e-05 0.000850000000014 -0.000304936873415,
                0.000105903464744 0.000850000000014 -0.000290967378026,
                0.000154820508105 0.000850000000014 -0.000268156986092,
                0.000199033408671 0.000850000000014 -0.00023719877983,
                0.00023719877983 0.000850000000014 -0.000199033408671,
                0.000268156986092 0.000850000000014 -0.000154820508105,
                0.000290967378026 0.000850000000014 -0.000105903464744,
                0.000304936873415 0.000850000000014 -5.37685981959e-05,
                0.00030964101621 0.000850000000014 -5.6880131908e-20,
                0.000304936873415 0.000850000000014 5.37685981959e-05,
                0.000290967378026 0.000850000000014 0.000105903464744,
                0.000268156986092 0.000850000000014 0.000154820508105,
                0.00023719877983 0.000850000000014 0.000199033408671,
                0.000199033408671 0.000850000000014 0.00023719877983,
                0.000154820508105 0.000850000000014 0.000268156986092,
                0.000105903464744 0.000850000000014 0.000290967378026,
                5.37685981959e-05 0.000850000000014 0.000304936873415,
                -8.8131173058e-05 0.00182523359564 -0.000773517378559,
                -9.11285870833e-05 0.00132000000002 -0.000799825343822,
                0.000821509573486 0 0.000367589473015,
                0.000871474870552 0 0.000224792237401,
                0.000896815535463 0 7.56432108815e-05,
                0.000896815535463 0 -7.56432108815e-05,
                0.000871474870552 0 -0.000224792237401,
                0.000821509573486 0 -0.000367589473015,
                -0.000821509573486 0 -0.000367589473015,
                -0.000871474870552 0 -0.000224792237401,
                -0.000896815535463 0 -7.56432108815e-05,
                -0.000896815535463 0 7.56432108815e-05,
                -0.000871474870552 0 0.000224792237401,
                -0.000821509573486 0 0.000367589473015,
                0.0014820944533 0 0.000295442325904,
                0.001532606043 0 0.000281907786236,
                0.00158 0 0.000259807621135,
                0.00162283628291 0 0.000229813332936,
                0.00165981333294 0 0.000192836282906,
                0.00168980762114 0 0.00015,
                0.00171190778624 0 0.000102606042998,
                0.0017254423259 0 5.20944533001e-05,
                0.00173 0 1.83697019872e-20,
                0.0017254423259 0 -5.20944533001e-05,
                0.00171190778624 0 -0.000102606042998,
                0.00168980762114 0 -0.00015,
                0.00165981333294 0 -0.000192836282906,
                0.00162283628291 0 -0.000229813332936,
                0.00158 0 -0.000259807621135,
                0.001532606043 0 -0.000281907786236,
                0.0014820944533 0 -0.000295442325904,
                -0.0013779055467 0 0.000295442325904,
                -0.001327393957 0 0.000281907786236,
                -0.00128 0 0.000259807621135,
                -0.00123716371709 0 0.000229813332936,
                -0.00120018666706 0 0.000192836282906,
                -0.00117019237886 0 0.00015,
                -0.00114809221376 0 0.000102606042998,
                -0.0011345576741 0 5.20944533001e-05,
                -0.00113 0 5.51091059616e-20,
                -0.0011345576741 0 -5.20944533001e-05,
                -0.00114809221376 0 -0.000102606042998,
                -0.00117019237886 0 -0.00015,
                -0.00120018666706 0 -0.000192836282906,
                -0.00123716371709 0 -0.000229813332936,
                -0.00128 0 -0.000259807621135,
                -0.001327393957 0 -0.000281907786236,
                -0.0013779055467 0 -0.000295442325904,
                -0.00177604722665 0 -0.00139772116295,
                -0.0018013030215 0 -0.00139095389312,
                -0.001825 0 -0.00137990381057,
                -0.00184641814145 0 -0.00136490666647,
                -0.00186490666647 0 -0.00134641814145,
                -0.00187990381057 0 -0.001325,
                -0.00189095389312 0 -0.0013013030215,
                -0.00189772116295 0 -0.00127604722665,
                0.00189772116295 0 -0.00127604722665,
                0.00189095389312 0 -0.0013013030215,
                0.00187990381057 0 -0.001325,
                0.00186490666647 0 -0.00134641814145,
                0.00184641814145 0 -0.00136490666647,
                0.001825 0 -0.00137990381057,
                0.0018013030215 0 -0.00139095389312,
                0.00177604722665 0 -0.00139772116295,
                0.00177604722665 0 0.00139772116295,
                0.0018013030215 0 0.00139095389312,
                0.001825 0 0.00137990381057,
                0.00184641814145 0 0.00136490666647,
                0.00186490666647 0 0.00134641814145,
                0.00187990381057 0 0.001325,
                0.00189095389312 0 0.0013013030215,
                0.00189772116295 0 0.00127604722665,
                -0.00189772116295 0 0.00127604722665,
                -0.00189095389312 0 0.0013013030215,
                -0.00187990381057 0 0.001325,
                -0.00186490666647 0 0.00134641814145,
                -0.00184641814145 0 0.00136490666647,
                -0.001825 0 0.00137990381057,
                -0.0018013030215 0 0.00139095389312,
                -0.00177604722665 0 0.00139772116295,
                0.000821509573486 3e-05 -0.000367589473015,
                0.000871474870552 3e-05 -0.000224792237401,
                0.000896815535463 3e-05 -7.56432108815e-05,
                0.000896815535463 3e-05 7.56432108815e-05,
                0.000871474870552 3e-05 0.000224792237401,
                0.000821509573486 3e-05 0.000367589473015,
                -0.000821509573486 3e-05 0.000367589473015,
                -0.000871474870552 3e-05 0.000224792237401,
                -0.000896815535463 3e-05 7.56432108815e-05,
                -0.000896815535463 3e-05 -7.56432108815e-05,
                -0.000871474870552 3e-05 -0.000224792237401,
                -0.000821509573486 3e-05 -0.000367589473015,
                0.0014820944533 0.0001 -0.000295442325904,
                0.001532606043 0.0001 -0.000281907786236,
                0.00158 0.0001 -0.000259807621135,
                0.00162283628291 0.0001 -0.000229813332936,
                0.00165981333294 0.0001 -0.000192836282906,
                0.00168980762114 0.0001 -0.00015,
                0.00171190778624 0.0001 -0.000102606042998,
                0.0017254423259 0.0001 -5.20944533001e-05,
                -0.0013779055467 0.0001 -0.000295442325904,
                -0.001327393957 0.0001 -0.000281907786236,
                -0.00128 0.0001 -0.000259807621135,
                -0.00123716371709 0.0001 -0.000229813332936,
                -0.00120018666706 0.0001 -0.000192836282906,
                -0.00117019237886 0.0001 -0.00015,
                -0.00114809221376 0.0001 -0.000102606042998,
                -0.0011345576741 0.0001 -5.20944533001e-05,
                7.51340052843e-05 2.99999999811e-05 0.000426106118204,
                0.000147985101838 2.99999999811e-05 0.000406585725715,
                0.000216339745956 2.99999999811e-05 0.000374711431692,
                0.000278121016366 2.99999999811e-05 0.00033145172043,
                0.00033145172043 2.99999999811e-05 0.000278121016366,
                0.000374711431692 2.99999999811e-05 0.000216339745956,
                0.000406585725715 2.99999999811e-05 0.000147985101838,
                0.000426106118204 2.99999999811e-05 7.51340052843e-05,
                0.000432679491911 2.99999999811e-05 7.94819332239e-20,
                0.000426106118204 2.99999999811e-05 -7.51340052843e-05,
                0.000406585725715 2.99999999811e-05 -0.000147985101838,
                0.000374711431692 2.99999999811e-05 -0.000216339745956,
                0.00033145172043 2.99999999811e-05 -0.000278121016366,
                0.000278121016366 2.99999999811e-05 -0.00033145172043,
                0.000216339745956 2.99999999811e-05 -0.000374711431692,
                0.000147985101838 2.99999999811e-05 -0.000406585725715,
                7.51340052843e-05 2.99999999811e-05 -0.000426106118204,
                0.0015284807753 0.00045 -1.73648177667e-05,
                0.00152396926208 0.00045 -3.42020143326e-05,
                0.00151660254038 0.00045 -5e-05,
                0.00150660444431 0.00045 -6.42787609687e-05,
                0.00149427876097 0.00045 -7.66044443119e-05,
                0.00148 0.00045 -8.66025403784e-05,
                0.00146420201433 0.00045 -9.39692620786e-05,
                0.00144736481777 0.00045 -9.84807753012e-05,
                0.00143 0.00045 -0.0001,
                0.00141263518223 0.00045 -9.84807753012e-05,
                0.00139579798567 0.00045 -9.39692620786e-05,
                0.00138 0.00045 -8.66025403784e-05,
                0.00136572123903 0.00045 -7.66044443119e-05,
                0.00135339555569 0.00045 -6.42787609687e-05,
                0.00134339745962 0.00045 -5e-05,
                0.00133603073792 0.00045 -3.42020143326e-05,
                0.0013315192247 0.00045 -1.73648177667e-05,
                -0.0013315192247 0.00045 -1.73648177667e-05,
                -0.00133603073792 0.00045 -3.42020143326e-05,
                -0.00134339745962 0.00045 -5e-05,
                -0.00135339555569 0.00045 -6.42787609687e-05,
                -0.00136572123903 0.00045 -7.66044443119e-05,
                -0.00138 0.00045 -8.66025403784e-05,
                -0.00139579798567 0.00045 -9.39692620786e-05,
                -0.00141263518223 0.00045 -9.84807753012e-05,
                -0.00143 0.00045 -0.0001,
                -0.00144736481777 0.00045 -9.84807753012e-05,
                -0.00146420201433 0.00045 -9.39692620786e-05,
                -0.00148 0.00045 -8.66025403784e-05,
                -0.00149427876097 0.00045 -7.66044443119e-05,
                -0.00150660444431 0.00045 -6.42787609687e-05,
                -0.00151660254038 0.00045 -5e-05,
                -0.00152396926208 0.00045 -3.42020143326e-05,
                -0.0015284807753 0.00045 -1.73648177667e-05,
                0.00189772116295 0.00132 0.00127604722665,
                0.00189095389312 0.00132 0.0013013030215,
                0.00187990381057 0.00132 0.001325,
                0.00186490666647 0.00132 0.00134641814145,
                0.00184641814145 0.00132 0.00136490666647,
                0.001825 0.00132 0.00137990381057,
                0.0018013030215 0.00132 0.00139095389312,
                0.00177604722665 0.00132 0.00139772116295,
                -0.00177604722665 0.00132 0.00139772116295,
                -0.0018013030215 0.00132 0.00139095389312,
                -0.001825 0.00132 0.00137990381057,
                -0.00184641814145 0.00132 0.00136490666647,
                -0.00186490666647 0.00132 0.00134641814145,
                -0.00187990381057 0.00132 0.001325,
                -0.00189095389312 0.00132 0.0013013030215,
                -0.00189772116295 0.00132 0.00127604722665,
                -0.00185226770277 0.00132 0.00109637006917,
                -0.00185900224472 0.00132 0.00107117172053,
                -0.00187758119115 0.00132 0.00102939562157,
                -0.00188228942367 0.00132 0.00102077266187,
                -0.00188770014349 0.00132 0.00101260876886,
                -0.00189345357341 0.00132 0.00100558225341,
                -0.00131720052223 0.00132 0.00130638356133,
                -0.00133113701779 0.00132 0.00132717773305,
                0.00108282557649 0.0008 0.00123108519336,
                0.00106704997501 0.0008 0.00125997411445,
                0.00104674966056 0.0008 0.00128588427843,
                0.00102247448714 0.0008 0.00130811388301,
                0.000994881971706 0.0008 0.00132606081746,
                0.000964719484695 0.0008 0.00133923897141,
                0.00093280400675 0.0008 0.00134729140159,
                -0.00093280400675 0.0008 0.00134729140159,
                -0.000964719484695 0.0008 0.00133923897141,
                -0.000994881971706 0.0008 0.00132606081746,
                -0.00102247448714 0.0008 0.00130811388301,
                -0.00104674966056 0.0008 0.00128588427843,
                -0.00106704997501 0.0008 0.00125997411445,
                -0.00108282557649 0.0008 0.00123108519336,
                -0.00110447275813 0.0008 0.00116891480664,
                -0.00112024835961 0.0008 0.00114002588555,
                -0.00114054867406 0.0008 0.00111411572157,
                -0.00116482384748 0.0008 0.00109188611699,
                -0.00119241636292 0.0008 0.00107393918254,
                -0.00122257884993 0.0008 0.00106076102859,
                -0.00125449432787 0.0008 0.00105270859841,
                -0.00143128689301 0.0008 0.00104753766812,
                -0.00146180339887 0.0008 0.00104021130326,
                -0.00149079809995 0.0008 0.00102820130484,
                -0.00151755705046 0.0008 0.00101180339887,
                -0.00154142135624 0.0008 0.000991421356237,
                -0.00156180339887 0.0008 0.000967557050458,
                -0.00157820130484 0.0008 0.000940798099948,
                -0.00159021130326 0.0008 0.000911803398875,
                -0.00159753766812 0.0008 0.000881286893008,
                -0.0015969615506 0.0008 -0.000884729635533,
                -0.00158793852416 0.0008 -0.000918404028665,
                -0.00157320508076 0.0008 -0.00095,
                -0.00155320888862 0.0008 -0.000978557521937,
                -0.00152855752194 0.0008 -0.00100320888862,
                -0.0015 0.0008 -0.00102320508076,
                -0.00146840402867 0.0008 -0.00103793852416,
                -0.00143472963553 0.0008 -0.0010469615506,
                0.00143128689301 0.0008 -0.00104753766812,
                0.00146180339887 0.0008 -0.00104021130326,
                0.00149079809995 0.0008 -0.00102820130484,
                0.00151755705046 0.0008 -0.00101180339887,
                0.00154142135624 0.0008 -0.000991421356237,
                0.00156180339887 0.0008 -0.000967557050458,
                0.00157820130484 0.0008 -0.000940798099948,
                0.00159021130326 0.0008 -0.000911803398875,
                0.00159753766812 0.0008 -0.000881286893008,
                0.0015969615506 0.0008 0.000884729635533,
                0.00158793852416 0.0008 0.000918404028665,
                0.00157320508076 0.0008 0.00095,
                0.00155320888862 0.0008 0.000978557521937,
                0.00152855752194 0.0008 0.00100320888862,
                0.0015 0.0008 0.00102320508076,
                0.00146840402867 0.0008 0.00103793852416,
                0.00143472963553 0.0008 0.0010469615506,
                0.00125449432787 0.0008 0.00105270859841,
                0.00122257884993 0.0008 0.00106076102859,
                0.00119241636292 0.0008 0.00107393918254,
                0.00116482384748 0.0008 0.00109188611699,
                0.00114054867406 0.0008 0.00111411572157,
                0.00112024835961 0.0008 0.00114002588555,
                0.00110447275813 0.0008 0.00116891480664,
                0.00185900224472 0.00132 0.00107117172053,
                0.00185226770277 0.00132 0.00109637006917,
                0.00133113701779 0.00132 0.00132717773305,
                0.00131720052223 0.00132 0.00130638356133,
                0.00189352910796 0.00132 0.00100550718314,
                0.00188780603646 0.00132 0.0010124800703,
                0.00188277692132 0.00132 0.00102000650254,
                0.00187838789836 0.00132 0.001027875893,
                0.00177604722665 0.00132 -0.00139772116295,
                0.0018013030215 0.00132 -0.00139095389312,
                0.001825 0.00132 -0.00137990381057,
                0.00184641814145 0.00132 -0.00136490666647,
                0.00186490666647 0.00132 -0.00134641814145,
                0.00187990381057 0.00132 -0.001325,
                0.00189095389312 0.00132 -0.0013013030215,
                0.00189772116295 0.00132 -0.00127604722665,
                0.00185226770277 0.00132 -0.00109637006917,
                0.00185900224472 0.00132 -0.00107117172053,
                0.00187758119115 0.00132 -0.00102939562157,
                0.00188228942367 0.00132 -0.00102077266187,
                0.00188770014349 0.00132 -0.00101260876886,
                0.00189345357341 0.00132 -0.00100558225342,
                0.000918572725674 0.00132 -0.00126285160712,
                0.000937411753251 0.00132 -0.00128080779205,
                0.000952863490267 0.00132 -0.00130175003073,
                0.000964462782069 0.00132 -0.00132504788401,
                -0.00185900224472 0.00132 -0.00107117172053,
                -0.00185226770277 0.00132 -0.00109637006917,
                -0.000964462782069 0.00132 -0.00132504788401,
                -0.000952863490267 0.00132 -0.00130175003073,
                -0.000937411753251 0.00132 -0.00128080779205,
                -0.000918572725674 0.00132 -0.00126285160712,
                -0.00177604722665 0.00132 -0.00139772116295,
                -0.0018013030215 0.00132 -0.00139095389312,
                -0.001825 0.00132 -0.00137990381057,
                -0.00184641814145 0.00132 -0.00136490666647,
                -0.00186490666647 0.00132 -0.00134641814145,
                -0.00187990381057 0.00132 -0.001325,
                -0.00189095389312 0.00132 -0.0013013030215,
                -0.00189772116295 0.00132 -0.00127604722665,
                -0.00189352910796 0.00132 -0.00100550718314,
                -0.00188780603646 0.00132 -0.0010124800703,
                -0.00188277692132 0.00132 -0.00102000650254,
                -0.00187838789836 0.00132 -0.001027875893,
                6.61109812912e-05 0.000119999999981 -0.000374934006274,
                0.00013021321387 0.000119999999981 -0.000357757864822,
                0.000190358983836 0.000119999999981 -0.000329711431681,
                0.000244720792404 0.000119999999981 -0.00029164688353,
                0.00029164688353 0.000119999999981 -0.000244720792404,
                0.000329711431681 0.000119999999981 -0.000190358983836,
                0.000357757864822 0.000119999999981 -0.00013021321387,
                0.000374934006274 0.000119999999981 -6.61109812912e-05,
                0.000380717967672 0.000119999999981 -2.33122520244e-20,
                0.000374934006274 0.000119999999981 6.61109812912e-05,
                0.000357757864822 0.000119999999981 0.00013021321387,
                0.000329711431681 0.000119999999981 0.000190358983836,
                0.00029164688353 0.000119999999981 0.000244720792404,
                0.000244720792404 0.000119999999981 0.00029164688353,
                0.000190358983836 0.000119999999981 0.000329711431681,
                0.00013021321387 0.000119999999981 0.000357757864822,
                6.61109812912e-05 0.000119999999981 0.000374934006274,
                0.00108282557649 0.00085 0.00123108519336,
                0.00106704997501 0.00085 0.00125997411445,
                0.00104674966056 0.00085 0.00128588427843,
                0.00102247448714 0.00085 0.00130811388301,
                0.000994881971706 0.00085 0.00132606081746,
                0.000964719484695 0.00085 0.00133923897141,
                0.00093280400675 0.00085 0.00134729140159,
                0.00110447275813 0.00085 0.00116891480664,
                0.00112024835961 0.00085 0.00114002588555,
                0.00114054867406 0.00085 0.00111411572157,
                0.00116482384748 0.00085 0.00109188611699,
                0.00119241636292 0.00085 0.00107393918254,
                0.00122257884993 0.00085 0.00106076102859,
                0.00125449432787 0.00085 0.00105270859841,
                0.0015969615506 0.00085 0.000884729635533,
                0.00158793852416 0.00085 0.000918404028665,
                0.00157320508076 0.00085 0.00095,
                0.00155320888862 0.00085 0.000978557521937,
                0.00152855752194 0.00085 0.00100320888862,
                0.0015 0.00085 0.00102320508076,
                0.00146840402867 0.00085 0.00103793852416,
                0.00143472963553 0.00085 0.0010469615506,
                0.00143128689301 0.00085 -0.00104753766812,
                0.00146180339887 0.00085 -0.00104021130326,
                0.00149079809995 0.00085 -0.00102820130484,
                0.00151755705046 0.00085 -0.00101180339887,
                0.00154142135624 0.00085 -0.000991421356237,
                0.00156180339887 0.00085 -0.000967557050458,
                0.00157820130484 0.00085 -0.000940798099948,
                0.00159021130326 0.00085 -0.000911803398875,
                0.00159753766812 0.00085 -0.000881286893008,
                -0.0015969615506 0.00085 -0.000884729635533,
                -0.00158793852416 0.00085 -0.000918404028665,
                -0.00157320508076 0.00085 -0.00095,
                -0.00155320888862 0.00085 -0.000978557521937,
                -0.00152855752194 0.00085 -0.00100320888862,
                -0.0015 0.00085 -0.00102320508076,
                -0.00146840402867 0.00085 -0.00103793852416,
                -0.00143472963553 0.00085 -0.0010469615506,
                -0.00143128689301 0.00085 0.00104753766812,
                -0.00146180339887 0.00085 0.00104021130326,
                -0.00149079809995 0.00085 0.00102820130484,
                -0.00151755705046 0.00085 0.00101180339887,
                -0.00154142135624 0.00085 0.000991421356237,
                -0.00156180339887 0.00085 0.000967557050458,
                -0.00157820130484 0.00085 0.000940798099948,
                -0.00159021130326 0.00085 0.000911803398875,
                -0.00159753766812 0.00085 0.000881286893008,
                -0.00125449432787 0.00085 0.00105270859841,
                -0.00122257884993 0.00085 0.00106076102859,
                -0.00119241636292 0.00085 0.00107393918254,
                -0.00116482384748 0.00085 0.00109188611699,
                -0.00114054867406 0.00085 0.00111411572157,
                -0.00112024835961 0.00085 0.00114002588555,
                -0.00110447275813 0.00085 0.00116891480664,
                -0.00093280400675 0.00085 0.00134729140159,
                -0.000964719484695 0.00085 0.00133923897141,
                -0.000994881971706 0.00085 0.00132606081746,
                -0.00102247448714 0.00085 0.00130811388301,
                -0.00104674966056 0.00085 0.00128588427843,
                -0.00106704997501 0.00085 0.00125997411445,
                -0.00108282557649 0.00085 0.00123108519336,
                0.00191986388817 0.0012736498101 0.000424857626966,
                0.00191946160954 0.00127728280027 0.0004245414375,
                0.00191789983178 0.0012843389719 0.000423387306388,
                0.00191539656425 0.00129094670807 0.000421568029377,
                0.00191209402352 0.00129698320188 0.000419131311128,
                0.00190793658412 0.0013025654575 0.000415952253957,
                0.00190326905037 0.00130732519641 0.000412187425801,
                0.00191548872896 0.00129074867831 0.000976865574282,
                0.00191378739604 0.00129412842748 0.00097857574325,
                0.00191189755053 0.00129728224731 0.000980513996361,
                0.00190986061652 0.00130018495074 0.000982650157113,
                0.00190507128428 0.00130563414549 0.000987890013954,
                0.00191923223531 0.00127871727643 0.000972471980022,
                0.00184582332513 0.00132 -0.000352395262575,
                0.00182623054391 0.00132 -0.000324016039761,
                0.00181180417782 0.00132 -0.000292692928088,
                0.00180297314341 0.00132 -0.000259357208585,
                0.00180297314341 0.00132 0.000259357208585,
                0.00181180417782 0.00132 0.000292692928088,
                0.00182623054391 0.00132 0.000324016039761,
                0.00184582332513 0.00132 0.000352395262575,
                0.00187955155514 0.00132 0.000388870550495,
                0.00188489896399 0.00132 0.000394305966987,
                0.00189065545066 0.00132 0.000399272912505,
                0.00189355537488 0.00132 -0.000401433428038,
                0.00188751517629 0.00132 -0.000396640112541,
                0.00187671854352 0.00132 -0.000385648983973,
                0.00191923223531 0.0012787172755 -0.000972471979832,
                0.0019055471107 0.0013051567315 -0.000414049522634,
                0.00190814272722 0.00130232503379 -0.000416112195888,
                0.00191056239753 0.00129923511427 -0.000417977287283,
                0.00191278792584 0.00129586029524 -0.000419649308163,
                0.00191477863184 0.00129222832275 -0.000421117349204,
                0.00191649349247 0.00128838267401 -0.000422366344229,
                0.00191789148467 0.00128436682623 -0.000423381227056,
                0.00191945937998 0.00127729738031 -0.000424539778157,
                0.00191986319492 0.00127365714149 -0.000424857165885,
                0.00191549275296 0.0012907399102 -0.000976861568571,
                0.00191379653396 0.00129411192473 -0.000978566469891,
                0.00191191258551 0.00129725918837 -0.000980498412928,
                0.00190988202493 0.0013001566591 -0.000982627440688,
                0.0019050829892 0.00130562258935 -0.000987876801985,
                -0.00191986388817 0.00127364981011 -0.000424857626794,
                -0.00191946160954 0.00127728280028 -0.000424541437448,
                -0.00191789983178 0.00128433897191 -0.000423387306387,
                -0.00191539656425 0.00129094670808 -0.000421568029375,
                -0.00191209402352 0.00129698320189 -0.000419131311125,
                -0.00190793658412 0.00130256545751 -0.000415952253953,
                -0.00190326905037 0.00130732519642 -0.000412187425796,
                -0.00191548872896 0.00129074867831 -0.000976865574282,
                -0.00191378739604 0.00129412842748 -0.00097857574325,
                -0.00191189755053 0.00129728224731 -0.000980513996361,
                -0.00190986061652 0.00130018495074 -0.000982650157113,
                -0.00190507128428 0.00130563414549 -0.000987890013954,
                -0.00191923223531 0.00127871727643 -0.000972471980022,
                -0.00184582332513 0.00132 0.000352395262575,
                -0.00182623054391 0.00132 0.000324016039761,
                -0.00181180417782 0.00132 0.000292692928088,
                -0.00180297314341 0.00132 0.000259357208585,
                -0.00180297314341 0.00132 -0.000259357208585,
                -0.00181180417782 0.00132 -0.000292692928088,
                -0.00182623054391 0.00132 -0.000324016039761,
                -0.00184582332513 0.00132 -0.000352395262575,
                -0.00187955155514 0.00132 -0.000388870550495,
                -0.00188489896399 0.00132 -0.000394305966986,
                -0.00189065545066 0.00132 -0.000399272912505,
                -0.00189355537488 0.00132 0.000401433428038,
                -0.00188751517629 0.00132 0.000396640112541,
                -0.00187671854352 0.00132 0.000385648983973,
                -0.00191923223531 0.0012787172755 0.000972471979832,
                -0.0019055471107 0.0013051567315 0.000414049522634,
                -0.00190814272722 0.00130232503379 0.000416112195888,
                -0.00191056239753 0.00129923511427 0.000417977287283,
                -0.00191278792584 0.00129586029524 0.000419649308163,
                -0.00191477863184 0.00129222832275 0.000421117349204,
                -0.00191649349247 0.00128838267401 0.000422366344229,
                -0.00191789148467 0.00128436682623 0.000423381227056,
                -0.00191945937998 0.00127729738031 0.000424539778106,
                -0.00191986319493 0.00127365714149 0.000424857165714,
                -0.00190537477171 0.00130533194134 0.000987548164873,
                -0.00190796049494 0.0013025399866 0.000984690483858,
                -0.00191041239602 0.00129944211691 0.000982066492898,
                -0.00191402310944 0.00129369778403 0.000978336835648,
                -0.00191559278978 0.00129052037805 0.000976762044989,
                -5.37685981959e-05 0.000850000000014 0.000304936873415,
                -0.000105903464744 0.000850000000014 0.000290967378026,
                -0.000154820508105 0.000850000000014 0.000268156986092,
                -0.000199033408671 0.000850000000014 0.00023719877983,
                -0.00023719877983 0.000850000000014 0.000199033408671,
                -0.000268156986092 0.000850000000014 0.000154820508105,
                -0.000290967378026 0.000850000000014 0.000105903464744,
                -0.000304936873415 0.000850000000014 5.37685981959e-05,
                -0.00030964101621 0.000850000000014 1.89600439693e-20,
                -0.000304936873415 0.000850000000014 -5.37685981959e-05,
                -0.000290967378026 0.000850000000014 -0.000105903464744,
                -0.000268156986092 0.000850000000014 -0.000154820508105,
                -0.00023719877983 0.000850000000014 -0.000199033408671,
                -0.000199033408671 0.000850000000014 -0.00023719877983,
                -0.000154820508105 0.000850000000014 -0.000268156986092,
                -0.000105903464744 0.000850000000014 -0.000290967378026,
                -5.37685981959e-05 0.000850000000014 -0.000304936873415,
                0.0014575742631 0.00132 0.000998025007892,
                0.00147946261863 0.00132 0.000992160040702,
                0.0015 0.00132 0.000982583302492,
                0.00151856238926 0.00132 0.000969585777605,
                0.00153458577761 0.00132 0.000953562389259,
                0.00154758330249 0.00132 0.000935,
                0.0015571600407 0.00132 0.000914462618632,
                0.00156302500789 0.00132 0.000892574263097,
                0.00156339948428 0.00132 -0.000401488717347,
                0.00155863734712 0.00132 -0.00042132444616,
                0.00155083084814 0.00132 -0.000440171001858,
                0.00154017220927 0.00132 -0.00045756431969,
                0.00102256431969 0.00132 -0.000975172209269,
                0.00100517100186 0.00132 -0.000985830848144,
                0.00098632444616 0.00132 -0.000993637347118,
                0.000966488717347 0.00132 -0.000998399484277,
                -0.000966488717347 0.00132 -0.000998399484277,
                -0.00098632444616 0.00132 -0.000993637347118,
                -0.00100517100186 0.00132 -0.000985830848144,
                -0.00102256431969 0.00132 -0.000975172209269,
                -0.00154017220927 0.00132 -0.00045756431969,
                -0.00155083084814 0.00132 -0.000440171001858,
                -0.00155863734712 0.00132 -0.00042132444616,
                -0.00156339948428 0.00132 -0.000401488717347,
                -0.00156302500789 0.00132 0.000892574263097,
                -0.0015571600407 0.00132 0.000914462618632,
                -0.00154758330249 0.00132 0.000935,
                -0.00153458577761 0.00132 0.000953562389259,
                -0.00151856238926 0.00132 0.000969585777605,
                -0.0015 0.00132 0.000982583302492,
                -0.00147946261863 0.00132 0.000992160040702,
                -0.0014575742631 0.00132 0.000998025007892,
                -0.00117411979676 0.00132 0.00123510225425,
                -0.00122181419606 0.00132 0.00125159467378,
                -0.00124316457177 0.00132 0.00125634478866,
                -0.00126359716866 0.00132 0.0012641493462,
                -0.00128267754239 0.00132 0.00127484240341,
                -0.000874048263418 0.00132 -0.00123828348867,
                -0.000849816183215 0.00132 -0.00123208536803,
                -0.000624911963136 0.00132 -0.00123211291332,
                -0.000600530710903 0.00132 -0.00123839212792,
                -0.000577543116269 0.00132 -0.00124866074463,
                -0.000556596789833 0.00132 -0.00126262947418,
                -0.000538281835224 0.00132 -0.00127990478703,
                0.000538281835224 0.00132 -0.00127990478703,
                0.000556596789833 0.00132 -0.00126262947418,
                0.000577543116269 0.00132 -0.00124866074463,
                0.000600530710903 0.00132 -0.00123839212792,
                0.000624911963136 0.00132 -0.00123211291332,
                0.000849816183215 0.00132 -0.00123208536803,
                0.000874048263418 0.00132 -0.00123828348867,
                0.00128267754239 0.00132 0.00127484240341,
                0.00126359716866 0.00132 0.0012641493462,
                0.00124316457177 0.00132 0.00125634478866,
                0.00122181419606 0.00132 0.00125159467378,
                0.00117411979676 0.00132 0.00123510225425,
                0.00192 0.00071720310184 -0.000344778822723,
                0.00192 0.000716043993951 -0.000353242629049,
                0.00192 0.000716342611121 -0.000361780215149,
                0.00192 0.000718090236174 -0.00037014235335,
                0.00192 0.000721235852754 -0.000378084937624,
                0.00192 0.000725687634589 -0.000385376109486,
                0.00192 0.000731315626069 -0.000391803026362,
                0.00192 0.000737955535881 -0.000397178074855,
                0.00192 0.000745413532978 -0.000401344347521,
                0.00192 0.000753471904855 -0.000404180223279,
                0.00192 0.000753471904855 0.000404180223279,
                0.00192 0.000745413532978 0.000401344347521,
                0.00192 0.000737955535881 0.000397178074855,
                0.00192 0.000731315626069 0.000391803026362,
                0.00192 0.000725687634589 0.000385376109486,
                0.00192 0.000721235852754 0.000378084937624,
                0.00192 0.000718090236174 0.00037014235335,
                0.00192 0.000716342611121 0.000361780215149,
                0.00192 0.000716043993951 0.000353242629049,
                0.00192 0.00071720310184 0.000344778822723,
                -0.00192 0.00071720310184 0.000344778822723,
                -0.00192 0.000716043993951 0.000353242629049,
                -0.00192 0.000716342611121 0.000361780215149,
                -0.00192 0.000718090236174 0.00037014235335,
                -0.00192 0.000721235852754 0.000378084937624,
                -0.00192 0.000725687634589 0.000385376109486,
                -0.00192 0.000731315626069 0.000391803026362,
                -0.00192 0.000737955535881 0.000397178074855,
                -0.00192 0.000745413532978 0.000401344347521,
                -0.00192 0.000753471904855 0.000404180223279,
                -0.00192 0.000753471904855 -0.000404180223279,
                -0.00192 0.000745413532978 -0.000401344347521,
                -0.00192 0.000737955535881 -0.000397178074855,
                -0.00192 0.000731315626069 -0.000391803026362,
                -0.00192 0.000725687634589 -0.000385376109486,
                -0.00192 0.000721235852754 -0.000378084937624,
                -0.00192 0.000718090236174 -0.00037014235335,
                -0.00192 0.000716342611121 -0.000361780215149,
                -0.00192 0.000716043993951 -0.000353242629049,
                -0.00192 0.00071720310184 -0.000344778822723,
                -0.000802349056257 0.00142 -0.000690161106603,
                -0.000876807257958 0.00142 -0.000651503793071,
                -0.000943753862365 0.00142 -0.000600941318365,
                -0.00100130407843 0.00142 -0.000539897200538,
                -0.00104783765769 0.00142 -0.000470090054119,
                -0.0010820445102 0.00142 -0.00039348520485,
                -0.00110296158831 0.00142 -0.000312239358598,
                -0.000802349056257 0.00132 -0.000690161106603,
                -0.000876807257958 0.00132 -0.000651503793071,
                -0.000943753862365 0.00132 -0.000600941318365,
                -0.00100130407843 0.00132 -0.000539897200538,
                -0.00104783765769 0.00132 -0.000470090054119,
                -0.0010820445102 0.00132 -0.00039348520485,
                -0.00110296158831 0.00132 -0.000312239358598,
                -9.73547638404e-05 0.00132 -0.000854471795882,
                -9.73547638404e-05 0.00142 -0.000854471795882,
                0.00110296158831 0.00142 -0.000312239358598,
                0.0010820445102 0.00142 -0.00039348520485,
                0.00104783765769 0.00142 -0.000470090054119,
                0.00100130407843 0.00142 -0.000539897200538,
                0.000943753862365 0.00142 -0.000600941318365,
                0.000876807257958 0.00142 -0.000651503793071,
                0.000802349056257 0.00142 -0.000690161106603,
                0.00110296158831 0.00132 -0.000312239358598,
                0.0010820445102 0.00132 -0.00039348520485,
                0.00104783765769 0.00132 -0.000470090054119,
                0.00100130407843 0.00132 -0.000539897200538,
                0.000943753862365 0.00132 -0.000600941318365,
                0.000876807257958 0.00132 -0.000651503793071,
                0.000802349056257 0.00132 -0.000690161106603,
                0.000802349056257 0.00142 0.000690161106603,
                0.000876807257958 0.00142 0.000651503793071,
                0.000943753862365 0.00142 0.000600941318365,
                0.00100130407843 0.00142 0.000539897200538,
                0.00104783765769 0.00142 0.000470090054119,
                0.0010820445102 0.00142 0.00039348520485,
                0.00110296158831 0.00142 0.000312239358598,
                0.000802349056257 0.00132 0.000690161106603,
                0.000876807257958 0.00132 0.000651503793071,
                0.000943753862365 0.00132 0.000600941318365,
                0.00100130407843 0.00132 0.000539897200538,
                0.00104783765769 0.00132 0.000470090054119,
                0.0010820445102 0.00132 0.00039348520485,
                0.00110296158831 0.00132 0.000312239358598,
                -6.49806134933e-05 0.00142 0.000857541555769,
                6.49806134933e-05 0.00142 0.000857541555769,
                -6.49806134933e-05 0.00132 0.000857541555769,
                6.49806134933e-05 0.00132 0.000857541555769,
                -0.00110296158831 0.00142 0.000312239358598,
                -0.0010820445102 0.00142 0.00039348520485,
                -0.00104783765769 0.00142 0.000470090054119,
                -0.00100130407843 0.00142 0.000539897200538,
                -0.000943753862365 0.00142 0.000600941318365,
                -0.000876807257958 0.00142 0.000651503793071,
                -0.000802349056257 0.00142 0.000690161106603,
                -0.00110296158831 0.00132 0.000312239358598,
                -0.0010820445102 0.00132 0.00039348520485,
                -0.00104783765769 0.00132 0.000470090054119,
                -0.00100130407843 0.00132 0.000539897200538,
                -0.000943753862365 0.00132 0.000600941318365,
                -0.000876807257958 0.00132 0.000651503793071,
                -0.000802349056257 0.00132 0.000690161106603,
                -7.04192925956e-05 0.00101999999998 0.000401664369401,
                -0.000138722782689 0.00101999999998 0.00038346985798,
                -0.000202858238713 0.00101999999998 0.000353753695956,
                -0.00026089866093 0.00101999999998 0.000313408728566,
                -0.000311100179641 0.00101999999998 0.000263647151784,
                -0.000351954451111 0.00101999999998 0.000205964090947,
                -0.000382233976928 0.00101999999998 0.000142092678553,
                -0.00040102898515 0.00101999999998 7.39519809439e-05,
                -0.000407774765116 0.00101999999998 3.58933845895e-06,
                -0.000402268634612 0.00101999999998 -6.68811484961e-05,
                -0.000384676029616 0.00101999999998 -0.000135342139245,
                -0.000355525533651 0.00101999999998 -0.000199736669989,
                -0.000315692996077 0.00101999999998 -0.000258129956891,
                -0.000266375216513 0.00101999999998 -0.000308767528157,
                -0.000209053986065 0.00101999999998 -0.000350127938512,
                -0.000145451565754 0.00101999999998 -0.000380968482208,
                -7.74789398452e-05 0.00101999999998 -0.000400362531085,
                0.0014575742631 0.00107 0.000998025007892,
                0.00147946261863 0.00107 0.000992160040702,
                0.0015 0.00107 0.000982583302492,
                0.00151856238926 0.00107 0.000969585777605,
                0.00153458577761 0.00107 0.000953562389259,
                0.00154758330249 0.00107 0.000935,
                0.0015571600407 0.00107 0.000914462618632,
                0.00156302500789 0.00107 0.000892574263097,
                -0.00156302500789 0.00107 0.000892574263097,
                -0.0015571600407 0.00107 0.000914462618632,
                -0.00154758330249 0.00107 0.000935,
                -0.00153458577761 0.00107 0.000953562389259,
                -0.00151856238926 0.00107 0.000969585777605,
                -0.0015 0.00107 0.000982583302492,
                -0.00147946261863 0.00107 0.000992160040702,
                -0.0014575742631 0.00107 0.000998025007892,
                -0.00154017220927 0.00107 -0.00045756431969,
                -0.00155083084814 0.00107 -0.000440171001858,
                -0.00155863734712 0.00107 -0.00042132444616,
                -0.00156339948428 0.00107 -0.000401488717347,
                -0.000966488717347 0.00107 -0.000998399484277,
                -0.00098632444616 0.00107 -0.000993637347118,
                -0.00100517100186 0.00107 -0.000985830848144,
                -0.00102256431969 0.00107 -0.000975172209269,
                0.00102256431969 0.00107 -0.000975172209269,
                0.00100517100186 0.00107 -0.000985830848144,
                0.00098632444616 0.00107 -0.000993637347118,
                0.000966488717347 0.00107 -0.000998399484277,
                0.00156339948428 0.00107 -0.000401488717347,
                0.00155863734712 0.00107 -0.00042132444616,
                0.00155083084814 0.00107 -0.000440171001858,
                0.00154017220927 0.00107 -0.00045756431969,
                0.00202 0.000753471904855 0.000404180223279,
                0.00202 0.000745413532978 0.000401344347521,
                0.00202 0.000737955535881 0.000397178074855,
                0.00202 0.000731315626069 0.000391803026362,
                0.00202 0.000725687634589 0.000385376109486,
                0.00202 0.000721235852754 0.000378084937624,
                0.00202 0.000718090236174 0.00037014235335,
                0.00202 0.000716342611121 0.000361780215149,
                0.00202 0.000716043993951 0.000353242629049,
                0.00202 0.00071720310184 0.000344778822723,
                0.00192059955644 0.000692654161159 -0.000852621082621,
                0.0019223795856 0.000681897891503 -0.000851908831909,
                0.00192531212729 0.000671397127721 -0.000851196581197,
                0.00192531212729 0.000671397127721 0.000851196581197,
                0.0019223795856 0.000681897891503 0.000851908831909,
                0.00192059955644 0.000692654161159 0.000852621082621,
                0.00202 0.000753471904855 -0.000404180223279,
                0.00202 0.000745413532978 -0.000401344347521,
                0.00202 0.000737955535881 -0.000397178074855,
                0.00202 0.000731315626069 -0.000391803026362,
                0.00202 0.000725687634589 -0.000385376109486,
                0.00202 0.000721235852754 -0.000378084937624,
                0.00202 0.000718090236174 -0.00037014235335,
                0.00202 0.000716342611121 -0.000361780215149,
                0.00202 0.000716043993951 -0.000353242629049,
                0.00202 0.00071720310184 -0.000344778822723,
                -0.00202 0.000753471904855 -0.000404180223279,
                -0.00202 0.000745413532978 -0.000401344347521,
                -0.00202 0.000737955535881 -0.000397178074855,
                -0.00202 0.000731315626069 -0.000391803026362,
                -0.00202 0.000725687634589 -0.000385376109486,
                -0.00202 0.000721235852754 -0.000378084937624,
                -0.00202 0.000718090236174 -0.00037014235335,
                -0.00202 0.000716342611121 -0.000361780215149,
                -0.00202 0.000716043993951 -0.000353242629049,
                -0.00202 0.00071720310184 -0.000344778822723,
                -0.00192059955644 0.000692654161159 0.000852621082621,
                -0.0019223795856 0.000681897891503 0.000851908831909,
                -0.00192531212729 0.000671397127721 0.000851196581197,
                -0.00192531212729 0.000671397127721 -0.000851196581197,
                -0.0019223795856 0.000681897891503 -0.000851908831909,
                -0.00192059955644 0.000692654161159 -0.000852621082621,
                -0.00202 0.000753471904855 0.000404180223279,
                -0.00202 0.000745413532978 0.000401344347521,
                -0.00202 0.000737955535881 0.000397178074855,
                -0.00202 0.000731315626069 0.000391803026362,
                -0.00202 0.000725687634589 0.000385376109486,
                -0.00202 0.000721235852754 0.000378084937624,
                -0.00202 0.000718090236174 0.00037014235335,
                -0.00202 0.000716342611121 0.000361780215149,
                -0.00202 0.000716043993951 0.000353242629049,
                -0.00202 0.00071720310184 0.000344778822723,
                0.000747349056257 0.00132000000002 -0.000646412131184,
                0.000821807257957 0.00132000000002 -0.000607754817652,
                0.000888753862364 0.00132000000002 -0.000557192342947,
                0.000946304078425 0.00132000000002 -0.00049614822512,
                0.000992837657686 0.00132000000002 -0.000426341078701,
                0.00102704451019 0.00132000000002 -0.000349736229433,
                0.00104796158831 0.00132000000002 -0.000268490383181,
                0.00104796158831 0.00132000000002 0.000268490383178,
                0.0010270445102 0.00132000000002 0.00034973622943,
                0.000992837657687 0.00132000000002 0.000426341078699,
                0.000946304078426 0.00132000000002 0.000496148225118,
                0.000888753862365 0.00132000000002 0.000557192342946,
                0.000821807257958 0.00132000000002 0.000607754817652,
                0.000747349056257 0.00132000000002 0.000646412131184,
                6.08248765838e-05 0.00132000000002 0.000802698781855,
                -6.08248765841e-05 0.00132000000002 0.000802698781855,
                -0.000747349056256 0.00132000000002 0.000646412131185,
                -0.000821807257957 0.00132000000002 0.000607754817653,
                -0.000888753862364 0.00132000000002 0.000557192342948,
                -0.000946304078425 0.00132000000002 0.00049614822512,
                -0.000992837657686 0.00132000000002 0.000426341078702,
                -0.0010270445102 0.00132000000002 0.000349736229433,
                -0.00104796158831 0.00132000000002 0.000268490383181,
                -0.00104796158831 0.00132000000002 -0.000268490383181,
                -0.0010270445102 0.00132000000002 -0.000349736229433,
                -0.000992837657686 0.00132000000002 -0.000426341078702,
                -0.000946304078425 0.00132000000002 -0.00049614822512,
                -0.000888753862364 0.00132000000002 -0.000557192342947,
                -0.000821807257957 0.00132000000002 -0.000607754817653,
                -0.000747349056257 0.00132000000002 -0.000646412131185,
                9.11285870834e-05 0.00132000000002 -0.000799825343822,
                -5.54607480825e-05 0.00107 -0.000491310166369,
                -0.000101260244843 0.00107 -0.000483995102378,
                -0.000145505202227 0.00107 -0.000472631453317,
                -0.000190731401472 0.00107 -0.000456115049871,
                -0.000236519758726 0.00107 -0.000434215705743,
                -0.000279340195135 0.00107 -0.000408054221411,
                -0.000319224021822 0.00107 -0.000377604200796,
                -0.000356202549913 0.00107 -0.000342839247818,
                -0.000389532632546 0.00107 -0.000304539407955,
                -0.000418450248773 0.00107 -0.000263502324071,
                -0.000443157678582 0.00107 -0.000219134292265,
                -0.000462811077179 0.00107 -0.000173853551275,
                -0.000477230717101 0.00107 -0.000129304277272,
                -0.000487285090378 0.00107 -8.40726391178e-05,
                -0.00049297733909 0.00107 -3.80895397964e-05,
                -0.000494310605315 0.00107 8.71411770575e-06,
                -0.000491308572124 0.00107 5.54718546149e-05,
                -0.000483992827866 0.00107 0.000101271127481,
                -0.000472627938596 0.00107 0.000145516440796,
                -0.000456110300719 0.00107 0.0001907427553,
                -0.000434209860053 0.00107 0.000236530470273,
                -0.000408047229186 0.00107 0.000279350312649,
                -0.000377596153786 0.00107 0.000319233458288,
                -0.00034283037952 0.00107 0.000356211083051,
                -0.000304529882368 0.00107 0.000389540106126,
                -0.000263492141195 0.00107 0.000418456662797,
                -0.000219106039205 0.00107 0.000443169873272,
                -0.000173865346649 0.00107 0.000462806216541,
                -0.000129359138929 0.00107 0.000477193206952,
                -8.40836498443e-05 0.00107 0.000487240910891,
                -3.80569475606e-05 0.00107 0.000492949194586,
                0.0019528417645 0.000610940958827 -0.000834621680854,
                0.00197226198706 0.00056929415715 -0.000811917052053,
                0.00198976538326 0.000531758002853 -0.000781721530117,
                0.00200484102873 0.000499428176822 -0.000744916522771,
                0.00201704886514 0.000473248387147 -0.000702576368712,
                0.00202603254559 0.000453982822268 -0.000655936977648,
                0.00203152983629 0.000442193844303 -0.000606359754082,
                0.00203229560392 0.000440551650316 -0.000420515852548,
                0.00202906016085 0.000447490080381 -0.000382027996683,
                0.00197730781239 0.000558473349815 -7.00336091567e-05,
                0.00197419555684 0.000565147603372 -2.35377287183e-05,
                0.00197419555684 0.000565147603372 2.35377287183e-05,
                0.00197730781239 0.000558473349815 7.00336091567e-05,
                0.00202906016085 0.000447490080381 0.000382027996683,
                0.00203229560392 0.000440551650316 0.000420515852548,
                0.00203152983629 0.000442193844303 0.000606359754082,
                0.00202603254559 0.000453982822269 0.000655936977648,
                0.00201704886514 0.000473248387147 0.000702576368712,
                0.00200484102873 0.000499428176822 0.000744916522771,
                0.00198976538326 0.000531758002853 0.000781721530117,
                0.00197226198706 0.000569294157151 0.000811917052053,
                0.0019528417645 0.000610940958827 0.000834621680854,
                -0.0019528417645 0.000610940958827 0.000834621680854,
                -0.00197226198706 0.00056929415715 0.000811917052053,
                -0.00198976538326 0.000531758002853 0.000781721530117,
                -0.00200484102873 0.000499428176822 0.000744916522771,
                -0.00201704886514 0.000473248387147 0.000702576368712,
                -0.00202603254559 0.000453982822268 0.000655936977648,
                -0.00203152983629 0.000442193844303 0.000606359754082,
                -0.00203229560392 0.000440551650316 0.000420515852548,
                -0.00202906016085 0.000447490080381 0.000382027996683,
                -0.00197812482994 0.000556721250013 7.76457135306e-05,
                -0.00197488938687 0.000563659680078 3.9157857666e-05,
                -0.00197488938687 0.000563659680078 -3.9157857666e-05,
                -0.00197812482994 0.000556721250013 -7.76457135306e-05,
                -0.00202906016085 0.000447490080381 -0.000382027996683,
                -0.00203229560392 0.000440551650316 -0.000420515852548,
                -0.00203152983629 0.000442193844303 -0.000606359754082,
                -0.00202603254559 0.000453982822269 -0.000655936977648,
                -0.00201704886514 0.000473248387147 -0.000702576368712,
                -0.00200484102873 0.000499428176822 -0.000744916522771,
                -0.00198976538326 0.000531758002853 -0.000781721530117,
                -0.00197226198706 0.000569294157151 -0.000811917052053,
                -0.0019528417645 0.000610940958827 -0.000834621680854,
                0.000737162953941 0.00182523359564 -0.000621971655603,
                0.000807678121683 0.00182523359564 -0.000585361491968,
                0.000871079478842 0.00182523359564 -0.000537476620942,
                0.000925582046006 0.00182523359564 -0.000479665176266,
                0.000969651377152 0.00182523359564 -0.000413554760935,
                0.0010020467599 0.00182523359564 -0.000341006624227,
                0.00102185614608 0.00182523359564 -0.000264063260757,
                8.81311730586e-05 0.00182523359564 -0.000773517378559,
                -0.00102185614608 0.00182523359564 -0.000264063260759,
                -0.0010020467599 0.00182523359564 -0.000341006624229,
                -0.000969651377151 0.00182523359564 -0.000413554760936,
                -0.000925582046006 0.00182523359564 -0.000479665176268,
                -0.000871079478842 0.00182523359564 -0.000537476620943,
                -0.000807678121682 0.00182523359564 -0.00058536149197,
                -0.00073716295394 0.00182523359564 -0.000621971655604,
                -0.00073716295394 0.00182523359564 0.000621971655604,
                -0.000807678121682 0.00182523359564 0.00058536149197,
                -0.000871079478842 0.00182523359564 0.000537476620943,
                -0.000925582046006 0.00182523359564 0.000479665176268,
                -0.000969651377151 0.00182523359564 0.000413554760936,
                -0.0010020467599 0.00182523359564 0.000341006624229,
                -0.00102185614608 0.00182523359564 0.000264063260759,
                5.88242163738e-05 0.00182523359564 0.000776296303073,
                -5.88242163747e-05 0.00182523359564 0.000776296303073,
                0.00102185614608 0.00182523359564 0.000264063260755,
                0.0010020467599 0.00182523359564 0.000341006624225,
                0.000969651377152 0.00182523359564 0.000413554760933,
                0.000925582046007 0.00182523359564 0.000479665176266,
                0.000871079478843 0.00182523359564 0.000537476620941,
                0.000807678121683 0.00182523359564 0.000585361491968,
                0.000737162953941 0.00182523359564 0.000621971655603,
                0.00102622510378 0.00184192786242 -0.000184890906794,
                0.00102115775608 0.00185799943605 -0.000184890906794,
                0.00101346368537 0.00187299192643 -0.000184890906794,
                0.00100336138288 0.00188647958656 -0.000184890906794,
                0.000991137727212 0.00189807940267 -0.000184890906794,
                0.000977139837782 0.00190746197071 -0.000184890906794,
                0.000961765217546 0.00191436085064 -0.000184890906794,
                0.000945450464963 0.00191858013254 -0.000184890906794,
                0.000945450464963 0.00191858013254 0.000184890906802,
                0.000961765217546 0.00191436085064 0.000184890906802,
                0.000977139837782 0.00190746197071 0.000184890906802,
                0.000991137727212 0.00189807940267 0.000184890906802,
                0.00100336138288 0.00188647958656 0.000184890906802,
                0.00101346368537 0.00187299192643 0.000184890906802,
                0.00102115775608 0.00185799943605 0.000184890906802,
                0.00102622510378 0.00184192786242 0.000184890906802,
                0.000661002583923 0.00184192786252 -0.000644038541676,
                0.000659862678712 0.00185799943613 -0.000639101069757,
                0.000658131889394 0.00187299192649 -0.000631604197582,
                0.000655859365797 0.00188647958661 -0.000621760816447,
                0.000653109641567 0.0018980794027 -0.000609850452282,
                0.000649960801582 0.00190746197073 -0.000596211327858,
                0.000646502264552 0.00191436085065 -0.000581230758152,
                0.00064283224376 0.00191858013254 -0.000565334151632,
                0.000695860262615 0.00192 -0.000530982429162,
                0.000751297857564 0.00192 -0.00050283446555,
                0.000802696470689 0.00192 -0.00046465404562,
                0.000826047187116 0.00192 -0.000442095840249,
                0.000847428484049 0.00192 -0.000417499026071,
                0.000866585138185 0.00192 -0.00039113265111,
                0.000883312409934 0.00192 -0.00036330591995,
                0.000908952095959 0.00192 -0.00030463592423,
                0.000923907883654 0.00192 -0.000244287277155,
                0.000174612655505 0.00184192786242 -0.000756330504654,
                0.000173472750296 0.00185799943605 -0.000751393032746,
                0.00017174196098 0.00187299192643 -0.000743896160578,
                0.000169469437383 0.00188647958656 -0.000734052779445,
                0.000166719713152 0.00189807940267 -0.000722142415278,
                0.000163570873166 0.00190746197071 -0.000708503290847,
                0.000160112336134 0.00191436085064 -0.000693522721132,
                0.000156442315339 0.00191858013254 -0.000677626114601,
                -0.0001746126555 0.00184192786247 -0.000756330504645,
                -0.000173472750291 0.00185799943609 -0.000751393032732,
                -0.000171741960974 0.00187299192645 -0.000743896160561,
                -0.000169469437377 0.00188647958658 -0.000734052779427,
                -0.000166719713146 0.00189807940268 -0.000722142415261,
                -0.000163570873161 0.00190746197072 -0.000708503290834,
                -0.00016011233613 0.00191436085064 -0.000693522721122,
                -0.000156442315336 0.00191858013254 -0.000677626114596,
                -7.70732835449e-05 0.00192 -0.000674268180036,
                1.1374982031e-16 0.00192 -0.000678658875759,
                7.70732835453e-05 0.00192 -0.000674268180036,
                -0.000661002583928 0.00184192786242 -0.000644038541697,
                -0.00065986267872 0.00185799943605 -0.00063910106979,
                -0.000658131889403 0.00187299192643 -0.000631604197621,
                -0.000655859365806 0.00188647958656 -0.000621760816488,
                -0.000653109641575 0.00189807940267 -0.000609850452321,
                -0.00064996080159 0.00190746197071 -0.000596211327891,
                -0.000646502264558 0.00191436085064 -0.000581230758175,
                -0.000642832243763 0.00191858013254 -0.000565334151644,
                -0.00102622510376 0.0018419278625 -0.000184890906794,
                -0.00102115775605 0.00185799943612 -0.000184890906794,
                -0.00101346368534 0.00187299192648 -0.000184890906795,
                -0.00100336138285 0.0018864795866 -0.000184890906795,
                -0.00099113772718 0.00189807940269 -0.000184890906795,
                -0.000977139837755 0.00190746197073 -0.000184890906795,
                -0.000961765217527 0.00191436085065 -0.000184890906795,
                -0.000945450464953 0.00191858013254 -0.000184890906796,
                -0.000923907883655 0.00192 -0.000244287277153,
                -0.000908952095961 0.00192 -0.000304635924228,
                -0.000883312409936 0.00192 -0.000363305919948,
                -0.000866585138187 0.00192 -0.000391132651108,
                -0.000847428484051 0.00192 -0.000417499026069,
                -0.000826047187118 0.00192 -0.000442095840248,
                -0.000802696470691 0.00192 -0.000464654045619,
                -0.000751297857565 0.00192 -0.000502834465549,
                -0.000695860262615 0.00192 -0.000530982429162,
                -0.00102622510378 0.00184192786242 0.000184890906794,
                -0.00102115775608 0.00185799943605 0.000184890906794,
                -0.00101346368537 0.00187299192643 0.000184890906794,
                -0.00100336138288 0.00188647958656 0.000184890906794,
                -0.000991137727212 0.00189807940267 0.000184890906794,
                -0.000977139837782 0.00190746197071 0.000184890906794,
                -0.000961765217546 0.00191436085064 0.000184890906794,
                -0.000945450464963 0.00191858013254 0.000184890906794,
                -0.000661002583923 0.00184192786252 0.000644038541676,
                -0.000659862678712 0.00185799943613 0.000639101069757,
                -0.000658131889394 0.00187299192649 0.000631604197582,
                -0.000655859365797 0.00188647958661 0.000621760816447,
                -0.000653109641567 0.0018980794027 0.000609850452282,
                -0.000649960801582 0.00190746197073 0.000596211327858,
                -0.000646502264552 0.00191436085065 0.000581230758152,
                -0.00064283224376 0.00191858013254 0.000565334151632,
                -0.000695860262615 0.00192 0.000530982429162,
                -0.000751297857564 0.00192 0.00050283446555,
                -0.000802696470689 0.00192 0.00046465404562,
                -0.000826047187116 0.00192 0.000442095840249,
                -0.000847428484049 0.00192 0.000417499026071,
                -0.000866585138185 0.00192 0.00039113265111,
                -0.000883312409934 0.00192 0.00036330591995,
                -0.000908952095959 0.00192 0.00030463592423,
                -0.000923907883654 0.00192 0.000244287277155,
                -0.000174612655505 0.00184192786242 0.000756330504654,
                -0.000173472750296 0.00185799943605 0.000751393032746,
                -0.00017174196098 0.00187299192643 0.000743896160578,
                -0.000169469437383 0.00188647958656 0.000734052779445,
                -0.000166719713152 0.00189807940267 0.000722142415278,
                -0.000163570873166 0.00190746197071 0.000708503290847,
                -0.000160112336134 0.00191436085064 0.000693522721132,
                -0.000156442315339 0.00191858013254 0.000677626114601,
                0.0001746126555 0.00184192786247 0.000756330504645,
                0.000173472750291 0.00185799943609 0.000751393032732,
                0.000171741960974 0.00187299192645 0.000743896160561,
                0.000169469437377 0.00188647958658 0.000734052779427,
                0.000166719713146 0.00189807940268 0.000722142415261,
                0.000163570873161 0.00190746197072 0.000708503290834,
                0.00016011233613 0.00191436085064 0.000693522721122,
                0.000156442315336 0.00191858013254 0.000677626114596,
                7.70732835449e-05 0.00192 0.000674268180036,
                -1.1374982031e-16 0.00192 0.000678658875759,
                -7.70732835453e-05 0.00192 0.000674268180036,
                0.000661002583928 0.00184192786242 0.000644038541697,
                0.00065986267872 0.00185799943605 0.00063910106979,
                0.000658131889403 0.00187299192643 0.000631604197621,
                0.000655859365806 0.00188647958656 0.000621760816488,
                0.000653109641575 0.00189807940267 0.000609850452321,
                0.00064996080159 0.00190746197071 0.000596211327891,
                0.000646502264558 0.00191436085064 0.000581230758175,
                0.000642832243763 0.00191858013254 0.000565334151644,
                0.000923907883655 0.00192 0.000244287277155,
                0.000908952095961 0.00192 0.00030463592423,
                0.000883312409936 0.00192 0.000363305919949,
                0.000866585138187 0.00192 0.000391132651109,
                0.000847428484051 0.00192 0.00041749902607,
                0.000826047187118 0.00192 0.000442095840248,
                0.000802696470691 0.00192 0.000464654045619,
                0.000751297857565 0.00192 0.000502834465549,
                0.000695860262615 0.00192 0.000530982429162,
                0.00123373266888 0.000163379765549 9.56803239232e-05,
                0.0012553220753 0.000163379765549 0.000131008443526,
                0.00128642910299 0.000163379765549 0.000164508319496,
                0.00132724827959 0.000163379765549 0.000192659475773,
                0.00137625294625 0.000163379765549 0.000211629024157,
                0.00143 0.000163379765549 0.000218347405876,
                0.00148374705375 0.000163379765549 0.000211629024157,
                0.00153275172041 0.000163379765549 0.000192659475773,
                0.00157357089701 0.000163379765549 0.000164508319496,
                0.0016046779247 0.000163379765549 0.000131008443526,
                0.00162626733112 0.000163379765549 9.56803239232e-05,
                0.00163961350964 0.000163379765549 6.11372736453e-05,
                0.00157738517457 0.000248443556293 4.29873425833e-05,
                0.00153862372329 0.000347475730245 3.16819192939e-05,
                0.00153170760608 0.000347475730245 4.9582457964e-05,
                0.00152051976941 0.000347475730245 6.78898270584e-05,
                0.00150439981047 0.000347475730245 8.52497828359e-05,
                0.00148324692318 0.000347475730245 9.98379809682e-05,
                0.00145785223674 0.000347475730245 0.000109668182171,
                0.00143 0.000347475730245 0.000113149711764,
                0.00140214776326 0.000347475730245 0.000109668182171,
                0.00137675307682 0.000347475730245 9.98379809682e-05,
                0.00135560018953 0.000347475730245 8.52497828359e-05,
                0.00133948023059 0.000347475730245 6.78898270584e-05,
                0.00132829239392 0.000347475730245 4.9582457964e-05,
                0.00132137627671 0.000347475730245 3.16819192939e-05,
                0.00128261482543 0.000248443556293 4.29873425833e-05,
                0.00122038649036 0.000163379765549 6.11372736453e-05,
                0.00156800109979 0.000248443556293 6.72755361457e-05,
                0.00155282097881 0.000248443556293 9.21157341072e-05,
                0.00153094874971 0.000248443556293 0.000115670442372,
                0.00150224763459 0.000248443556293 0.000135464314863,
                0.0014677910704 0.000248443556293 0.000148802339712,
                0.00143 0.000248443556293 0.000153526223512,
                0.0013922089296 0.000248443556293 0.000148802339712,
                0.00135775236541 0.000248443556293 0.000135464314863,
                0.00132905125029 0.000248443556293 0.000115670442372,
                0.00130717902119 0.000248443556293 9.21157341072e-05,
                0.00129199890021 0.000248443556293 6.72755361457e-05,
                -0.00132829239392 0.000347475730245 4.9582457964e-05,
                -0.00133948023059 0.000347475730245 6.78898270584e-05,
                -0.00135560018953 0.000347475730245 8.52497828359e-05,
                -0.00137675307682 0.000347475730245 9.98379809682e-05,
                -0.00140214776326 0.000347475730245 0.000109668182171,
                -0.00143 0.000347475730245 0.000113149711764,
                -0.00145785223674 0.000347475730245 0.000109668182171,
                -0.00148324692318 0.000347475730245 9.98379809682e-05,
                -0.00150439981047 0.000347475730245 8.52497828359e-05,
                -0.00152051976941 0.000347475730245 6.78898270584e-05,
                -0.00153170760608 0.000347475730245 4.9582457964e-05,
                -0.00153862372329 0.000347475730245 3.16819192939e-05,
                -0.00157738517457 0.000248443556293 4.29873425833e-05,
                -0.00163961350964 0.000163379765549 6.11372736453e-05,
                -0.00162626733112 0.000163379765549 9.56803239232e-05,
                -0.0016046779247 0.000163379765549 0.000131008443526,
                -0.00157357089701 0.000163379765549 0.000164508319496,
                -0.00153275172041 0.000163379765549 0.000192659475773,
                -0.00148374705375 0.000163379765549 0.000211629024157,
                -0.00143 0.000163379765549 0.000218347405876,
                -0.00137625294625 0.000163379765549 0.000211629024157,
                -0.00132724827959 0.000163379765549 0.000192659475773,
                -0.00128642910299 0.000163379765549 0.000164508319496,
                -0.0012553220753 0.000163379765549 0.000131008443526,
                -0.00123373266888 0.000163379765549 9.56803239232e-05,
                -0.00122038649036 0.000163379765549 6.11372736453e-05,
                -0.00128261482543 0.000248443556293 4.29873425833e-05,
                -0.00132137627671 0.000347475730245 3.16819192939e-05,
                -0.00156800109979 0.000248443556293 6.72755361457e-05,
                -0.00155282097881 0.000248443556293 9.21157341072e-05,
                -0.00153094874971 0.000248443556293 0.000115670442372,
                -0.00150224763459 0.000248443556293 0.000135464314863,
                -0.0014677910704 0.000248443556293 0.000148802339712,
                -0.00143 0.000248443556293 0.000153526223512,
                -0.0013922089296 0.000248443556293 0.000148802339712,
                -0.00135775236541 0.000248443556293 0.000135464314863,
                -0.00132905125029 0.000248443556293 0.000115670442372,
                -0.00130717902119 0.000248443556293 9.21157341072e-05,
                -0.00129199890021 0.000248443556293 6.72755361457e-05,
                0.000162741836643 0.00104038727247 0.00039083142134,
                0.000237868783764 0.00104038727247 0.0003502178565,
                0.000304584386187 0.00104038727247 0.000294044991441,
                0.00035837399324 0.00104038727247 0.000225393403342,
                0.00039631785641 0.00104038727247 0.000148883383865,
                0.000417584215663 0.00104038727247 6.96959692493e-05,
                0.000423294892332 0.00104038727247 -7.45247787747e-06,
                0.000414872064415 0.00104038727247 -8.43520922587e-05,
                0.000390831421045 0.00104038727247 -0.000162741837351,
                0.000350217856069 0.00104038727247 -0.000237868784398,
                0.00029404499089 0.00104038727247 -0.000304584386719,
                0.000225393402692 0.00104038727247 -0.000358373993648,
                0.000148883383147 0.00104038727247 -0.00039631785668,
                6.9695968493e-05 0.00104038727247 -0.000417584215789,
                7.31584873171e-05 0.00105660258554 -0.00043832993809,
                7.72015654186e-05 0.0010667097273 -0.000462554088136,
                0.000164916716021 0.0010667097273 -0.000438997543195,
                0.000249666141373 0.0010667097273 -0.000396967484822,
                0.000325710856611 0.0010667097273 -0.000337385245736,
                0.000387933008331 0.0010667097273 -0.00026348500375,
                0.000432920270309 0.0010667097273 -0.00018026759473,
                0.000459549863698 0.0010667097273 -9.343601516e-05,
                0.000468879750555 0.0010667097273 -8.25503929177e-06,
                0.000462554087996 0.0010667097273 7.72015662563e-05,
                0.000438997542896 0.0010667097273 0.000164916716816,
                0.00039696748437 0.0010667097273 0.000249666142092,
                0.000337385245146 0.0010667097273 0.000325710857222,
                0.000263485003047 0.0010667097273 0.000387933008808,
                0.000180267593946 0.0010667097273 0.000432920270635,
                9.34360143276e-05 0.0010667097273 0.000459549863868,
                8.85427313823e-05 0.00105660258554 0.000435483046296,
                8.43520915073e-05 0.00104038727247 0.000414872064568,
                0.000156279958988 0.00105660258554 -0.000416007059208,
                0.000236591021673 0.00105660258554 -0.00037617813248,
                0.000308653243535 0.00105660258554 -0.000319716240044,
                0.000367616795281 0.00105660258554 -0.000249686184478,
                0.000410248055632 0.00105660258554 -0.000170826905792,
                0.000435483046136 0.00105660258554 -8.8542732171e-05,
                0.000444324322936 0.00105660258554 -7.82271944947e-06,
                0.000438329937957 0.00105660258554 7.3158488111e-05,
                0.000416007058925 0.00105660258554 0.000156279959741,
                0.000376178132051 0.00105660258554 0.000236591022354,
                0.000319716239485 0.00105660258554 0.000308653244114,
                0.000249686183812 0.00105660258554 0.000367616795734,
                0.000170826905049 0.00105660258554 0.000410248055941,
                0.00162626733112 0.000163379765549 -9.56803239232e-05,
                0.0016046779247 0.000163379765549 -0.000131008443526,
                0.00157357089701 0.000163379765549 -0.000164508319496,
                0.00153275172041 0.000163379765549 -0.000192659475773,
                0.00148374705375 0.000163379765549 -0.000211629024157,
                0.00143 0.000163379765549 -0.000218347405876,
                0.00137625294625 0.000163379765549 -0.000211629024157,
                0.00132724827959 0.000163379765549 -0.000192659475773,
                0.00128642910299 0.000163379765549 -0.000164508319496,
                0.0012553220753 0.000163379765549 -0.000131008443526,
                0.00123373266888 0.000163379765549 -9.56803239232e-05,
                0.00122038649036 0.000163379765549 -6.11372736453e-05,
                0.00128261482543 0.000248443556293 -4.29873425833e-05,
                0.00132137627671 0.000347475730245 -3.16819192939e-05,
                0.00132829239392 0.000347475730245 -4.9582457964e-05,
                0.00133948023059 0.000347475730245 -6.78898270584e-05,
                0.00135560018953 0.000347475730245 -8.52497828359e-05,
                0.00137675307682 0.000347475730245 -9.98379809682e-05,
                0.00140214776326 0.000347475730245 -0.000109668182171,
                0.00143 0.000347475730245 -0.000113149711764,
                0.00145785223674 0.000347475730245 -0.000109668182171,
                0.00148324692318 0.000347475730245 -9.98379809682e-05,
                0.00150439981047 0.000347475730245 -8.52497828359e-05,
                0.00152051976941 0.000347475730245 -6.78898270584e-05,
                0.00153170760608 0.000347475730245 -4.9582457964e-05,
                0.00153862372329 0.000347475730245 -3.16819192939e-05,
                0.00157738517457 0.000248443556293 -4.29873425833e-05,
                0.00163961350964 0.000163379765549 -6.11372736453e-05,
                0.00129199890021 0.000248443556293 -6.72755361457e-05,
                0.00130717902119 0.000248443556293 -9.21157341072e-05,
                0.00132905125029 0.000248443556293 -0.000115670442372,
                0.00135775236541 0.000248443556293 -0.000135464314863,
                0.0013922089296 0.000248443556293 -0.000148802339712,
                0.00143 0.000248443556293 -0.000153526223512,
                0.0014677910704 0.000248443556293 -0.000148802339712,
                0.00150224763459 0.000248443556293 -0.000135464314863,
                0.00153094874971 0.000248443556293 -0.000115670442372,
                0.00155282097881 0.000248443556293 -9.21157341072e-05,
                0.00156800109979 0.000248443556293 -6.72755361457e-05,
                -0.00153170760608 0.000347475730245 -4.9582457964e-05,
                -0.00152051976941 0.000347475730245 -6.78898270584e-05,
                -0.00150439981047 0.000347475730245 -8.52497828359e-05,
                -0.00148324692318 0.000347475730245 -9.98379809682e-05,
                -0.00145785223674 0.000347475730245 -0.000109668182171,
                -0.00143 0.000347475730245 -0.000113149711764,
                -0.00140214776326 0.000347475730245 -0.000109668182171,
                -0.00137675307682 0.000347475730245 -9.98379809682e-05,
                -0.00135560018953 0.000347475730245 -8.52497828359e-05,
                -0.00133948023059 0.000347475730245 -6.78898270584e-05,
                -0.00132829239392 0.000347475730245 -4.9582457964e-05,
                -0.00132137627671 0.000347475730245 -3.16819192939e-05,
                -0.00128261482543 0.000248443556293 -4.29873425833e-05,
                -0.00122038649036 0.000163379765549 -6.11372736453e-05,
                -0.00123373266888 0.000163379765549 -9.56803239232e-05,
                -0.0012553220753 0.000163379765549 -0.000131008443526,
                -0.00128642910299 0.000163379765549 -0.000164508319496,
                -0.00132724827959 0.000163379765549 -0.000192659475773,
                -0.00137625294625 0.000163379765549 -0.000211629024157,
                -0.00143 0.000163379765549 -0.000218347405876,
                -0.00148374705375 0.000163379765549 -0.000211629024157,
                -0.00153275172041 0.000163379765549 -0.000192659475773,
                -0.00157357089701 0.000163379765549 -0.000164508319496,
                -0.0016046779247 0.000163379765549 -0.000131008443526,
                -0.00162626733112 0.000163379765549 -9.56803239232e-05,
                -0.00163961350964 0.000163379765549 -6.11372736453e-05,
                -0.00157738517457 0.000248443556293 -4.29873425833e-05,
                -0.00153862372329 0.000347475730245 -3.16819192939e-05,
                -0.00129199890021 0.000248443556293 -6.72755361457e-05,
                -0.00130717902119 0.000248443556293 -9.21157341072e-05,
                -0.00132905125029 0.000248443556293 -0.000115670442372,
                -0.00135775236541 0.000248443556293 -0.000135464314863,
                -0.0013922089296 0.000248443556293 -0.000148802339712,
                -0.00143 0.000248443556293 -0.000153526223512,
                -0.0014677910704 0.000248443556293 -0.000148802339712,
                -0.00150224763459 0.000248443556293 -0.000135464314863,
                -0.00153094874971 0.000248443556293 -0.000115670442372,
                -0.00155282097881 0.000248443556293 -9.21157341072e-05,
                -0.00156800109979 0.000248443556293 -6.72755361457e-05,
                -0.000162741841728 0.00104038728529 -0.000390831432982,
                -0.000237868791068 0.00104038728529 -0.000350217866894,
                -0.000304584395453 0.00104038728529 -0.000294045000131,
                -0.000358374004081 0.00104038728529 -0.000225393409963,
                -0.000396317868353 0.00104038728529 -0.000148883388191,
                -0.000417584228214 0.00104038728529 -6.96959712072e-05,
                -0.000423294905029 0.00104038728529 7.45247822388e-06,
                -0.00041487207684 0.00104038728529 8.43520948979e-05,
                -0.000390831432734 0.00104038728529 0.000162741842323,
                -0.000350217866532 0.00104038728529 0.0002378687916,
                -0.000294044999668 0.00104038728529 0.0003045843959,
                -0.000225393409418 0.00104038728529 0.000358374004423,
                -0.000148883387589 0.00104038728529 0.00039631786858,
                -6.9695970572e-05 0.00104038728529 0.00041758422832,
                -7.31584925424e-05 0.00105660260391 0.000438329969475,
                -7.72015740244e-05 0.00106670974108 0.00046255413978,
                -0.000164916734405 0.00106670974108 0.000438997592217,
                -0.000249666169206 0.00106670974108 0.000396967529167,
                -0.000325710892926 0.00106670974108 0.00033738528345,
                -0.000387933051593 0.00106670974108 0.000263485033239,
                -0.000432920318601 0.00106670974108 0.000180267614954,
                -0.00045954991498 0.00106670974108 9.34360257117e-05,
                -0.0004688798029 0.00106670974108 8.25504034945e-06,
                -0.000462554139662 0.00106670974108 -7.72015747279e-05,
                -0.000438997591966 0.00106670974108 -0.000164916735073,
                -0.000396967528788 0.00106670974108 -0.000249666169809,
                -0.000337385282955 0.00106670974108 -0.000325710893439,
                -0.000263485032649 0.00106670974108 -0.000387933051993,
                -0.000180267614296 0.00106670974108 -0.000432920318876,
                -9.34360250127e-05 0.00106670974108 -0.000459549915122,
                -8.85427379619e-05 0.00105660260391 -0.000435483077427,
                -8.43520942669e-05 0.00104038728529 -0.000414872076969,
                -0.00015627997015 0.00105660260391 0.000416007089003,
                -0.000236591038573 0.00105660260391 0.000376178159438,
                -0.000308653265587 0.00105660260391 0.000319716262979,
                -0.000367616821555 0.00105660260391 0.000249686202424,
                -0.000410248084966 0.00105660260391 0.000170826918116,
                -0.000435483077292 0.00105660260391 8.85427386242e-05,
                -0.000444324354746 0.00105660260391 7.82272013847e-06,
                -0.000438329969364 0.00105660260391 -7.31584932091e-05,
                -0.000416007088765 0.00105660260391 -0.000156279970783,
                -0.000376178159078 0.00105660260391 -0.000236591039145,
                -0.00031971626251 0.00105660260391 -0.000308653266073,
                -0.000249686201864 0.00105660260391 -0.000367616821935,
                -0.000170826917492 0.00105660260391 -0.000410248085226,
                0.000867238834627 0.00184280716157 -0.000537552033511,
                0.000923626685787 0.00184280716157 -0.000478109812514,
                0.00096886089994 0.00184280716157 -0.000409795588039,
                0.00100118152874 0.00184280716157 -0.000335837929135,
                0.000995530602761 0.00186057392648 -0.000333926172607,
                0.000986444227694 0.00187751241389 -0.000330852174308,
                0.000974157169529 0.0018925374371 -0.000326695357578,
                0.000959301016819 0.001904704469 -0.000321669394219,
                0.000942802310918 0.00191339710294 -0.000316087741086,
                0.000925699883659 0.00191842463595 -0.00031030184386,
                0.000898847016463 0.00191842463595 -0.000371747900645,
                0.000861265187446 0.00191842463595 -0.000428505236916,
                0.000814416610088 0.00191842463595 -0.000477891468727,
                0.000760585992546 0.00191842463595 -0.000517878453937,
                0.000770070806645 0.00191339710294 -0.000533241003412,
                0.000779220803659 0.001904704469 -0.000548061249792,
                0.000787459859118 0.0018925374371 -0.000561406044514,
                0.000794274123594 0.00187751241389 -0.000572443105868,
                0.000799313325167 0.00186057392648 -0.000580605098572,
                0.000802447265256 0.00184280716157 -0.00058568114004,
                0.000914710573066 0.00191339710294 -0.000380368642884,
                0.000875394887295 0.00191339710294 -0.000439744507668,
                0.000930014140857 0.001904704469 -0.000388685070061,
                0.00088902580405 0.001904704469 -0.000450587028432,
                0.000943794139208 0.0018925374371 -0.000396173542968,
                0.000901299674626 0.0018925374371 -0.000460350105925,
                0.000826384927046 0.00191339710294 -0.000491409198347,
                0.000837930758443 0.001904704469 -0.000504449747624,
                0.000848327127433 0.0018925374371 -0.000516192025634,
                0.00095519114384 0.00187751241389 -0.000402367024146,
                0.000911451008193 0.00187751241389 -0.000468424841245,
                0.000963619317397 0.00186057392648 -0.000406947151642,
                0.00091895799831 0.00186057392648 -0.000474396170811,
                0.000856925638298 0.00187751241389 -0.000525903695655,
                0.000863284303951 0.00186057392648 -0.000533085551161,
                1.22898799391e-15 0.00191842463595 -0.000696339120046,
                1.26085167886e-15 0.00191339710294 -0.00071439374895,
                1.29158944403e-15 0.001904704469 -0.000731811043462,
                1.31926652716e-15 0.0018925374371 -0.000747494333328,
                1.34215748051e-15 0.00187751241389 -0.000760465490704,
                1.35908634269e-15 0.00186057392648 -0.000770057762458,
                1.36961629688e-15 0.00184280716157 -0.000776023311675,
                -0.000968860899939 0.00184280716157 -0.000409795588041,
                -0.000923626685786 0.00184280716157 -0.000478109812516,
                -0.000867238834625 0.00184280716157 -0.000537552033513,
                -0.000802447265254 0.00184280716157 -0.000585681140041,
                -0.000799313325164 0.00186057392648 -0.000580605098574,
                -0.000794274123592 0.00187751241389 -0.00057244310587,
                -0.000787459859116 0.0018925374371 -0.000561406044516,
                -0.000779220803656 0.001904704469 -0.000548061249794,
                -0.000770070806643 0.00191339710294 -0.000533241003413,
                -0.000760585992544 0.00191842463595 -0.000517878453938,
                -0.000814416610086 0.00191842463595 -0.000477891468729,
                -0.000861265187444 0.00191842463595 -0.000428505236918,
                -0.000898847016462 0.00191842463595 -0.000371747900647,
                -0.000925699883658 0.00191842463595 -0.000310301843861,
                -0.000942802310917 0.00191339710294 -0.000316087741087,
                -0.000959301016818 0.001904704469 -0.000321669394221,
                -0.000974157169529 0.0018925374371 -0.00032669535758,
                -0.000986444227693 0.00187751241389 -0.00033085217431,
                -0.00099553060276 0.00186057392648 -0.000333926172609,
                -0.00100118152874 0.00184280716157 -0.000335837929136,
                -0.000826384927044 0.00191339710294 -0.000491409198348,
                -0.000875394887293 0.00191339710294 -0.00043974450767,
                -0.000837930758441 0.001904704469 -0.000504449747626,
                -0.000889025804049 0.001904704469 -0.000450587028434,
                -0.000848327127431 0.0018925374371 -0.000516192025636,
                -0.000901299674625 0.0018925374371 -0.000460350105927,
                -0.000914710573065 0.00191339710294 -0.000380368642886,
                -0.000930014140856 0.001904704469 -0.000388685070063,
                -0.000943794139207 0.0018925374371 -0.00039617354297,
                -0.000856925638296 0.00187751241389 -0.000525903695657,
                -0.000911451008191 0.00187751241389 -0.000468424841247,
                -0.000863284303949 0.00186057392648 -0.000533085551163,
                -0.000918957998308 0.00186057392648 -0.000474396170813,
                -0.000955191143839 0.00187751241389 -0.000402367024147,
                -0.000963619317396 0.00186057392648 -0.000406947151644,
                -0.000867238834627 0.00184280716157 0.000537552033512,
                -0.000923626685787 0.00184280716157 0.000478109812514,
                -0.00096886089994 0.00184280716157 0.000409795588039,
                -0.00100118152874 0.00184280716157 0.000335837929134,
                -0.000995530602761 0.00186057392648 0.000333926172606,
                -0.000986444227694 0.00187751241389 0.000330852174307,
                -0.000974157169529 0.0018925374371 0.000326695357578,
                -0.000959301016819 0.001904704469 0.000321669394219,
                -0.000942802310918 0.00191339710294 0.000316087741085,
                -0.000925699883659 0.00191842463595 0.000310301843859,
                -0.000898847016463 0.00191842463595 0.000371747900644,
                -0.000861265187446 0.00191842463595 0.000428505236916,
                -0.000814416610088 0.00191842463595 0.000477891468728,
                -0.000760585992546 0.00191842463595 0.000517878453937,
                -0.000770070806645 0.00191339710294 0.000533241003412,
                -0.000779220803658 0.001904704469 0.000548061249793,
                -0.000787459859118 0.0018925374371 0.000561406044515,
                -0.000794274123593 0.00187751241389 0.000572443105869,
                -0.000799313325166 0.00186057392648 0.000580605098573,
                -0.000802447265256 0.00184280716157 0.00058568114004,
                -0.000914710573066 0.00191339710294 0.000380368642883,
                -0.000875394887295 0.00191339710294 0.000439744507668,
                -0.000930014140857 0.001904704469 0.000388685070061,
                -0.000889025804051 0.001904704469 0.000450587028432,
                -0.000943794139208 0.0018925374371 0.000396173542968,
                -0.000901299674626 0.0018925374371 0.000460350105925,
                -0.000826384927046 0.00191339710294 0.000491409198347,
                -0.000837930758443 0.001904704469 0.000504449747625,
                -0.000848327127433 0.0018925374371 0.000516192025635,
                -0.00095519114384 0.00187751241389 0.000402367024145,
                -0.000911451008193 0.00187751241389 0.000468424841245,
                -0.000963619317398 0.00186057392648 0.000406947151641,
                -0.00091895799831 0.00186057392648 0.000474396170811,
                -0.000856925638297 0.00187751241389 0.000525903695655,
                -0.000863284303951 0.00186057392648 0.000533085551161,
                -9.3425056473e-16 0.00191842463595 0.000696339120046,
                -9.58475130113e-16 0.00191339710294 0.00071439374895,
                -9.81842162038e-16 0.001904704469 0.000731811043462,
                -1.00288077833e-15 0.0018925374371 0.000747494333328,
                -1.02027941095e-15 0.00187751241389 0.000760465490704,
                -1.03314439136e-15 0.00186057392648 0.000770057762458,
                -1.0411440662e-15 0.00184280716157 0.000776023311675,
                0.000968860899938 0.00184280716157 0.000409795588042,
                0.000923626685785 0.00184280716157 0.000478109812517,
                0.000867238834624 0.00184280716157 0.000537552033514,
                0.000802447265252 0.00184280716157 0.000585681140042,
                0.000799313325163 0.00186057392648 0.000580605098575,
                0.00079427412359 0.00187751241389 0.000572443105871,
                0.000787459859114 0.0018925374371 0.000561406044517,
                0.000779220803655 0.001904704469 0.000548061249795,
                0.000770070806641 0.00191339710294 0.000533241003414,
                0.000760585992542 0.00191842463595 0.000517878453939,
                0.000814416610085 0.00191842463595 0.00047789146873,
                0.000861265187443 0.00191842463595 0.000428505236919,
                0.000898847016461 0.00191842463595 0.000371747900647,
                0.000925699883658 0.00191842463595 0.000310301843862,
                0.000942802310917 0.00191339710294 0.000316087741088,
                0.000959301016818 0.001904704469 0.000321669394222,
                0.000974157169528 0.0018925374371 0.000326695357581,
                0.000986444227693 0.00187751241389 0.000330852174311,
                0.00099553060276 0.00186057392648 0.000333926172609,
                0.00100118152874 0.00184280716157 0.000335837929137,
                0.000826384927043 0.00191339710294 0.000491409198349,
                0.000875394887293 0.00191339710294 0.000439744507671,
                0.00083793075844 0.001904704469 0.000504449747627,
                0.000889025804048 0.001904704469 0.000450587028435,
                0.00084832712743 0.0018925374371 0.000516192025637,
                0.000901299674624 0.0018925374371 0.000460350105928,
                0.000914710573064 0.00191339710294 0.000380368642886,
                0.000930014140855 0.001904704469 0.000388685070064,
                0.000943794139206 0.0018925374371 0.000396173542971,
                0.000856925638294 0.00187751241389 0.000525903695658,
                0.00091145100819 0.00187751241389 0.000468424841249,
                0.000863284303947 0.00186057392648 0.000533085551164,
                0.000918957998308 0.00186057392648 0.000474396170814,
                0.000955191143838 0.00187751241389 0.000402367024148,
                0.000963619317396 0.00186057392648 0.000406947151645

              ]
            }
            normal Normal {
              vector [
                1 5.5082489e-16 0,
                0.98480511 7.9670172e-16 -0.17366332,
                0.93969351 6.9858756e-16 -0.34201768,
                0.86602408 9.0088317e-16 -0.50000226,
                0.76604432 7.1590531e-16 -0.64278775,
                0.64278758 5.5877387e-16 -0.7660445,
                0.49999961 4.8445684e-16 -0.86602563,
                0.34201977 3.0544331e-16 -0.93969274,
                0.17364804 1.7603064e-16 -0.98480779,
                1.4571677e-15 3.4426556e-17 -1,
                -0.17364804 -1.5770392e-16 -0.98480779,
                -0.34201977 -2.6622468e-16 -0.93969274,
                -0.49999961 -3.9935324e-16 -0.86602563,
                -0.64278758 -2.5777169e-16 -0.7660445,
                -0.76604432 -1.8692859e-16 -0.64278775,
                -0.86602408 -3.227509e-18 -0.50000226,
                -0.93969351 -1.8254767e-16 -0.34201768,
                -0.98480511 -1.6113842e-16 -0.17366332,
                -1 1.3770622e-16 -2.220446e-15,
                -0.98506439 -0.17218632 -2.2357507e-15,
                -0.94070375 -0.33922923 -3.5770964e-15,
                -0.86824316 -0.49613893 -1.5363408e-15,
                -0.7698471 -0.63822842 0,
                -0.64845479 -0.76125318 -7.0637635e-16,
                -0.50769234 -0.86153847 -7.9138976e-16,
                -0.49997935 -0.86153847 -0.088159777,
                -0.47707471 -0.86153847 -0.17364101,
                -0.43967441 -0.86153847 -0.2538462,
                -0.38891485 -0.86153847 -0.32633835,
                -0.32633832 -0.86153847 -0.38891488,
                -0.25384614 -0.86153847 -0.43967444,
                -0.173641 -0.86153847 -0.47707471,
                -0.088159844 -0.86153847 -0.49997932,
                -7.0456459e-17 -0.86153847 -0.50769234,
                0.088159844 -0.86153847 -0.49997932,
                0.173641 -0.86153847 -0.47707471,
                0.25384614 -0.86153847 -0.43967444,
                0.32633832 -0.86153847 -0.38891488,
                0.38891485 -0.86153847 -0.32633835,
                0.43967441 -0.86153847 -0.2538462,
                0.47707471 -0.86153847 -0.17364101,
                0.49997935 -0.86153847 -0.088159777,
                0.50769234 -0.86153847 -3.9854161e-17,
                0.64845479 -0.76125318 5.2559268e-16,
                0.7698471 -0.63822842 8.413826e-16,
                0.86824316 -0.49613893 -1.4403195e-15,
                0.94070375 -0.33922923 1.6273052e-15,
                0.98506439 -0.17218632 2.1421408e-15,
                0.63701868 -0.70552671 -0.31054661,
                0.56694663 -0.70552671 -0.42521,
                0.46598354 -0.70552671 -0.53393948,
                0.33349803 -0.70552671 -0.62530881,
                0.17444512 -0.70552671 -0.68687767,
                2.2337508e-16 -0.70552671 -0.70868331,
                -0.17444512 -0.70552671 -0.68687767,
                -0.33349803 -0.70552671 -0.62530881,
                -0.46598354 -0.70552671 -0.53393948,
                -0.56694663 -0.70552671 -0.42521,
                -0.63701868 -0.70552671 -0.31054661,
                -0.680336 -0.70552671 -0.19843133,
                -0.83351344 -0.49613893 -0.24310808,
                -0.92892623 -0.25236744 -0.27093682,
                -0.86978108 -0.25236744 -0.42401829,
                -0.77410519 -0.25236744 -0.58057886,
                -0.63625085 -0.25236744 -0.7290374,
                -0.455356 -0.25236744 -0.85379249,
                -0.23818621 -0.25236744 -0.93785822,
                2.7243497e-16 -0.25236744 -0.96763146,
                0.23818621 -0.25236744 -0.93785822,
                0.455356 -0.25236744 -0.85379249,
                0.63625085 -0.25236744 -0.7290374,
                0.77410519 -0.25236744 -0.58057886,
                0.86978108 -0.25236744 -0.42401829,
                0.92892623 -0.25236744 -0.27093682,
                0.83351344 -0.49613893 -0.24310808,
                0.680336 -0.70552671 -0.19843133,
                -0.78044325 -0.49613893 -0.3804661,
                -0.6945945 -0.49613893 -0.52094591,
                -0.57089961 -0.49613893 -0.65415579,
                -0.40858501 -0.49613893 -0.76609689,
                -0.21372139 -0.49613893 -0.84152794,
                2.5954945e-16 -0.49613893 -0.86824316,
                0.21372139 -0.49613893 -0.84152794,
                0.40858501 -0.49613893 -0.76609689,
                0.57089961 -0.49613893 -0.65415579,
                0.6945945 -0.49613893 -0.52094591,
                0.78044325 -0.49613893 -0.3804661,
                7.0456459e-17 -0.86153847 -0.50769234,
                0.088159844 -0.86153847 -0.49997932,
                0.173641 -0.86153847 -0.47707471,
                0.25384614 -0.86153847 -0.43967444,
                0.32633832 -0.86153847 -0.38891488,
                0.38891485 -0.86153847 -0.32633835,
                0.43967441 -0.86153847 -0.2538462,
                0.47707471 -0.86153847 -0.17364101,
                0.49997935 -0.86153847 -0.088159777,
                0.50769234 -0.86153847 -7.9708322e-17,
                0.64845479 -0.76125318 -1.4127527e-15,
                0.7698471 -0.63822842 9.3865449e-16,
                0.86824316 -0.49613893 -4.2249372e-15,
                0.94070375 -0.33922923 -1.7885482e-15,
                0.98506439 -0.17218632 -2.3293607e-15,
                1 1.3770622e-16 -2.220446e-15,
                0.98480511 -1.6004203e-16 -0.17366332,
                0.93969351 -1.7859728e-16 -0.34201768,
                0.86602408 -5.527944e-16 -0.50000226,
                0.76604432 -1.8692859e-16 -0.64278775,
                0.64278758 -1.6214475e-16 -0.7660445,
                0.49999961 -1.3543584e-16 -0.86602563,
                0.34201977 -1.0704358e-16 -0.93969274,
                0.17364804 -1.1024236e-16 -0.98480779,
                -4.6703093e-15 1.7213278e-17 -1,
                -0.17364804 8.2611282e-17 -0.98480779,
                -0.34201977 3.1328702e-16 -0.93969274,
                -0.49999961 2.9868878e-16 -0.86602563,
                -0.64278758 4.9807787e-16 -0.7660445,
                -0.76604432 6.2925728e-16 -0.64278775,
                -0.86602408 6.3255473e-16 -0.50000226,
                -0.93969351 8.8883857e-18 -0.34201768,
                -0.98480511 -1.574107e-16 -0.17366332,
                -1 5.5082489e-16 6.1153848e-31,
                -0.98506439 -0.17218632 2.0485308e-15,
                -0.94070375 -0.33922923 1.4660621e-15,
                -0.86824316 -0.49613893 1.3442983e-15,
                -0.7698471 -0.63822842 7.4411066e-16,
                -0.64845479 -0.76125318 -9.0391842e-17,
                -0.50769234 -0.86153847 -7.9708322e-17,
                -0.49997935 -0.86153847 -0.088159777,
                -0.47707471 -0.86153847 -0.17364101,
                -0.43967441 -0.86153847 -0.2538462,
                -0.38891485 -0.86153847 -0.32633835,
                -0.32633832 -0.86153847 -0.38891488,
                -0.25384614 -0.86153847 -0.43967444,
                -0.173641 -0.86153847 -0.47707471,
                -0.088159844 -0.86153847 -0.49997932,
                -0.86978108 -0.25236744 -0.42401829,
                -0.77410519 -0.25236744 -0.58057886,
                -0.63625085 -0.25236744 -0.7290374,
                -0.455356 -0.25236744 -0.85379249,
                -0.23818621 -0.25236744 -0.93785822,
                -2.6511964e-16 -0.25236744 -0.96763146,
                0.23818621 -0.25236744 -0.93785822,
                0.455356 -0.25236744 -0.85379249,
                0.63625085 -0.25236744 -0.7290374,
                0.77410519 -0.25236744 -0.58057886,
                0.86978108 -0.25236744 -0.42401829,
                0.92892623 -0.25236744 -0.27093682,
                0.83351344 -0.49613893 -0.24310808,
                0.680336 -0.70552671 -0.19843133,
                0.63701868 -0.70552671 -0.31054661,
                0.56694663 -0.70552671 -0.42521,
                0.46598354 -0.70552671 -0.53393948,
                0.33349803 -0.70552671 -0.62530881,
                0.17444512 -0.70552671 -0.68687767,
                -2.1726699e-16 -0.70552671 -0.70868331,
                -0.17444512 -0.70552671 -0.68687767,
                -0.33349803 -0.70552671 -0.62530881,
                -0.46598354 -0.70552671 -0.53393948,
                -0.56694663 -0.70552671 -0.42521,
                -0.63701868 -0.70552671 -0.31054661,
                -0.680336 -0.70552671 -0.19843133,
                -0.83351344 -0.49613893 -0.24310808,
                -0.92892623 -0.25236744 -0.27093682,
                0.78044325 -0.49613893 -0.3804661,
                0.6945945 -0.49613893 -0.52094591,
                0.57089961 -0.49613893 -0.65415579,
                0.40858501 -0.49613893 -0.76609689,
                0.21372139 -0.49613893 -0.84152794,
                -2.5954945e-16 -0.49613893 -0.86824316,
                -0.21372139 -0.49613893 -0.84152794,
                -0.40858501 -0.49613893 -0.76609689,
                -0.57089961 -0.49613893 -0.65415579,
                -0.6945945 -0.49613893 -0.52094591,
                -0.78044325 -0.49613893 -0.3804661,
                -5.0081843e-07 -1 -2.8446091e-05,
                -0.0030571662 -0.98480362 -0.17364462,
                -0.006020946 -0.93968612 -0.34198496,
                -0.0088017927 -0.8660183 -0.49993485,
                -0.011315215 -0.76603836 -0.64269525,
                -0.01348485 -0.642784 -0.7659288,
                -0.015244776 -0.5 -0.86589122,
                -6.9487629e-14 -0.5 -0.86602539,
                0.14955215 -0.5 -0.85301477,
                0.2946054 -0.5 -0.81437564,
                0.4308106 -0.5 -0.75126708,
                0.55407095 -0.5 -0.66558647,
                0.66068423 -0.5 -0.5599075,
                0.7474429 -0.5 -0.43741179,
                0.81176215 -0.5 -0.30173206,
                0.85164738 -0.5 -0.15715191,
                0.86599183 -0.5 -0.0076226834,
                0.85428721 -0.5 0.1421032,
                0.81694424 -0.5 0.28740585,
                0.75502795 -0.5 0.42418489,
                0.67043787 -0.5 0.54819071,
                0.56570148 -0.5 0.65573001,
                0.44396856 -0.5 0.74356705,
                0.30889532 -0.5 0.80906343,
                0.16454482 -0.5 0.85024995,
                0.015244773 -0.5 0.86589122,
                0.013762675 -0.62349141 0.78170907,
                0.011973131 -0.73305464 0.68006438,
                0.0099161193 -0.82624221 0.56322771,
                0.0076375916 -0.90097243 0.43380916,
                0.0051884484 -0.95557582 0.29469976,
                0.0026234 -0.98883265 0.14900705,
                -9.1876906e-09 -1 -5.2185351e-07,
                -5.6364303e-08 -1 -5.0013307e-07,
                -9.9805284e-08 -1 -4.7764462e-07,
                -1.3987869e-07 -1 -4.5451341e-07,
                -1.7941395e-07 -1 -4.2908505e-07,
                -2.1794023e-07 -1 -4.0008325e-07,
                -2.4243909e-07 -1 -3.5412683e-07,
                -6.2047881e-08 -1 -7.339095e-08,
                4.556834e-06 -1 4.3856612e-06,
                -9.4623925e-07 -1 -7.3974843e-07,
                6.1728128e-06 -1 3.8869716e-06,
                0.00017005217 -1 8.4086001e-05,
                7.3073665e-05 -1 2.7452639e-05,
                -1.6186631e-06 -1 -4.3856048e-07,
                -4.5350711e-07 -1 -7.8242145e-08,
                1.7972705e-07 -1 1.3885681e-08,
                5.6922087e-05 -1 -1.0034698e-06,
                1.8743773e-07 -1 -2.1161943e-08,
                -3.9117276e-07 -1 8.1838337e-08,
                -4.4647336e-07 -1 1.3745682e-07,
                -4.2844417e-07 -1 1.7913278e-07,
                -4.0003209e-07 -1 2.1789944e-07,
                -3.5397122e-07 -1 2.423196e-07,
                -7.1056199e-08 -1 6.0070924e-08,
                4.4266371e-06 -1 -4.5991796e-06,
                -7.4687392e-07 -1 9.553055e-07,
                3.8858952e-06 -1 -6.1707706e-06,
                8.4070198e-05 -1 -0.00017001004,
                2.7451095e-05 -1 -7.3064461e-05,
                -4.4085141e-07 -1 1.6269719e-06,
                -9.0333955e-08 -1 5.2352175e-07,
                -2.8967914e-08 -1 3.7482209e-07,
                0.27305281 -0.70387274 0.65574795,
                0.39910293 -0.70387274 0.58760536,
                0.51104021 -0.70387274 0.49335694,
                0.60128993 -0.70387274 0.37817138,
                0.66495323 -0.70387274 0.24980073,
                0.70063454 -0.70387274 0.11693785,
                0.71021605 -0.70387274 -0.012503977,
                0.69608402 -0.70387274 -0.14152831,
                0.65574795 -0.70387274 -0.27305281,
                0.58760536 -0.70387274 -0.39910293,
                0.49335694 -0.70387274 -0.51104021,
                0.37817138 -0.70387274 -0.60128993,
                0.24980071 -0.70387274 -0.66495323,
                0.11693785 -0.70387274 -0.70063454,
                0.082312666 -0.86602587 -0.49317729,
                0.041881882 -0.96709728 -0.25093579,
                0.089467391 -0.96709728 -0.23815636,
                0.13544399 -0.96709728 -0.21535504,
                0.17669828 -0.96709728 -0.18303165,
                0.21045382 -0.96709728 -0.14294073,
                0.23485944 -0.96709728 -0.097795248,
                0.24930599 -0.96709728 -0.050689079,
                0.25436747 -0.96709728 -0.0044783624,
                0.25093579 -0.96709728 0.041881882,
                0.23815636 -0.96709728 0.089467391,
                0.21535504 -0.96709728 0.13544399,
                0.18303165 -0.96709728 0.17669828,
                0.14294073 -0.96709728 0.21045382,
                0.097795248 -0.96709728 0.23485944,
                0.050689079 -0.96709728 0.24930599,
                0.099621907 -0.86602587 0.48997417,
                0.14152831 -0.70387274 0.69608402,
                0.17583495 -0.86602587 -0.46806121,
                0.26619518 -0.86602587 -0.42324856,
                0.34727442 -0.86602587 -0.35972169,
                0.41361594 -0.86602587 -0.28092891,
                0.46158159 -0.86602587 -0.19220214,
                0.48997417 -0.86602587 -0.099621907,
                0.49992174 -0.86602587 -0.0088015608,
                0.49317729 -0.86602587 0.082312666,
                0.46806121 -0.86602587 0.17583495,
                0.42324856 -0.86602587 0.26619518,
                0.35972169 -0.86602587 0.34727442,
                0.28092891 -0.86602587 0.41361594,
                0.19220214 -0.86602587 0.46158159,
                2.220446e-16 -0 -1,
                2.220446e-16 -0 -1,
                0.17364818 -0 -0.98480773,
                0.34202015 -0 -0.93969262,
                0.5 -0 -0.86602539,
                0.64278764 -0 -0.76604444,
                0.76604444 -0 -0.64278764,
                0.86602539 -0 -0.5,
                0.93969262 -0 -0.34202015,
                0.98480773 -0 -0.17364818,
                1 -0 1.8369701e-16,
                0.98480773 -0 0.17364818,
                0.93969262 -0 0.34202015,
                0.86602539 -0 0.5,
                0.76604444 -0 0.64278764,
                0.64278764 -0 0.76604444,
                0.5 -0 0.86602539,
                0.34202015 -0 0.93969262,
                0.17364818 -0 0.98480773,
                -2.220446e-16 -0 1,
                -2.220446e-16 -0 1,
                0.17364818 -0 0.98480773,
                0.34202015 -0 0.93969262,
                0.5 -0 0.86602539,
                0.64278764 -0 0.76604444,
                0.76604444 -0 0.64278764,
                0.86602539 -0 0.5,
                0.93969262 -0 0.34202015,
                0.98480773 -0 0.17364818,
                1 -0 1.8369701e-16,
                0.98480773 -0 -0.17364818,
                0.93969262 -0 -0.34202015,
                0.86602539 -0 -0.5,
                0.76604444 -0 -0.64278764,
                0.64278764 -0 -0.76604444,
                0.5 -0 -0.86602539,
                0.34202015 -0 -0.93969262,
                0.17364818 -0 -0.98480773,
                1 -0 -1.8369701e-16,
                0.98480773 -0 0.17364818,
                0.93969262 -0 0.34202015,
                0.86602539 -0 0.5,
                0.76604444 -0 0.64278764,
                0.64278764 -0 0.76604444,
                0.5 -0 0.86602539,
                0.34202015 -0 0.93969262,
                0.17364818 -0 0.98480773,
                2.220446e-16 -0 1,
                2.220446e-16 -0 1,
                0.17364818 -0 0.98480773,
                0.34202015 -0 0.93969262,
                0.5 -0 0.86602539,
                0.64278764 -0 0.76604444,
                0.76604444 -0 0.64278764,
                0.86602539 -0 0.5,
                0.93969262 -0 0.34202015,
                0.98480773 -0 0.17364818,
                1 -0 -1.8369701e-16,
                0.98480773 -0 -0.17364818,
                0.93969262 -0 -0.34202015,
                0.86602539 -0 -0.5,
                0.76604444 -0 -0.64278764,
                0.64278764 -0 -0.76604444,
                0.5 -0 -0.86602539,
                0.34202015 -0 -0.93969262,
                0.17364818 -0 -0.98480773,
                -2.220446e-16 -0 -1,
                -2.220446e-16 -0 -1,
                0.17364818 -0 -0.98480773,
                0.34202015 -0 -0.93969262,
                0.5 -0 -0.86602539,
                0.64278764 -0 -0.76604444,
                0.76604444 -0 -0.64278764,
                0.86602539 -0 -0.5,
                0.93969262 -0 -0.34202015,
                0.98480773 -0 -0.17364818,
                2.1211505e-16 -0.5 0.86602539,
                2.1211505e-16 -0.5 0.86602539,
                0.15038373 -0.5 0.85286856,
                0.29619813 -0.5 0.81379765,
                0.43301269 -0.5 0.75,
                0.55667043 -0.5 0.66341394,
                0.66341394 -0.5 0.55667043,
                0.75 -0.5 0.43301269,
                0.81379765 -0.5 0.29619813,
                0.85286856 -0.5 0.15038373,
                0.86602539 -0.5 -1.5908629e-16,
                0.85286856 -0.5 -0.15038373,
                0.81379765 -0.5 -0.29619813,
                0.75 -0.5 -0.43301269,
                0.66341394 -0.5 -0.55667043,
                0.55667043 -0.5 -0.66341394,
                0.43301269 -0.5 -0.75,
                0.29619813 -0.5 -0.81379765,
                0.15038373 -0.5 -0.85286856,
                -1.0605752e-16 -0.5 -0.86602539,
                -1.0605752e-16 -0.5 -0.86602539,
                0.15038373 -0.5 -0.85286856,
                0.29619813 -0.5 -0.81379765,
                0.43301269 -0.5 -0.75,
                0.55667043 -0.5 -0.66341394,
                0.66341394 -0.5 -0.55667043,
                0.75 -0.5 -0.43301269,
                0.81379765 -0.5 -0.29619813,
                0.85286856 -0.5 -0.15038373,
                0.86602539 -0.5 -1.5908629e-16,
                0.85286856 -0.5 0.15038373,
                0.81379765 -0.5 0.29619813,
                0.75 -0.5 0.43301269,
                0.66341394 -0.5 0.55667043,
                0.55667043 -0.5 0.66341394,
                0.43301269 -0.5 0.75,
                0.29619813 -0.5 0.81379765,
                0.15038373 -0.5 0.85286856,
                -0.22495106 -0 0.97437006,
                -0.22495106 -0 0.97437006,
                -0.11320321 -0 0.99357188,
                8.8817842e-15 -0 1,
                -0 -0 1,
                -0.11320321 -0 0.99357188,
                0 -0.5 0.86602539,
                0.15038373 -0.5 0.85286856,
                0.29619813 -0.5 0.81379765,
                0.43301269 -0.5 0.75,
                0.55667043 -0.5 0.66341394,
                0.66341394 -0.5 0.55667043,
                0.75 -0.5 0.43301269,
                0.81379765 -0.5 0.29619813,
                0.85286856 -0.5 0.15038373,
                0.86602539 -0.5 5.3028762e-17,
                0.85286856 -0.5 -0.15038373,
                0.81379765 -0.5 -0.29619813,
                0.75 -0.5 -0.43301269,
                0.66341394 -0.5 -0.55667043,
                0.55667043 -0.5 -0.66341394,
                0.43301269 -0.5 -0.75,
                0.29619813 -0.5 -0.81379765,
                0.15038373 -0.5 -0.85286856,
                1.0605752e-16 -0.5 -0.86602539,
                1.0605752e-16 -0.5 -0.86602539,
                0.14954956 -0.5 -0.85301518,
                0.29460576 -0.5 -0.81437546,
                0.43081033 -0.5 -0.75126725,
                0.55407089 -0.5 -0.66558659,
                0.66068387 -0.5 -0.55990785,
                0.74744618 -0.5 -0.43740624,
                0.81175083 -0.5 -0.30176243,
                0.85166585 -0.5 -0.15705194,
                0.86599183 -0.5 -0.0076226834,
                0.85429847 -0.5 0.14203559,
                0.81693703 -0.5 0.28742629,
                0.7550301 -0.5 0.42418104,
                0.67043769 -0.5 0.54819095,
                0.56570143 -0.5 0.65573007,
                0.44396824 -0.5 0.74356723,
                0.30889571 -0.5 0.80906332,
                0.16454214 -0.5 0.85025048,
                0.015244776 -0.5 0.86589122,
                6.5380732e-14 -0.5 0.86602539,
                -0.22464277 0.052335955 -0.97303474,
                -0.11304807 0.052335955 -0.99221021,
                -2.4459368e-16 0.052335955 -0.99862951,
                -2.4459368e-16 0.052335955 -0.99862951,
                -0.11304807 0.052335955 -0.99221021,
                -0.22464277 0.052335955 -0.97303474,
                0 -1 0,
                0 -1 0,
                0 -1 0,
                0 -1 0,
                0 -1 0,
                0 -1 0,
                0 -1 0,
                0 -1 0,
                0 -1 0,
                0 -1 0,
                0 -1 0,
                0 -1 0,
                0 -1 0,
                0 -1 0,
                0 -1 0,
                0 -1 0,
                0 -1 0,
                0 -1 0,
                0 -1 0,
                0 -1 0,
                0 -1 0,
                0 -1 0,
                0 -1 0,
                0 -1 0,
                0 -1 0,
                0 -1 0,
                0 -1 0,
                0 -1 0,
                0 -1 0,
                0 -1 0,
                0 -1 0,
                0 -1 0,
                0 -1 0,
                0 -1 0,
                0 -1 0,
                0 -1 0,
                0 -1 0,
                0 -1 0,
                0 -1 0,
                0 -1 0,
                0 -1 0,
                0 -1 0,
                0 -1 0,
                0 -1 0,
                0 -1 0,
                0 -1 0,
                0 -1 0,
                0 -1 0,
                0 -1 0,
                0 -1 0,
                0 -1 0,
                0 -1 0,
                0 -1 0,
                0 -1 0,
                0 -1 0,
                0 -1 0,
                0 -1 0,
                0 -1 0,
                0 -1 0,
                0 -1 0,
                0 -1 0,
                0 -1 0,
                0 -1 0,
                0 -1 0,
                0 -1 0,
                0 -1 0,
                0 -1 0,
                0 -1 0,
                0 -1 0,
                0 -1 0,
                0 -1 0,
                0 -1 0,
                0 -1 0,
                0 -1 0,
                0 -1 0,
                0 -1 0,
                0 -1 0,
                0 -1 0,
                0 -1 0,
                0 -1 0,
                0 -1 0,
                0 -1 0,
                0 -1 0,
                0 -1 0,
                0 -1 0,
                0 -1 0,
                0 -1 0,
                0 -1 0,
                0 -1 0,
                0 -1 0,
                0 -1 0,
                0 -1 0,
                0 -1 0,
                0 -1 0,
                0 -1 0,
                0 -1 0,
                0 -1 0,
                0 -1 0,
                0 -1 0,
                0 -1 0,
                0 -1 0,
                0 -1 0,
                0 -1 0,
                0 -1 0,
                0 -1 0,
                0 -1 0,
                0 -1 0,
                0 -1 0,
                0 -1 0,
                0 -1 0,
                0 -1 0,
                0 -1 0,
                0 -1 0,
                0 -1 0,
                0 -1 0,
                0 -1 0,
                0 -1 0,
                0 -1 0,
                0 -1 0,
                0 -1 0,
                0 -1 0,
                0 -1 0,
                0 -1 0,
                0 -1 0,
                0 -1 0,
                0 -1 0,
                0 -1 0,
                0 -1 0,
                0 -1 0,
                0 -1 0,
                0 -1 0,
                0 -1 0,
                0 -1 0,
                0 -1 0,
                0 -1 0,
                0 -1 0,
                0 -1 0,
                0 -1 0,
                0 -1 0,
                0 -1 0,
                0 -1 0,
                0 -1 0,
                0 -1 0,
                0 -1 0,
                0 -1 0,
                0 -1 0,
                0 -1 0,
                0 -1 0,
                -0.83147943 -0 -0.55555558,
                -0.91278839 -0 -0.40843275,
                -0.96830541 -0 -0.24976915,
                -0.99646169 -0 -0.08404801,
                -0.99646169 -0 0.08404801,
                -0.96830541 -0 0.24976915,
                -0.91278839 -0 0.40843275,
                -0.83147943 -0 0.55555558,
                -0.83147943 -0 0.55555558,
                -0.91278839 -0 0.40843275,
                -0.96830541 -0 0.24976915,
                -0.99646169 -0 0.08404801,
                -0.99646169 -0 -0.08404801,
                -0.96830541 -0 -0.24976915,
                -0.91278839 -0 -0.40843275,
                -0.83147943 -0 -0.55555558,
                -0 -0 -1,
                -0 -0 -1,
                -0 -0 -1,
                -0 -0 -1,
                0.83147943 -0 0.55555558,
                0.91278839 -0 0.40843275,
                0.96830541 -0 0.24976915,
                0.99646169 -0 0.08404801,
                0.99646169 -0 -0.08404801,
                0.96830541 -0 -0.24976915,
                0.91278839 -0 -0.40843275,
                0.83147943 -0 -0.55555558,
                0.83147943 -0 -0.55555558,
                0.91278839 -0 -0.40843275,
                0.96830541 -0 -0.24976915,
                0.99646169 -0 -0.08404801,
                0.99646169 -0 0.08404801,
                0.96830541 -0 0.24976915,
                0.91278839 -0 0.40843275,
                0.83147943 -0 0.55555558,
                -0 -0 1,
                -0 -0 1,
                -0 -0 1,
                -0 -0 1,
                -2.220446e-16 -0 1,
                -0.17364818 -0 0.98480773,
                -0.34202015 -0 0.93969262,
                -0.5 -0 0.86602539,
                -0.64278764 -0 0.76604444,
                -0.76604444 -0 0.64278764,
                -0.86602539 -0 0.5,
                -0.93969262 -0 0.34202015,
                -0.98480773 -0 0.17364818,
                -1 -0 -6.1232343e-17,
                -0.98480773 -0 -0.17364818,
                -0.93969262 -0 -0.34202015,
                -0.86602539 -0 -0.5,
                -0.76604444 -0 -0.64278764,
                -0.64278764 -0 -0.76604444,
                -0.5 -0 -0.86602539,
                -0.34202015 -0 -0.93969262,
                -0.17364818 -0 -0.98480773,
                -8.8817842e-16 -0 -1,
                -0 -0 -1,
                -0.17364818 -0 -0.98480773,
                -0.34202015 -0 -0.93969262,
                -0.5 -0 -0.86602539,
                -0.64278764 -0 -0.76604444,
                -0.76604444 -0 -0.64278764,
                -0.86602539 -0 -0.5,
                -0.93969262 -0 -0.34202015,
                -0.98480773 -0 -0.17364818,
                -1 -0 -6.1232343e-17,
                -0.98480773 -0 0.17364818,
                -0.93969262 -0 0.34202015,
                -0.86602539 -0 0.5,
                -0.76604444 -0 0.64278764,
                -0.64278764 -0 0.76604444,
                -0.5 -0 0.86602539,
                -0.34202015 -0 0.93969262,
                -0.17364818 -0 0.98480773,
                -2.220446e-16 -0 1,
                -2.220446e-16 -0 -1,
                -0.17364818 -0 -0.98480773,
                -0.34202015 -0 -0.93969262,
                -0.5 -0 -0.86602539,
                -0.64278764 -0 -0.76604444,
                -0.76604444 -0 -0.64278764,
                -0.86602539 -0 -0.5,
                -0.93969262 -0 -0.34202015,
                -0.98480773 -0 -0.17364818,
                -1 -0 6.1232343e-17,
                -0.98480773 -0 0.17364818,
                -0.93969262 -0 0.34202015,
                -0.86602539 -0 0.5,
                -0.76604444 -0 0.64278764,
                -0.64278764 -0 0.76604444,
                -0.5 -0 0.86602539,
                -0.34202015 -0 0.93969262,
                -0.17364818 -0 0.98480773,
                -0 -0 1,
                -0 -0 1,
                -0.17364818 -0 0.98480773,
                -0.34202015 -0 0.93969262,
                -0.5 -0 0.86602539,
                -0.64278764 -0 0.76604444,
                -0.76604444 -0 0.64278764,
                -0.86602539 -0 0.5,
                -0.93969262 -0 0.34202015,
                -0.98480773 -0 0.17364818,
                -1 -0 6.1232343e-17,
                -0.98480773 -0 -0.17364818,
                -0.93969262 -0 -0.34202015,
                -0.86602539 -0 -0.5,
                -0.76604444 -0 -0.64278764,
                -0.64278764 -0 -0.76604444,
                -0.5 -0 -0.86602539,
                -0.34202015 -0 -0.93969262,
                -0.17364818 -0 -0.98480773,
                -2.220446e-16 -0 -1,
                0 0 1,
                0 0 1,
                0 0 1,
                0 0 1,
                0 0 1,
                0 0 1,
                0 0 1,
                0 0 1,
                0 -0.12105437 -0.99264586,
                0 -0.12105437 -0.99264586,
                0 -0.12105437 -0.99264586,
                0 -0.12105437 -0.99264586,
                1 0 0,
                1 0 0,
                1 0 0,
                1 0 0,
                -0 -0.12105437 0.99264586,
                -0 -0.12105437 0.99264586,
                -0 -0.12105437 0.99264586,
                -0 -0.12105437 0.99264586,
                0 0 -1,
                0 0 -1,
                0 0 -1,
                0 0 -1,
                0 0 -1,
                0 0 -1,
                0 0 -1,
                0 0 -1,
                -0 -0.12105437 0.99264586,
                -0 -0.12105437 0.99264586,
                -0 -0.12105437 0.99264586,
                -0 -0.12105437 0.99264586,
                -1 0 0,
                -1 0 0,
                -1 0 0,
                -1 0 0,
                0 -0.12105437 -0.99264586,
                0 -0.12105437 -0.99264586,
                0 -0.12105437 -0.99264586,
                0 -0.12105437 -0.99264586,
                0 -1 0,
                0 -1 0,
                0 -1 0,
                0 -1 0,
                0 -1 0,
                0 -1 0,
                0 -1 0,
                0 -1 0,
                0 -1 0,
                0 -1 0,
                0 -1 0,
                0 -1 0,
                0 -1 0,
                0 -1 0,
                0 -1 0,
                0 -1 0,
                0 -1 0,
                0 -1 0,
                0 -1 0,
                0 -1 0,
                0 -1 0,
                0 -1 0,
                0 -1 0,
                0 -1 0,
                0 -1 0,
                0 -1 0,
                0 -1 0,
                0 -1 0,
                0 -1 0,
                0 -1 0,
                0 -1 0,
                0 -1 0,
                0 -1 0,
                0 -1 0,
                0 -1 0,
                0 -1 0,
                0 -1 0,
                0 -1 0,
                0 -1 0,
                0 -1 0,
                0 -1 0,
                0 -1 0,
                0 -1 0,
                0 -1 0,
                0 -1 0,
                0 -1 0,
                0 -1 0,
                0 -1 0,
                0 -1 0,
                0 -1 0,
                0 -1 0,
                0 -1 0,
                0 -1 0,
                0 -1 0,
                0 -1 0,
                0 -1 0,
                0 -1 0,
                0 -1 0,
                0 -1 0,
                0 -1 0,
                0 -1 0,
                0 -1 0,
                0 -1 0,
                0 -1 0,
                0 -1 0,
                0 -1 0,
                0 -1 0,
                0 -1 0,
                0 -1 0,
                0 -1 0,
                0 -1 0,
                0 -1 0,
                0 -1 0,
                0 -1 0,
                0 -1 0,
                0 -1 0,
                0 -1 0,
                0 -1 0,
                0 -1 0,
                0 -1 0,
                0 -1 0,
                0 -1 0,
                0 -1 0,
                0 -1 0,
                0 -1 0,
                0 -1 0,
                0 -1 0,
                0 -1 0,
                0 -1 0,
                0 -1 0,
                0 -1 0,
                0 -1 0,
                0 -1 0,
                0 -1 0,
                0 -1 0,
                0 -1 0,
                0 -1 0,
                0 -1 0,
                0 -1 0,
                0 -1 0,
                0 -1 0,
                0 -1 0,
                0 -1 0,
                0 -1 0,
                0 -1 0,
                0 -1 0,
                0 -1 0,
                0 -1 0,
                0 -1 0,
                0 -1 0,
                0 -1 0,
                0 -1 0,
                0 -1 0,
                0 -1 0,
                0 -1 0,
                0 -1 0,
                0 -1 0,
                0 -1 0,
                0 -1 0,
                0 -1 0,
                -0.50769234 -0.86153847 7.9138976e-16,
                -0.64845479 -0.76125318 9.0391842e-17,
                -0.7698471 -0.63822842 1.0359264e-15,
                -0.86824316 -0.49613893 1.3442983e-15,
                -0.94070375 -0.33922923 1.7885482e-15,
                -0.98506439 -0.17218632 2.1421408e-15,
                -1 2.7541245e-16 4.4408921e-15,
                -0.98480511 -2.8506149e-18 0.17366332,
                -0.93969351 -1.8551047e-16 0.34201768,
                -0.86602408 -1.9502317e-16 0.50000226,
                -0.76604432 -2.0056104e-16 0.64278775,
                -0.64278758 -1.7961023e-16 0.7660445,
                -0.49999961 -9.9012163e-17 0.86602563,
                -0.34201977 -9.274042e-17 0.93969274,
                -0.17364804 -3.3646005e-17 0.98480779,
                -2.1024849e-15 -3.4426556e-17 1,
                0.17364804 1.0032714e-16 0.98480779,
                0.34201977 9.781557e-17 0.93969274,
                0.49999961 2.7947826e-16 0.86602563,
                0.64278758 5.005556e-16 0.7660445,
                0.76604432 5.8835988e-16 0.64278775,
                0.86602408 5.2051932e-16 0.50000226,
                0.93969351 6.8476118e-16 0.34201768,
                0.98480511 6.3534401e-16 0.17366332,
                1 4.1311867e-16 -2.220446e-15,
                0.98506439 -0.17218632 9.3609952e-17,
                0.94070375 -0.33922923 1.6124307e-16,
                0.86824316 -0.49613893 -1.4403195e-15,
                0.7698471 -0.63822842 9.7271907e-17,
                0.64845479 -0.76125318 9.0391842e-17,
                0.50769234 -0.86153847 3.9854161e-17,
                0.49997935 -0.86153847 0.088159777,
                0.47707471 -0.86153847 0.17364101,
                0.43967441 -0.86153847 0.2538462,
                0.38891485 -0.86153847 0.32633835,
                0.32633832 -0.86153847 0.38891488,
                0.25384614 -0.86153847 0.43967444,
                0.173641 -0.86153847 0.47707471,
                0.088159844 -0.86153847 0.49997932,
                3.5228229e-17 -0.86153847 0.50769234,
                -0.088159844 -0.86153847 0.49997932,
                -0.173641 -0.86153847 0.47707471,
                -0.25384614 -0.86153847 0.43967444,
                -0.32633832 -0.86153847 0.38891488,
                -0.38891485 -0.86153847 0.32633835,
                -0.43967441 -0.86153847 0.2538462,
                -0.47707471 -0.86153847 0.17364101,
                -0.49997935 -0.86153847 0.088159777,
                -0.63701868 -0.70552671 0.31054661,
                -0.56694663 -0.70552671 0.42521,
                -0.46598354 -0.70552671 0.53393948,
                -0.33349803 -0.70552671 0.62530881,
                -0.17444512 -0.70552671 0.68687767,
                -3.1027637e-16 -0.70552671 0.70868331,
                0.17444512 -0.70552671 0.68687767,
                0.33349803 -0.70552671 0.62530881,
                0.46598354 -0.70552671 0.53393948,
                0.56694663 -0.70552671 0.42521,
                0.63701868 -0.70552671 0.31054661,
                0.680336 -0.70552671 0.19843133,
                0.83351344 -0.49613893 0.24310808,
                0.92892623 -0.25236744 0.27093682,
                0.86978108 -0.25236744 0.42401829,
                0.77410519 -0.25236744 0.58057886,
                0.63625085 -0.25236744 0.7290374,
                0.455356 -0.25236744 0.85379249,
                0.23818621 -0.25236744 0.93785822,
                -4.1801015e-16 -0.25236744 0.96763146,
                -0.23818621 -0.25236744 0.93785822,
                -0.455356 -0.25236744 0.85379249,
                -0.63625085 -0.25236744 0.7290374,
                -0.77410519 -0.25236744 0.58057886,
                -0.86978108 -0.25236744 0.42401829,
                -0.92892623 -0.25236744 0.27093682,
                -0.83351344 -0.49613893 0.24310808,
                -0.680336 -0.70552671 0.19843133,
                0.78044325 -0.49613893 0.3804661,
                0.6945945 -0.49613893 0.52094591,
                0.57089961 -0.49613893 0.65415579,
                0.40858501 -0.49613893 0.76609689,
                0.21372139 -0.49613893 0.84152794,
                -3.8557742e-16 -0.49613893 0.86824316,
                -0.21372139 -0.49613893 0.84152794,
                -0.40858501 -0.49613893 0.76609689,
                -0.57089961 -0.49613893 0.65415579,
                -0.6945945 -0.49613893 0.52094591,
                -0.78044325 -0.49613893 0.3804661,
                1 2.7541245e-16 4.4408921e-15,
                0.98506439 -0.17218632 2.2357507e-15,
                0.94070375 -0.33922923 3.7383397e-15,
                0.86824316 -0.49613893 0,
                0.7698471 -0.63822842 1.877309e-15,
                0.64845479 -0.76125318 7.0637635e-16,
                0.50769234 -0.86153847 7.9708322e-17,
                0.49997935 -0.86153847 0.088159777,
                0.47707471 -0.86153847 0.17364101,
                0.43967441 -0.86153847 0.2538462,
                0.38891485 -0.86153847 0.32633835,
                0.32633832 -0.86153847 0.38891488,
                0.25384614 -0.86153847 0.43967444,
                0.173641 -0.86153847 0.47707471,
                0.088159844 -0.86153847 0.49997932,
                -3.5228229e-17 -0.86153847 0.50769234,
                -0.088159844 -0.86153847 0.49997932,
                -0.173641 -0.86153847 0.47707471,
                -0.25384614 -0.86153847 0.43967444,
                -0.32633832 -0.86153847 0.38891488,
                -0.38891485 -0.86153847 0.32633835,
                -0.43967441 -0.86153847 0.2538462,
                -0.47707471 -0.86153847 0.17364101,
                -0.49997935 -0.86153847 0.088159777,
                -0.50769234 -0.86153847 7.9708322e-17,
                -0.64845479 -0.76125318 1.8078368e-16,
                -0.7698471 -0.63822842 -0,
                -0.86824316 -0.49613893 -1.2482769e-15,
                -0.94070375 -0.33922923 3.2248614e-16,
                -0.98506439 -0.17218632 -1.9549209e-15,
                -1 4.1311867e-16 -2.220446e-15,
                -0.98480511 3.167949e-16 0.17366332,
                -0.93969351 5.1702748e-16 0.34201768,
                -0.86602408 4.3107651e-16 0.50000226,
                -0.76604432 5.8381576e-16 0.64278775,
                -0.64278758 3.6752e-16 0.7660445,
                -0.49999961 1.6125558e-16 0.86602563,
                -0.34201977 1.7994025e-17 0.93969274,
                -0.17364804 3.7546317e-17 0.98480779,
                4.3888504e-15 -1.7213278e-16 1,
                0.17364804 -5.7376774e-17 0.98480779,
                0.34201977 -2.9114013e-16 0.93969274,
                0.49999961 1.5795097e-16 0.86602563,
                0.64278758 -1.9125387e-16 0.7660445,
                0.76604432 -2.0056104e-16 0.64278775,
                0.86602408 1.6274808e-16 0.50000226,
                0.93969351 2.6665156e-17 0.34201768,
                0.98480511 1.5675287e-16 0.17366332,
                0.86978108 -0.25236744 0.42401829,
                0.77410519 -0.25236744 0.58057886,
                0.63625085 -0.25236744 0.7290374,
                0.455356 -0.25236744 0.85379249,
                0.23818621 -0.25236744 0.93785822,
                4.1801015e-16 -0.25236744 0.96763146,
                -0.23818621 -0.25236744 0.93785822,
                -0.455356 -0.25236744 0.85379249,
                -0.63625085 -0.25236744 0.7290374,
                -0.77410519 -0.25236744 0.58057886,
                -0.86978108 -0.25236744 0.42401829,
                -0.92892623 -0.25236744 0.27093682,
                -0.83351344 -0.49613893 0.24310808,
                -0.680336 -0.70552671 0.19843133,
                -0.63701868 -0.70552671 0.31054661,
                -0.56694663 -0.70552671 0.42521,
                -0.46598354 -0.70552671 0.53393948,
                -0.33349803 -0.70552671 0.62530881,
                -0.17444512 -0.70552671 0.68687767,
                3.1027637e-16 -0.70552671 0.70868331,
                0.17444512 -0.70552671 0.68687767,
                0.33349803 -0.70552671 0.62530881,
                0.46598354 -0.70552671 0.53393948,
                0.56694663 -0.70552671 0.42521,
                0.63701868 -0.70552671 0.31054661,
                0.680336 -0.70552671 0.19843133,
                0.83351344 -0.49613893 0.24310808,
                0.92892623 -0.25236744 0.27093682,
                -0.78044325 -0.49613893 0.3804661,
                -0.6945945 -0.49613893 0.52094591,
                -0.57089961 -0.49613893 0.65415579,
                -0.40858501 -0.49613893 0.76609689,
                -0.21372139 -0.49613893 0.84152794,
                3.8557742e-16 -0.49613893 0.86824316,
                0.21372139 -0.49613893 0.84152794,
                0.40858501 -0.49613893 0.76609689,
                0.57089961 -0.49613893 0.65415579,
                0.6945945 -0.49613893 0.52094591,
                0.78044325 -0.49613893 0.3804661,
                0 0 1,
                0.17364818 0 0.98480773,
                0.34202015 0 0.93969262,
                0.5 0 0.86602539,
                0.64278764 0 0.76604444,
                0.76604444 0 0.64278764,
                0.86602539 0 0.5,
                0.93969262 0 0.34202015,
                0.98480773 0 0.17364818,
                1 0 0,
                1 0 0,
                0.98480773 0 0.17364818,
                0.93969262 0 0.34202015,
                0.86602539 0 0.5,
                0.76604444 0 0.64278764,
                0.64278764 0 0.76604444,
                0.5 0 0.86602539,
                0.34202015 0 0.93969262,
                0.17364818 0 0.98480773,
                0 0 1,
                -1 0 -2.220446e-16,
                -0.98480773 0 0.17364818,
                -0.93969262 0 0.34202015,
                -0.86602539 0 0.5,
                -0.76604444 0 0.64278764,
                -0.64278764 0 0.76604444,
                -0.5 0 0.86602539,
                -0.34202015 0 0.93969262,
                -0.17364818 0 0.98480773,
                -2.220446e-16 0 1,
                -2.220446e-16 0 1,
                -0.17364818 0 0.98480773,
                -0.34202015 0 0.93969262,
                -0.5 0 0.86602539,
                -0.64278764 0 0.76604444,
                -0.76604444 0 0.64278764,
                -0.86602539 0 0.5,
                -0.93969262 0 0.34202015,
                -0.98480773 0 0.17364818,
                -1 0 -2.220446e-16,
                -0 1 0,
                -0 1 0,
                -0 1 0,
                -0 1 0,
                -0 1 0,
                -0 1 0,
                -0 1 0,
                -0 1 0,
                -0 1 0,
                -0 1 0,
                -0 1 0,
                -0 1 0,
                -0 1 0,
                -0 1 0,
                -0 1 0,
                -0 1 0,
                -0 1 0,
                -0 1 0,
                -0 1 0,
                -0 1 0,
                -0 1 0,
                -0 1 0,
                -0 1 0,
                -0 1 0,
                -0 1 0,
                1 -0 -0,
                1 -0 -0,
                1 -0 -0,
                1 -0 -0,
                1 -0 -0,
                -0 1 0,
                -0 1 0,
                -0 1 0,
                -0 1 0,
                -0 1 0,
                -0 1 0,
                -0 1 0,
                -0 1 0,
                -0 1 0,
                -0 1 0,
                -0 1 0,
                -0 1 0,
                -0 1 0,
                -0 1 0,
                -0 1 0,
                -0 1 0,
                -0 1 0,
                -0 1 0,
                -0 1 0,
                -0 1 0,
                -0 1 0,
                -0 1 0,
                -0 1 0,
                -0 1 0,
                -0 1 0,
                -0 1 0,
                -0 1 0,
                -0 1 0,
                -0 1 0,
                -0 1 0,
                -0 1 0,
                -0 1 0,
                -0 1 0,
                -0 1 0,
                -0 1 0,
                -0 1 0,
                -0 1 0,
                -0 1 0,
                -0 1 0,
                -0 1 0,
                -0 1 0,
                -0 1 0,
                -0 1 0,
                -0 1 0,
                -0 1 0,
                -0 1 0,
                -0 1 0,
                -0 1 0,
                -0 1 0,
                -0 1 0,
                -0 1 0,
                -0 1 0,
                -0 1 0,
                -0 1 0,
                -0 1 0,
                -0 1 0,
                -0 1 0,
                -0 1 0,
                -0 1 0,
                -0 1 0,
                -0 1 0,
                -0 1 0,
                -0 1 0,
                -0 1 0,
                -0 1 0,
                -0 1 0,
                -0 1 0,
                -0 1 0,
                -0 1 0,
                -0 1 0,
                -0 1 0,
                -0 1 0,
                -0 1 0,
                -0 1 0,
                -0 1 0,
                -0 1 0,
                -0 1 0,
                -0 1 0,
                -0 1 0,
                -0 1 0,
                -0 1 0,
                -0 1 0,
                -0 1 0,
                -0 1 0,
                -0 1 0,
                -0 1 0,
                -0 1 0,
                -0 1 0,
                -0 1 0,
                -0 1 0,
                -0 1 0,
                -0 1 0,
                -1 -0 -0,
                -1 -0 -0,
                -1 -0 -0,
                -1 -0 -0,
                -1 -0 -0,
                -0 1 0,
                -0 1 0,
                -0 1 0,
                -0 1 0,
                -0 1 0,
                -0 1 0,
                -0 1 0,
                -0 1 0,
                -0 1 0,
                -0 1 0,
                -0 1 0,
                -0 1 0,
                -0 1 0,
                -0 1 0,
                -0 1 0,
                -0 1 0,
                -0 1 0,
                -0 1 0,
                -0 1 0,
                -0 1 0,
                -0 1 0,
                -0 1 0,
                -0 1 0,
                -0 1 0,
                -0 1 0,
                0 -1 -0,
                0 -1 -0,
                0 -1 -0,
                0 -1 -0,
                1 0 0,
                1 0 0,
                1 0 0,
                1 0 0,
                1 0 0,
                1 0 0,
                1 0 0,
                1 0 0,
                1 0 0,
                1 0 0,
                1 0 0,
                1 0 0,
                1 0 0,
                1 0 0,
                1 0 0,
                1 0 0,
                1 0 0,
                1 0 0,
                1 0 0,
                1 0 0,
                1 0 0,
                1 0 0,
                1 0 0,
                1 0 0,
                1 0 0,
                0.98480773 0 -0.17364818,
                0.93969262 0 -0.34202015,
                0.86602539 0 -0.5,
                0.76604444 0 -0.64278764,
                0.64278764 0 -0.76604444,
                0.5 0 -0.86602539,
                0.34202015 0 -0.93969262,
                0.17364818 0 -0.98480773,
                2.220446e-16 0 -1,
                2.220446e-16 0 -1,
                0.17364818 0 -0.98480773,
                0.34202015 0 -0.93969262,
                0.5 0 -0.86602539,
                0.64278764 0 -0.76604444,
                0.76604444 0 -0.64278764,
                0.86602539 0 -0.5,
                0.93969262 0 -0.34202015,
                0.98480773 0 -0.17364818,
                1 0 0,
                -0 1 0,
                -0 1 0,
                -0 1 0,
                -0 1 0,
                -0 1 0,
                -0 1 0,
                -0 1 0,
                -0 1 0,
                -0 1 0,
                -0 1 0,
                -0 1 0,
                -0 1 0,
                -0 1 0,
                -0 1 0,
                -0 1 0,
                -0 1 0,
                -0 1 0,
                -0 1 0,
                -0 1 0,
                -0 1 0,
                -0 1 0,
                -0 1 0,
                -0 1 0,
                -0 1 0,
                -0 1 0,
                -0 1 0,
                -0 1 0,
                -0 1 0,
                -1 -0 -0,
                -1 -0 -0,
                -1 -0 -0,
                -1 -0 -0,
                1 -0 -0,
                1 -0 -0,
                1 -0 -0,
                1 -0 -0,
                -0 1 0,
                -0 1 0,
                -0 1 0,
                -0 1 0,
                -0 1 0,
                -0 1 0,
                -0 1 0,
                -0 1 0,
                -0 1 0,
                -0 1 0,
                -0 1 0,
                -0 1 0,
                -0 1 0,
                -0 1 0,
                -0 1 0,
                -0 1 0,
                -0 1 0,
                -0 1 0,
                -0 1 0,
                -0 1 0,
                -0 1 0,
                -0 1 0,
                -0 1 0,
                -0 1 0,
                -0 1 0,
                -0 1 0,
                -0 1 0,
                -0 1 0,
                2.220446e-16 0 -1,
                -0.17364818 0 -0.98480773,
                -0.34202015 0 -0.93969262,
                -0.5 0 -0.86602539,
                -0.64278764 0 -0.76604444,
                -0.76604444 0 -0.64278764,
                -0.86602539 0 -0.5,
                -0.93969262 0 -0.34202015,
                -0.98480773 0 -0.17364818,
                -1 0 -2.220446e-16,
                -1 0 -2.220446e-16,
                -0.98480773 0 -0.17364818,
                -0.93969262 0 -0.34202015,
                -0.86602539 0 -0.5,
                -0.76604444 0 -0.64278764,
                -0.64278764 0 -0.76604444,
                -0.5 0 -0.86602539,
                -0.34202015 0 -0.93969262,
                -0.17364818 0 -0.98480773,
                2.220446e-16 0 -1,
                0 -1 -0,
                0 -1 -0,
                0 -1 -0,
                0 -1 -0,
                -1 0 0,
                -1 0 0,
                -1 0 0,
                -1 0 0,
                -1 0 0,
                -1 0 0,
                -1 0 0,
                -1 0 0,
                -1 0 0,
                -1 0 0,
                -1 0 0,
                -1 0 0,
                -1 0 0,
                -1 0 0,
                -1 0 0,
                -1 0 0,
                -1 0 0,
                -1 0 0,
                -1 0 0,
                -1 0 0,
                -1 0 0,
                -1 0 0,
                -1 0 0,
                -1 0 0,
                0.88060683 0 0.47384766,
                0.88060683 0 0.47384766,
                0.88060683 0 0.47384766,
                0.88060683 0 0.47384766,
                0.74447018 0 0.66765571,
                0.74447018 0 0.66765571,
                0.74447018 0 0.66765571,
                0.74447018 0 0.66765571,
                0.34839648 0 0.93734729,
                0.34839648 0 0.93734729,
                0.34839648 0 0.93734729,
                0.34839648 0 0.93734729,
                0 0 1,
                0 0 1,
                0 0 1,
                0 0 1,
                -0.34839651 0 0.93734723,
                -0.34839651 0 0.93734723,
                -0.34839651 0 0.93734723,
                -0.34839651 0 0.93734723,
                -0.77815187 0 0.6280762,
                -0.77815187 0 0.6280762,
                -0.77815187 0 0.6280762,
                -0.77815187 0 0.6280762,
                1 0 0,
                1 0 0,
                1 0 0,
                1 0 0,
                0.99600267 0 -0.08932355,
                0.99600267 0 -0.08932355,
                0.99600267 0 -0.08932355,
                0.99600267 0 -0.08932355,
                0.98429233 0 -0.17654645,
                0.98429233 0 -0.17654645,
                0.98429233 0 -0.17654645,
                0.98429233 0 -0.17654645,
                0.94126832 0 -0.33765945,
                0.94126832 0 -0.33765945,
                0.94126832 0 -0.33765945,
                0.94126832 0 -0.33765945,
                0.77815187 0 -0.62807614,
                0.77815187 0 -0.62807614,
                0.77815187 0 -0.62807614,
                0.77815187 0 -0.62807614,
                0.52661574 0 -0.85010344,
                0.52661574 0 -0.85010344,
                0.52661574 0 -0.85010344,
                0.52661574 0 -0.85010344,
                0 0 -1,
                0 0 -1,
                0 0 -1,
                0 0 -1,
                -0.52661574 0 -0.85010344,
                -0.52661574 0 -0.85010344,
                -0.52661574 0 -0.85010344,
                -0.52661574 0 -0.85010344,
                -0.77815187 0 -0.62807614,
                -0.77815187 0 -0.62807614,
                -0.77815187 0 -0.62807614,
                -0.77815187 0 -0.62807614,
                -0.94126832 0 -0.33765957,
                -0.94126832 0 -0.33765957,
                -0.94126832 0 -0.33765957,
                -0.94126832 0 -0.33765957,
                0 0 -1,
                0 0 -1,
                0 0 -1,
                0 0 -1,
                0.98429233 0 0.1765465,
                0.98429233 0 0.1765465,
                0.98429233 0 0.1765465,
                0.98429233 0 0.1765465,
                0.92733103 0 0.37424216,
                0.92733103 0 0.37424216,
                0.92733103 0 0.37424216,
                0.92733103 0 0.37424216,
                0.74447 0 0.66765594,
                0.74447 0 0.66765594,
                0.74447 0 0.66765594,
                0.74447 0 0.66765594,
                0.34839657 0 0.93734723,
                0.34839657 0 0.93734723,
                0.34839657 0 0.93734723,
                0.34839657 0 0.93734723,
                0 0 1,
                0 0 1,
                0 0 1,
                0 0 1,
                -0.34839651 0 0.93734723,
                -0.34839651 0 0.93734723,
                -0.34839651 0 0.93734723,
                -0.34839651 0 0.93734723,
                -0.74447006 0 0.66765589,
                -0.74447006 0 0.66765589,
                -0.74447006 0 0.66765589,
                -0.74447006 0 0.66765589,
                -0.92733103 0 0.37424216,
                -0.92733103 0 0.37424216,
                -0.92733103 0 0.37424216,
                -0.92733103 0 0.37424216,
                -0.97761154 0 0.21041793,
                -0.97761154 0 0.21041793,
                -0.97761154 0 0.21041793,
                -0.97761154 0 0.21041793,
                -0.99705851 0 0.076644197,
                -0.99705851 0 0.076644197,
                -0.99705851 0 0.076644197,
                -0.99705851 0 0.076644197,
                -1 0 0,
                -1 0 0,
                -1 0 0,
                -1 0 0,
                -0.99705851 0 -0.076644182,
                -0.99705851 0 -0.076644182,
                -0.99705851 0 -0.076644182,
                -0.99705851 0 -0.076644182,
                -0.97761148 0 -0.210418,
                -0.97761148 0 -0.210418,
                -0.97761148 0 -0.210418,
                -0.97761148 0 -0.210418,
                -0.92733103 0 -0.37424213,
                -0.92733103 0 -0.37424213,
                -0.92733103 0 -0.37424213,
                -0.92733103 0 -0.37424213,
                -0.74447006 0 -0.66765583,
                -0.74447006 0 -0.66765583,
                -0.74447006 0 -0.66765583,
                -0.74447006 0 -0.66765583,
                -0.34839654 0 -0.93734723,
                -0.34839654 0 -0.93734723,
                -0.34839654 0 -0.93734723,
                -0.34839654 0 -0.93734723,
                0 0 -1,
                0 0 -1,
                0 0 -1,
                0 0 -1,
                0.34839651 0 -0.93734723,
                0.34839651 0 -0.93734723,
                0.34839651 0 -0.93734723,
                0.34839651 0 -0.93734723,
                0.74447024 0 -0.66765565,
                0.74447024 0 -0.66765565,
                0.74447024 0 -0.66765565,
                0.74447024 0 -0.66765565,
                0.92733103 0 -0.37424213,
                0.92733103 0 -0.37424213,
                0.92733103 0 -0.37424213,
                0.92733103 0 -0.37424213,
                0.97761148 0 -0.21041811,
                0.97761148 0 -0.21041811,
                0.97761148 0 -0.21041811,
                0.97761148 0 -0.21041811,
                1 0 0,
                1 0 0,
                1 0 0,
                1 0 0,
                0.97761148 0 0.21041813,
                0.97761148 0 0.21041813,
                0.97761148 0 0.21041813,
                0.97761148 0 0.21041813,
                -1 0 0,
                -1 0 0,
                -1 0 0,
                -1 0 0,
                0 0 -1,
                0 0 -1,
                0 0 -1,
                0 0 -1,
                1 0 0,
                1 0 0,
                1 0 0,
                1 0 0,
                0 0 1,
                0 0 1,
                0 0 1,
                0 0 1,
                0.8531462 0 -0.52167189,
                0.8531462 0 -0.52167189,
                0.8531462 0 -0.52167189,
                0.8531462 0 -0.52167189,
                0.94126832 0 -0.33765957,
                0.94126832 0 -0.33765957,
                0.94126832 0 -0.33765957,
                0.94126832 0 -0.33765957,
                0.99107277 0 -0.133322,
                0.99107277 0 -0.133322,
                0.99107277 0 -0.133322,
                0.99107277 0 -0.133322,
                1 0 0,
                1 0 0,
                1 0 0,
                1 0 0,
                0.99107277 0 0.133322,
                0.99107277 0 0.133322,
                0.99107277 0 0.133322,
                0.99107277 0 0.133322,
                0.88060677 0 0.47384781,
                0.88060677 0 0.47384781,
                0.88060677 0 0.47384781,
                0.88060677 0 0.47384781,
                0.68070191 0 0.73256052,
                0.68070191 0 0.73256052,
                0.68070191 0 0.73256052,
                0.68070191 0 0.73256052,
                0.29586893 0 0.95522857,
                0.29586893 0 0.95522857,
                0.29586893 0 0.95522857,
                0.29586893 0 0.95522857,
                0 0 1,
                0 0 1,
                0 0 1,
                0 0 1,
                -0.25659916 0 0.96651793,
                -0.25659916 0 0.96651793,
                -0.25659916 0 0.96651793,
                -0.25659916 0 0.96651793,
                -0.68070185 0 0.73256058,
                -0.68070185 0 0.73256058,
                -0.68070185 0 0.73256058,
                -0.68070185 0 0.73256058,
                -0.88060683 0 0.47384763,
                -0.88060683 0 0.47384763,
                -0.88060683 0 0.47384763,
                -0.88060683 0 0.47384763,
                -0.99107277 0 0.13332212,
                -0.99107277 0 0.13332212,
                -0.99107277 0 0.13332212,
                -0.99107277 0 0.13332212,
                0 0 -1,
                0 0 -1,
                0 0 -1,
                0 0 -1,
                0.94126832 0 -0.33765945,
                0.94126832 0 -0.33765945,
                0.94126832 0 -0.33765945,
                0.94126832 0 -0.33765945,
                0.77815187 0 -0.62807614,
                0.77815187 0 -0.62807614,
                0.77815187 0 -0.62807614,
                0.77815187 0 -0.62807614,
                0.34839651 0 -0.93734723,
                0.34839651 0 -0.93734723,
                0.34839651 0 -0.93734723,
                0.34839651 0 -0.93734723,
                0 0 -1,
                0 0 -1,
                0 0 -1,
                0 0 -1,
                -0.34839657 0 -0.93734723,
                -0.34839657 0 -0.93734723,
                -0.34839657 0 -0.93734723,
                -0.34839657 0 -0.93734723,
                -0.77815187 0 -0.62807614,
                -0.77815187 0 -0.62807614,
                -0.77815187 0 -0.62807614,
                -0.77815187 0 -0.62807614,
                -0.94126832 0 -0.33765957,
                -0.94126832 0 -0.33765957,
                -0.94126832 0 -0.33765957,
                -0.94126832 0 -0.33765957,
                -1 0 0,
                -1 0 0,
                -1 0 0,
                -1 0 0,
                -0.96566051 0 0.25980729,
                -0.96566051 0 0.25980729,
                -0.96566051 0 0.25980729,
                -0.96566051 0 0.25980729,
                -0.85648501 0 0.51617193,
                -0.85648501 0 0.51617193,
                -0.85648501 0 0.51617193,
                -0.85648501 0 0.51617193,
                -1.0605752e-16 -0.5 -0.86602539,
                -0.15038373 -0.5 -0.85286856,
                -0.29619813 -0.5 -0.81379765,
                -0.43301269 -0.5 -0.75,
                -0.55667043 -0.5 -0.66341394,
                -0.66341394 -0.5 -0.55667043,
                -0.75 -0.5 -0.43301269,
                -0.81379765 -0.5 -0.29619813,
                -0.85286856 -0.5 -0.15038373,
                -0.86602539 -0.5 5.3028762e-17,
                -0.85286856 -0.5 0.15038373,
                -0.81379765 -0.5 0.29619813,
                -0.75 -0.5 0.43301269,
                -0.66341394 -0.5 0.55667043,
                -0.55667043 -0.5 0.66341394,
                -0.43301269 -0.5 0.75,
                -0.29619813 -0.5 0.81379765,
                -0.15038373 -0.5 0.85286856,
                -0 -0.5 0.86602539,
                -0 -0.5 0.86602539,
                -0.15038373 -0.5 0.85286856,
                -0.29619813 -0.5 0.81379765,
                -0.43301269 -0.5 0.75,
                -0.55667043 -0.5 0.66341394,
                -0.66341394 -0.5 0.55667043,
                -0.75 -0.5 0.43301269,
                -0.81379765 -0.5 0.29619813,
                -0.85286856 -0.5 0.15038373,
                -0.86602539 -0.5 5.3028762e-17,
                -0.85286856 -0.5 -0.15038373,
                -0.81379765 -0.5 -0.29619813,
                -0.75 -0.5 -0.43301269,
                -0.66341394 -0.5 -0.55667043,
                -0.55667043 -0.5 -0.66341394,
                -0.43301269 -0.5 -0.75,
                -0.29619813 -0.5 -0.81379765,
                -0.15038373 -0.5 -0.85286856,
                -1.0605752e-16 -0.5 -0.86602539,
                0 -1 -0,
                0 -1 -0,
                0 -1 -0,
                0 -1 -0,
                0 -1 -0,
                0 -1 -0,
                0 -1 -0,
                0 -1 -0,
                0 -1 -0,
                0 -1 -0,
                0 -1 -0,
                0 -1 -0,
                0 -1 -0,
                0 -1 -0,
                0 -1 -0,
                0 -1 -0,
                0 -1 -0,
                0 -1 -0,
                0 -1 -0,
                0 -1 -0,
                0 -1 -0,
                0 -1 -0,
                0 -1 -0,
                0 -1 -0,
                0 -1 -0,
                0 -1 -0,
                0 -1 -0,
                0 -1 -0,
                0 -1 -0,
                0 -1 -0,
                0 -1 -0,
                0 -1 -0,
                0 -1 -0,
                0 -1 -0,
                0 -1 -0,
                0 -1 -0,
                0 -1 -0,
                0 -1 -0,
                0 -1 -0,
                0 -1 -0,
                0 -1 -0,
                0 -1 -0,
                0 -1 -0,
                0 -1 -0,
                0 -1 -0,
                0 -1 -0,
                0 -1 -0,
                0 -1 -0,
                0 -1 -0,
                0 -1 -0,
                0 -1 -0,
                0 -1 -0,
                0 -1 -0,
                0 -1 -0,
                0 -1 -0,
                0 -1 -0,
                0 -1 -0,
                0 -1 -0,
                0 -1 -0,
                0 -1 -0,
                0 -1 -0,
                0 -1 -0,
                0 -1 -0,
                0 -1 -0,
                0 -1 -0,
                0 -1 -0,
                0 -1 -0,
                0 -1 -0,
                0 -1 -0,
                0 -1 -0,
                0 -1 -0,
                0 -1 -0,
                -0 0.095706768 -0.99540955,
                -0 0.095706768 -0.99540955,
                -0 0.095706768 -0.99540955,
                -0 0.095706768 -0.99540955,
                0 0 1,
                0 0 1,
                0 0 1,
                0 0 1,
                0 0 1,
                0 0 1,
                0.16402003 0 0.98645699,
                0.32359743 0 0.94619483,
                0.47440985 0 0.8803041,
                0.61237246 0 0.79056942,
                0.73374832 0 0.67942137,
                0.8352499 0 0.54987055,
                0.91412789 0 0.40542597,
                0.96824586 0 0.25,
                0.96824586 0 0.25,
                0.91412789 0 0.40542597,
                0.8352499 0 0.54987055,
                0.73374832 0 0.67942137,
                0.61237246 0 0.79056942,
                0.47440985 0 0.8803041,
                0.32359743 0 0.94619483,
                0.16402003 0 0.98645699,
                2.220446e-16 -0 1,
                2.220446e-16 -0 1,
                0.16402003 -0 0.98645699,
                0.32359743 -0 0.94619483,
                0.47440985 -0 0.8803041,
                0.61237246 -0 0.79056942,
                0.73374832 -0 0.67942137,
                0.8352499 -0 0.54987055,
                0.91412789 -0 0.40542597,
                0.96824586 -0 0.25,
                0.96824586 -0 0.25,
                0.91412789 -0 0.40542597,
                0.8352499 -0 0.54987055,
                0.73374832 -0 0.67942137,
                0.61237246 -0 0.79056942,
                0.47440985 -0 0.8803041,
                0.32359743 -0 0.94619483,
                0.16402003 -0 0.98645699,
                0 0 1,
                0 0 1,
                0 0 1,
                0 0 1,
                0 0 1,
                0 0 1,
                0.17364818 0 0.98480773,
                0.34202015 0 0.93969262,
                0.5 0 0.86602539,
                0.64278764 0 0.76604444,
                0.76604444 0 0.64278764,
                0.86602539 0 0.5,
                0.93969262 0 0.34202015,
                0.98480773 0 0.17364818,
                1 0 1.110223e-16,
                1 0 1.110223e-16,
                0.98480773 0 0.17364818,
                0.93969262 0 0.34202015,
                0.86602539 0 0.5,
                0.76604444 0 0.64278764,
                0.64278764 0 0.76604444,
                0.5 0 0.86602539,
                0.34202015 0 0.93969262,
                0.17364818 0 0.98480773,
                1 0 0,
                1 0 0,
                1 0 0,
                1 0 0,
                1 0 5.5511151e-16,
                1 0 5.5511151e-16,
                0.98768836 0 -0.15643446,
                0.95105654 0 -0.309017,
                0.89100653 0 -0.45399049,
                0.809017 0 -0.58778524,
                0.70710677 0 -0.70710677,
                0.58778524 0 -0.809017,
                0.45399049 0 -0.89100653,
                0.309017 0 -0.95105654,
                0.15643446 0 -0.98768836,
                -6.6613381e-16 0 -1,
                2.220446e-16 0 -1,
                0.15643446 0 -0.98768836,
                0.309017 0 -0.95105654,
                0.45399049 0 -0.89100653,
                0.58778524 0 -0.809017,
                0.70710677 0 -0.70710677,
                0.809017 0 -0.58778524,
                0.89100653 0 -0.45399049,
                0.95105654 0 -0.309017,
                0.98768836 0 -0.15643446,
                0 0 -1,
                0 0 -1,
                0 0 -1,
                0 0 -1,
                2.220446e-16 0 -1,
                2.220446e-16 0 -1,
                -0.17364818 0 -0.98480773,
                -0.34202015 0 -0.93969262,
                -0.5 0 -0.86602539,
                -0.64278764 0 -0.76604444,
                -0.76604444 0 -0.64278764,
                -0.86602539 0 -0.5,
                -0.93969262 0 -0.34202015,
                -0.98480773 0 -0.17364818,
                -1 0 -2.220446e-16,
                -1 0 -2.220446e-16,
                -0.98480773 0 -0.17364818,
                -0.93969262 0 -0.34202015,
                -0.86602539 0 -0.5,
                -0.76604444 0 -0.64278764,
                -0.64278764 0 -0.76604444,
                -0.5 0 -0.86602539,
                -0.34202015 0 -0.93969262,
                -0.17364818 0 -0.98480773,
                -1 0 0,
                -1 0 0,
                -1 0 0,
                -1 0 0,
                -1 0 -1.110223e-15,
                -1 0 -1.110223e-15,
                -0.98768836 0 0.15643446,
                -0.95105654 0 0.309017,
                -0.89100653 0 0.45399049,
                -0.809017 0 0.58778524,
                -0.70710677 0 0.70710677,
                -0.58778524 0 0.809017,
                -0.45399049 0 0.89100653,
                -0.309017 0 0.95105654,
                -0.15643446 0 0.98768836,
                -2.220446e-16 0 1,
                -2.220446e-16 0 1,
                -0.15643446 0 0.98768836,
                -0.309017 0 0.95105654,
                -0.45399049 0 0.89100653,
                -0.58778524 0 0.809017,
                -0.70710677 0 0.70710677,
                -0.809017 0 0.58778524,
                -0.89100653 0 0.45399049,
                -0.95105654 0 0.309017,
                -0.98768836 0 0.15643446,
                0 0 1,
                0 0 1,
                0 0 1,
                0 0 1,
                -0.96824586 -0 0.25,
                -0.96824586 -0 0.25,
                -0.91412789 -0 0.40542597,
                -0.8352499 -0 0.54987055,
                -0.73374832 -0 0.67942137,
                -0.61237246 -0 0.79056942,
                -0.47440985 -0 0.8803041,
                -0.32359743 -0 0.94619483,
                -0.16402003 -0 0.98645699,
                -0 -0 1,
                -0 -0 1,
                -0.16402003 -0 0.98645699,
                -0.32359743 -0 0.94619483,
                -0.47440985 -0 0.8803041,
                -0.61237246 -0 0.79056942,
                -0.73374832 -0 0.67942137,
                -0.8352499 -0 0.54987055,
                -0.91412789 -0 0.40542597,
                -0.96824586 0 0.25,
                -0.96824586 0 0.25,
                -0.91412789 0 0.40542597,
                -0.8352499 0 0.54987055,
                -0.73374832 0 0.67942137,
                -0.61237246 0 0.79056942,
                -0.47440985 0 0.8803041,
                -0.32359743 0 0.94619483,
                -0.16402003 0 0.98645699,
                -2.220446e-16 0 1,
                -2.220446e-16 0 1,
                -0.16402003 0 0.98645699,
                -0.32359743 0 0.94619483,
                -0.47440985 0 0.8803041,
                -0.61237246 0 0.79056942,
                -0.73374832 0 0.67942137,
                -0.8352499 0 0.54987055,
                -0.91412789 0 0.40542597,
                1 0 0,
                1 0 0,
                1 0 0,
                1 0 0,
                -0 0.092718154 0.99569237,
                -0 0.092718154 0.99569237,
                -0 0.092718154 0.99569237,
                -0 0.092718154 0.99569237,
                -0 0.092718154 0.99569237,
                -0 0.092718154 0.99569237,
                -0 0.092718154 0.99569237,
                -0 0.092718154 0.99569237,
                -0 0.092718154 0.99569237,
                -0 0.092718154 0.99569237,
                -1 -0 -0,
                -1 -0 -0,
                -1 -0 -0,
                -1 -0 -0,
                -0 0.095706768 0.99540955,
                -0 0.095706768 0.99540955,
                -0 0.095706768 0.99540955,
                -0 0.095706768 0.99540955,
                -0.99540955 0.095706768 -0,
                -0.99540955 0.095706768 -0,
                -0.99540955 0.095706768 -0,
                -0.99540955 0.095706768 -0,
                -0 0.095706768 -0.99540955,
                -0 0.095706768 -0.99540955,
                -0 0.095706768 -0.99540955,
                -0 0.095706768 -0.99540955,
                0.99540955 0.095706768 -0,
                0.99540955 0.095706768 -0,
                0.99540955 0.095706768 -0,
                0.99540955 0.095706768 -0,
                -0 0.095706768 0.99540955,
                -0 0.095706768 0.99540955,
                -0 0.095706768 0.99540955,
                -0 0.095706768 0.99540955,
                -0.37139067 -0.92847669 0,
                -0.37139067 -0.92847669 0,
                -0.37139067 -0.92847669 0,
                -0.37139067 -0.92847669 0,
                -0.37139067 -0.92847669 0,
                -0.37139067 -0.92847669 0,
                -0.37139067 -0.92847669 0,
                -0.37139067 -0.92847669 0,
                -1 2.0884733e-07 -0,
                -0.99733192 -0.073000245 -0,
                -0.98933309 -0.14567086 -0,
                -0.95799333 -0.28679052 -0,
                -0.9080016 -0.41896668 -0,
                -0.84188074 -0.53966367 -0,
                -0.75877821 -0.65134907 -0,
                -0.66535246 -0.74652934 -0,
                -0.60000002 -0.80000001 -0,
                -0.60000002 -0.80000001 -0,
                -0.70145553 -0.71271324 -0,
                -0.79720551 -0.60370803 -0,
                -0.83799696 -0.54567486 -0,
                -0.8758325 -0.48261517 -0,
                -0.9098233 -0.41499579 -0,
                -0.93920249 -0.34336373 -0,
                -0.98468333 -0.17435236 -0,
                -1 3.1750158e-12 -0,
                -0 1 0,
                -0 1 0,
                -0 1 0,
                -0 1 0,
                -0 1 0,
                -0 1 0,
                -0 1 0,
                -0 1 0,
                -0 1 0,
                -0 1 0,
                -0 1 0,
                -0 1 0,
                -0 1 0,
                -0 1 0,
                -0 1 0,
                -0 1 0,
                -0 1 0,
                -0 1 0,
                -0 1 0,
                -0 1 0,
                -0 1 0,
                -0 1 0,
                0 0 1,
                0 0 1,
                0 0 1,
                0 0 1,
                0 0 1,
                -0.93920249 -0.34336373 -0,
                -0.90990341 -0.41482022 -0,
                -0.87601453 -0.48228467 -0,
                -0.83829731 -0.5452134 -0,
                -0.79763371 -0.6031422 -0,
                -0.70168996 -0.71248245 -0,
                -0.60000002 -0.80000001 -0,
                -0.60000002 -0.80000001 -0,
                -0.71100008 -0.70319194 -0,
                -0.76288831 -0.64653033 -0,
                -0.81123471 -0.58472061 -0,
                -0.85583276 -0.51725262 -0,
                -0.8957116 -0.44463551 -0,
                -0.92995065 -0.36768436 -0,
                -0.95783842 -0.28730753 -0,
                -0.98929006 -0.145963 -0,
                -0.99732119 -0.073147148 -0,
                -1 5.3221476e-07 -0,
                -1 5.9353022e-07 -0,
                -0.98468333 -0.17435229 -0,
                -0 -0 -1,
                -0 -0 -1,
                -0 -0 -1,
                -0 -0 -1,
                -0 -0 -1,
                0.37139067 -0.92847669 0,
                0.37139067 -0.92847669 0,
                0.37139067 -0.92847669 0,
                0.37139067 -0.92847669 0,
                0.37139067 -0.92847669 0,
                0.37139067 -0.92847669 0,
                0.37139067 -0.92847669 0,
                0.37139067 -0.92847669 0,
                1 2.0881083e-07 -0,
                0.99733192 -0.073000245 -0,
                0.98933309 -0.14567086 -0,
                0.95799333 -0.28679052 -0,
                0.9080016 -0.41896668 -0,
                0.84188074 -0.53966367 -0,
                0.75877821 -0.65134907 -0,
                0.66535246 -0.74652934 -0,
                0.60000002 -0.80000001 -0,
                0.60000002 -0.80000001 -0,
                0.70145553 -0.71271324 -0,
                0.79720551 -0.60370803 -0,
                0.83799696 -0.54567486 -0,
                0.8758325 -0.48261517 -0,
                0.9098233 -0.41499579 -0,
                0.93920249 -0.34336373 -0,
                0.98468333 -0.17435236 -0,
                1 3.1750158e-12 -0,
                -0 1 0,
                -0 1 0,
                -0 1 0,
                -0 1 0,
                -0 1 0,
                -0 1 0,
                -0 1 0,
                -0 1 0,
                -0 1 0,
                -0 1 0,
                -0 1 0,
                -0 1 0,
                -0 1 0,
                -0 1 0,
                -0 1 0,
                -0 1 0,
                -0 1 0,
                -0 1 0,
                -0 1 0,
                -0 1 0,
                -0 1 0,
                -0 1 0,
                -0 -0 -1,
                -0 -0 -1,
                -0 -0 -1,
                -0 -0 -1,
                -0 -0 -1,
                0.93920249 -0.34336373 -0,
                0.91189438 -0.41042492 -0,
                0.88052928 -0.47399178 -0,
                0.80824971 -0.58883989 -0,
                0.75923264 -0.6508193 -0,
                0.70753497 -0.70667833 -0,
                0.60000002 -0.80000001 -0,
                0.60000002 -0.80000001 -0,
                0.71100008 -0.70319194 -0,
                0.76288831 -0.64653033 -0,
                0.81123471 -0.58472061 -0,
                0.85583276 -0.51725262 -0,
                0.8957116 -0.44463551 -0,
                0.92995065 -0.36768436 -0,
                0.95783842 -0.28730753 -0,
                0.98929006 -0.145963 -0,
                0.99732119 -0.073147148 -0,
                1 5.3220049e-07 -0,
                1 5.9353022e-07 -0,
                0.98468333 -0.17435229 -0,
                0 0 1,
                0 0 1,
                0 0 1,
                0 0 1,
                0 0 1,
                0 -1 0,
                0 -1 0,
                0 -1 0,
                0 -1 0,
                0 -1 0,
                0 -1 0,
                0 -1 0,
                0 -1 0,
                0 -1 0,
                0 -1 0,
                0 -1 0,
                0 -1 0,
                0 -1 0,
                0 -1 0,
                0 -1 0,
                0 -1 0,
                0 -1 0,
                0 -1 0,
                0 -1 0,
                0 -1 0,
                0 -1 0,
                0 -1 0,
                0 -1 0,
                0 -1 0,
                0 -1 0,
                0 -1 0,
                0 -1 0,
                0 -1 0,
                0 -1 0,
                0 -1 0,
                0 -1 0,
                0 -1 0,
                0 -1 0,
                0 -1 0,
                0 -1 0,
                0 -1 0,
                0 -1 0,
                0 -1 0,
                0 -1 0,
                0 -1 0,
                0 -1 0,
                0 -1 0,
                0 -1 0,
                0 -1 0,
                0 -1 0,
                0 -1 0,
                0 -1 0,
                0 -1 0,
                0 -1 0,
                0 -1 0,
                0 -1 0,
                0 -1 0,
                0 -1 0,
                0 -1 0,
                0 -1 0,
                0 -1 0,
                0 -1 0,
                0 -1 0,
                0 -1 0,
                0 -1 0,
                0 -1 0,
                0 -1 0,
                0 -1 0,
                0 -1 0,
                0 -1 0,
                0 -1 0,
                0 -1 0,
                0 -1 0,
                0 -1 0,
                0 -1 0,
                0 -1 0,
                0 -1 0,
                0 -1 0,
                0 -1 0,
                0 -1 0,
                0 -1 0,
                0 -1 0,
                0 -1 0,
                0 -1 0,
                0 -1 0,
                0 -1 0,
                0 -1 0,
                0 -1 0,
                0 -1 0,
                0 -1 0,
                0 -1 0,
                0 -1 0,
                0 -1 0,
                0 -1 -0,
                0 -1 -0,
                0 -1 -0,
                0 -1 -0,
                0 -1 -0,
                0 -1 -0,
                0 -1 -0,
                0 -1 -0,
                0 -1 -0,
                0 -1 -0,
                0 -1 -0,
                0 -1 -0,
                0 -1 -0,
                0 -1 -0,
                0 -1 -0,
                0 -1 -0,
                0 -1 -0,
                0 -1 -0,
                0 -1 -0,
                0 -1 -0,
                0 -1 -0,
                0 -1 -0,
                0 -1 -0,
                0 -1 -0,
                0 -1 -0,
                0 -1 -0,
                0 -1 -0,
                0 -1 -0,
                0 -1 -0,
                0 -1 -0,
                0 -1 -0,
                0 -1 -0,
                0 -1 -0,
                0 -1 -0,
                0 -1 -0,
                0 -1 -0,
                -0 1 0,
                -0 1 0,
                -0 1 0,
                -0 1 0,
                -0 1 0,
                -0 1 0,
                -0 1 0,
                -0 1 0,
                -0 1 0,
                -0 1 0,
                -0 1 0,
                -0 1 0,
                -0 1 0,
                -0 1 0,
                -0 1 0,
                -0 1 0,
                -0 1 0,
                -0 1 0,
                -0 1 0,
                -0 1 0,
                -0 1 0,
                -0 1 0,
                -0 1 0,
                -0 1 0,
                -0 1 0,
                -0 1 0,
                -0 1 0,
                -0 1 0,
                -0 1 0,
                -0 1 0,
                -0 1 0,
                -0 1 0,
                -0 1 0,
                -0 1 0,
                -0 1 0,
                -0 1 0,
                -0 1 0,
                -0 1 0,
                -0 1 0,
                -0 1 0,
                -0 1 0,
                -0 1 0,
                -0 1 0,
                -0 1 0,
                -0 1 0,
                -0 1 0,
                -0 1 0,
                -0 1 0,
                -0 1 0,
                -0 1 0,
                -0 1 0,
                -0 1 0,
                -0 1 0,
                -0 1 0,
                -0 1 0,
                -0 1 0,
                -0 1 0,
                -0 1 0,
                -0 1 0,
                -0 1 0,
                -0 1 0,
                -0 1 0,
                -0 1 0,
                -0 1 0,
                -0 1 0,
                -0 1 0,
                -0 1 0,
                -0 1 0,
                -0 1 0,
                -0 1 0,
                -0 1 0,
                -0 1 0,
                -0 1 0,
                -0 1 0,
                -0 1 0,
                -0 1 0,
                -0 1 0,
                -0 1 0,
                -0 1 0,
                -0 1 0,
                -0 1 0,
                -0 1 0,
                -0 1 0,
                -0 1 0,
                -0 1 0,
                -0 1 0,
                -0 1 0,
                -0 1 0,
                -0 1 0,
                -0 1 0,
                -0 1 0,
                -0 1 0,
                -0 1 0,
                -0 1 0,
                -0 1 0,
                -0 1 0,
                -0 1 0,
                -0 1 0,
                -0 1 0,
                -0 1 0,
                -0 1 0,
                -0 1 0,
                -0 1 0,
                -0 1 0,
                -0 1 0,
                -0 1 0,
                -0 1 0,
                -0 1 0,
                -0 1 0,
                -0 1 0,
                -0 1 0,
                -0 1 0,
                0 -1 0,
                0 -1 0,
                0 -1 0,
                0 -1 0,
                0 -1 0,
                0 -1 0,
                0 -1 0,
                0 -1 0,
                0 -1 0,
                0 -1 0,
                0 -1 0,
                0 -1 0,
                0 -1 0,
                0 -1 0,
                0 -1 0,
                0 -1 0,
                0 -1 0,
                0 -1 0,
                0 -1 0,
                0 -1 0,
                0 -1 0,
                0 -1 0,
                0 -1 0,
                0 -1 0,
                0 -1 0,
                0 -1 0,
                0 -1 0,
                0 -1 0,
                0 -1 0,
                0 -1 0,
                0 -1 0,
                0 -1 0,
                0 -1 0,
                0 -1 0,
                0 -1 0,
                0 -1 0,
                0 -1 0,
                0 -1 0,
                0 -1 0,
                0 -1 0,
                0 -1 0,
                0 -1 0,
                0 -1 0,
                0 -1 0,
                0 -1 0,
                0 -1 0,
                0 -1 0,
                0 -1 0,
                0 -1 0,
                0 -1 0,
                0 -1 0,
                0 -1 0,
                0 -1 0,
                0 -1 0,
                0 -1 0,
                0 -1 0,
                0 -1 0,
                0 -1 0,
                0 -1 0,
                0 -1 0,
                0 -1 0,
                0 -1 0,
                0 -1 0,
                0 -1 0,
                0 -1 0,
                0 -1 0,
                0 -1 0,
                0 -1 0,
                0 -1 0,
                0 -1 0,
                0 -1 0,
                0 -1 0,
                0 -1 0,
                0 -1 0,
                0 -1 0,
                0 -1 0,
                0 -1 0,
                0 -1 0,
                0 -1 0,
                0 -1 0,
                0 -1 0,
                0 -1 0,
                0 -1 0,
                0 -1 0,
                0 -1 0,
                0 -1 0,
                0 -1 0,
                0 -1 0,
                0 -1 0,
                0 -1 0,
                0 -1 0,
                0 -1 0,
                0 -1 0,
                0 -1 0,
                0 -1 0,
                0 -1 0,
                -0 0.9238795 0.38268343,
                -0 0.9238795 0.38268343,
                -0 0.9238795 0.38268343,
                -0 0.9238795 0.38268343,
                -1 0 0,
                -1 0 0,
                -1 0 0,
                -1 0 0,
                -1 0 0,
                -1 0 0,
                -1 0 0,
                -1 0 0,
                -1 0 0,
                -1 0 0,
                -1 0 0,
                -1 0 0,
                -1 0 0,
                -1 0 0,
                -1 0 0,
                -1 0 0,
                -1 0 0,
                -1 0 0,
                -1 0 0,
                -1 0 0,
                -1 0 0,
                -1 0 0,
                -1 0 0,
                -1 0 0,
                -1 0 0,
                -1 0 0,
                -1 0 0,
                -1 0 0,
                -1 0 0,
                -1 0 0,
                -1 0 0,
                -1 0 0,
                -1 0 0,
                -1 0 0,
                -0 0.9238795 -0.38268343,
                -0 0.9238795 -0.38268343,
                -0 0.9238795 -0.38268343,
                -0 0.9238795 -0.38268343,
                0 -1 0,
                0 -1 0,
                0 -1 0,
                0 -1 0,
                0.792624 0.60971075 0,
                0.792624 0.60971075 0,
                0.792624 0.60971075 0,
                0.792624 0.60971075 0,
                1 0 0,
                1 0 0,
                1 0 0,
                1 0 0,
                -0 0.9238795 -0.38268343,
                -0 0.9238795 -0.38268343,
                -0 0.9238795 -0.38268343,
                -0 0.9238795 -0.38268343,
                1 0 0,
                1 0 0,
                1 0 0,
                1 0 0,
                1 0 0,
                1 0 0,
                1 0 0,
                1 0 0,
                1 0 0,
                1 0 0,
                1 0 0,
                1 0 0,
                1 0 0,
                1 0 0,
                1 0 0,
                1 0 0,
                1 0 0,
                1 0 0,
                1 0 0,
                1 0 0,
                1 0 0,
                1 0 0,
                1 0 0,
                1 0 0,
                1 0 0,
                1 0 0,
                1 0 0,
                1 0 0,
                1 0 0,
                1 0 0,
                1 0 0,
                1 0 0,
                1 0 0,
                1 0 0,
                -0 0.9238795 0.38268343,
                -0 0.9238795 0.38268343,
                -0 0.9238795 0.38268343,
                -0 0.9238795 0.38268343,
                0 -1 0,
                0 -1 0,
                0 -1 0,
                0 -1 0,
                -0.792624 0.60971075 0,
                -0.792624 0.60971075 0,
                -0.792624 0.60971075 0,
                -0.792624 0.60971075 0,
                -1 0 0,
                -1 0 0,
                -1 0 0,
                -1 0 0,
                -0.98429233 0 -0.17654641,
                -0.98429233 0 -0.17654641,
                -0.98429233 0 -0.17654641,
                -0.98429233 0 -0.17654641,
                -0.88060677 0 -0.47384781,
                -0.88060677 0 -0.47384781,
                -0.88060677 0 -0.47384781,
                -0.88060677 0 -0.47384781,
                -0.77815187 0 -0.62807614,
                -0.77815187 0 -0.62807614,
                -0.77815187 0 -0.62807614,
                -0.77815187 0 -0.62807614,
                -0.52661592 0 -0.85010332,
                -0.52661592 0 -0.85010332,
                -0.52661592 0 -0.85010332,
                -0.52661592 0 -0.85010332,
                0 0 -1,
                0 0 -1,
                0 0 -1,
                0 0 -1,
                0.52661574 0 -0.85010344,
                0.52661574 0 -0.85010344,
                0.52661574 0 -0.85010344,
                0.52661574 0 -0.85010344,
                0.77815187 0 -0.62807614,
                0.77815187 0 -0.62807614,
                0.77815187 0 -0.62807614,
                0.77815187 0 -0.62807614,
                0.88060683 0 -0.47384769,
                0.88060683 0 -0.47384769,
                0.88060683 0 -0.47384769,
                0.88060683 0 -0.47384769,
                0.98429227 0 -0.17654653,
                0.98429227 0 -0.17654653,
                0.98429227 0 -0.17654653,
                0.98429227 0 -0.17654653,
                1 0 0,
                1 0 0,
                1 0 0,
                1 0 0,
                0.98429227 0 0.17654662,
                0.98429227 0 0.17654662,
                0.98429227 0 0.17654662,
                0.98429227 0 0.17654662,
                0.94126838 0 0.33765939,
                0.94126838 0 0.33765939,
                0.94126838 0 0.33765939,
                0.94126838 0 0.33765939,
                0.77815187 0 0.62807614,
                0.77815187 0 0.62807614,
                0.77815187 0 0.62807614,
                0.77815187 0 0.62807614,
                0.52661574 0 0.85010344,
                0.52661574 0 0.85010344,
                0.52661574 0 0.85010344,
                0.52661574 0 0.85010344,
                0 0 1,
                0 0 1,
                0 0 1,
                0 0 1,
                -0.52661592 0 0.85010332,
                -0.52661592 0 0.85010332,
                -0.52661592 0 0.85010332,
                -0.52661592 0 0.85010332,
                -0.77815187 0 0.62807614,
                -0.77815187 0 0.62807614,
                -0.77815187 0 0.62807614,
                -0.77815187 0 0.62807614,
                -0.94126832 0 0.33765951,
                -0.94126832 0 0.33765951,
                -0.94126832 0 0.33765951,
                -0.94126832 0 0.33765951,
                -0.98429233 0 0.1765465,
                -0.98429233 0 0.1765465,
                -0.98429233 0 0.1765465,
                -0.98429233 0 0.1765465,
                -1 0 0,
                -1 0 0,
                -1 0 0,
                -1 0 0,
                0.22495106 -0 0.97437006,
                0.22495106 -0 0.97437006,
                0.38469812 -0 0.92304248,
                0.53361452 -0 0.8457278,
                0.66750771 -0 0.74460286,
                0.78260815 -0 0.62251467,
                0.87567532 -0 0.48290035,
                0.944089 -0 0.32969064,
                0.98592317 -0 0.16719896,
                1 -0 -1.9428903e-16,
                1 -0 -1.9428903e-16,
                0.98592317 -0 0.16719896,
                0.944089 -0 0.32969064,
                0.87567532 -0 0.48290035,
                0.78260815 -0 0.62251467,
                0.66750771 -0 0.74460286,
                0.53361452 -0 0.8457278,
                0.38469812 -0 0.92304248,
                0.22495106 -0 0.97437006,
                0.22495106 -0 0.97437006,
                0.22495106 -0 0.97437006,
                0.22495106 -0 0.97437006,
                2.4492937e-16 -0 1,
                0.11320321 -0 0.99357188,
                0.22495106 -0 0.97437006,
                0.22495106 -0 0.97437006,
                0.11320321 -0 0.99357188,
                2.4492937e-16 -0 1,
                -0.22495106 -0 0.97437006,
                -0.22495106 -0 0.97437006,
                -0.22495106 -0 0.97437006,
                -0.22495106 -0 0.97437006,
                -1 -0 5.5511151e-17,
                -1 -0 5.5511151e-17,
                -0.98592317 -0 0.16719896,
                -0.944089 -0 0.32969064,
                -0.87567532 -0 0.48290035,
                -0.78260815 -0 0.62251467,
                -0.66750771 -0 0.74460286,
                -0.53361452 -0 0.8457278,
                -0.38469812 -0 0.92304248,
                -0.22495106 -0 0.97437006,
                -0.22495106 -0 0.97437006,
                -0.38469812 -0 0.92304248,
                -0.53361452 -0 0.8457278,
                -0.66750771 -0 0.74460286,
                -0.78260815 -0 0.62251467,
                -0.87567532 -0 0.48290035,
                -0.944089 -0 0.32969064,
                -0.98592317 -0 0.16719896,
                -1 -0 -0,
                -1 -0 -0,
                -1 -0 -0,
                -1 -0 -0,
                -0.22495106 -0 -0.97437006,
                -0.22495106 -0 -0.97437006,
                -0.38469812 -0 -0.92304248,
                -0.53361452 -0 -0.8457278,
                -0.66750771 -0 -0.74460286,
                -0.78260815 -0 -0.62251467,
                -0.87567532 -0 -0.48290035,
                -0.944089 -0 -0.32969064,
                -0.98592317 -0 -0.16719896,
                -1 -0 5.5511151e-17,
                -1 -0 5.5511151e-17,
                -0.98592317 -0 -0.16719896,
                -0.944089 -0 -0.32969064,
                -0.87567532 -0 -0.48290035,
                -0.78260815 -0 -0.62251467,
                -0.66750771 -0 -0.74460286,
                -0.53361452 -0 -0.8457278,
                -0.38469812 -0 -0.92304248,
                -0.22495106 -0 -0.97437006,
                -0.22495106 -0 -0.97437006,
                -0.22495106 -0 -0.97437006,
                -0.22495106 -0 -0.97437006,
                0.22495106 -0 -0.97437006,
                0.22495106 -0 -0.97437006,
                0.075558856 -0 -0.99714136,
                -0.075558856 -0 -0.99714136,
                -0.22495106 -0 -0.97437006,
                -0.22495106 -0 -0.97437006,
                -0.075558856 -0 -0.99714136,
                0.075558856 -0 -0.99714136,
                0.22495106 -0 -0.97437006,
                0.22495106 -0 -0.97437006,
                0.22495106 -0 -0.97437006,
                0.22495106 -0 -0.97437006,
                1 -0 -1.9428903e-16,
                1 -0 -1.9428903e-16,
                0.98592317 -0 -0.16719896,
                0.944089 -0 -0.32969064,
                0.87567532 -0 -0.48290035,
                0.78260815 -0 -0.62251467,
                0.66750771 -0 -0.74460286,
                0.53361452 -0 -0.8457278,
                0.38469812 -0 -0.92304248,
                0.22495106 -0 -0.97437006,
                0.22495106 -0 -0.97437006,
                0.38469812 -0 -0.92304248,
                0.53361452 -0 -0.8457278,
                0.66750771 -0 -0.74460286,
                0.78260815 -0 -0.62251467,
                0.87567532 -0 -0.48290035,
                0.944089 -0 -0.32969064,
                0.98592317 -0 -0.16719896,
                1 -0 -0,
                1 -0 -0,
                1 -0 -0,
                1 -0 -0,
                1.0605752e-16 -0.5 -0.86602539,
                1.0605752e-16 -0.5 -0.86602539,
                -0.15038373 -0.5 -0.85286856,
                -0.29619813 -0.5 -0.81379765,
                -0.43301269 -0.5 -0.75,
                -0.55667043 -0.5 -0.66341394,
                -0.66341394 -0.5 -0.55667043,
                -0.75 -0.5 -0.43301269,
                -0.81379765 -0.5 -0.29619813,
                -0.85286856 -0.5 -0.15038373,
                -0.86602539 -0.5 -1.5908629e-16,
                -0.85286856 -0.5 0.15038373,
                -0.81379765 -0.5 0.29619813,
                -0.75 -0.5 0.43301269,
                -0.66341394 -0.5 0.55667043,
                -0.55667043 -0.5 0.66341394,
                -0.43301269 -0.5 0.75,
                -0.29619813 -0.5 0.81379765,
                -0.15038373 -0.5 0.85286856,
                -2.1211505e-16 -0.5 0.86602539,
                -2.1211505e-16 -0.5 0.86602539,
                -0.14954956 -0.5 0.85301518,
                -0.29460576 -0.5 0.81437546,
                -0.43081033 -0.5 0.75126725,
                -0.55407089 -0.5 0.66558659,
                -0.66068387 -0.5 0.55990785,
                -0.74744618 -0.5 0.43740624,
                -0.81175083 -0.5 0.30176243,
                -0.85166585 -0.5 0.15705194,
                -0.86599183 -0.5 0.0076226834,
                -0.85429847 -0.5 -0.14203559,
                -0.81693703 -0.5 -0.28742629,
                -0.7550301 -0.5 -0.42418104,
                -0.67043769 -0.5 -0.54819095,
                -0.56570143 -0.5 -0.65573007,
                -0.44396824 -0.5 -0.74356723,
                -0.30889571 -0.5 -0.80906332,
                -0.16454214 -0.5 -0.85025048,
                -0.015244776 -0.5 -0.86589122,
                1 0 0,
                1 0 0,
                1 0 0,
                1 0 0,
                1 0 1.110223e-16,
                1 0 1.110223e-16,
                0.98480773 0 0.17364818,
                0.93969262 0 0.34202015,
                0.86602539 0 0.5,
                0.76604444 0 0.64278764,
                0.64278764 0 0.76604444,
                0.5 0 0.86602539,
                0.34202015 0 0.93969262,
                0.17364818 0 0.98480773,
                0 0 1,
                0 0 1,
                0.17364818 0 0.98480773,
                0.34202015 0 0.93969262,
                0.5 0 0.86602539,
                0.64278764 0 0.76604444,
                0.76604444 0 0.64278764,
                0.86602539 0 0.5,
                0.93969262 0 0.34202015,
                0.98480773 0 0.17364818,
                1 0 0,
                1 0 0,
                1 0 0,
                1 0 0,
                0 0 1,
                0 0 1,
                0 0 1,
                0 0 1,
                -2.220446e-16 0 1,
                -2.220446e-16 0 1,
                -0.17364818 0 0.98480773,
                -0.34202015 0 0.93969262,
                -0.5 0 0.86602539,
                -0.64278764 0 0.76604444,
                -0.76604444 0 0.64278764,
                -0.86602539 0 0.5,
                -0.93969262 0 0.34202015,
                -0.98480773 0 0.17364818,
                -1 0 -2.220446e-16,
                -1 0 -2.220446e-16,
                -0.98480773 0 0.17364818,
                -0.93969262 0 0.34202015,
                -0.86602539 0 0.5,
                -0.76604444 0 0.64278764,
                -0.64278764 0 0.76604444,
                -0.5 0 0.86602539,
                -0.34202015 0 0.93969262,
                -0.17364818 0 0.98480773,
                -1 0 0,
                -1 0 0,
                -1 0 0,
                -1 0 0,
                -1 0 -1.6653345e-16,
                -1 0 -1.6653345e-16,
                -0.98768836 0 -0.15643446,
                -0.95105654 0 -0.309017,
                -0.89100653 0 -0.45399049,
                -0.809017 0 -0.58778524,
                -0.70710677 0 -0.70710677,
                -0.70710677 0 -0.70710677,
                -0.809017 0 -0.58778524,
                -0.89100653 0 -0.45399049,
                -0.95105654 0 -0.309017,
                -0.98768836 0 -0.15643446,
                -0.70710677 0 -0.70710677,
                -0.70710677 0 -0.70710677,
                -0.70710677 0 -0.70710677,
                -0.70710677 0 -0.70710677,
                -0.70710677 0 -0.70710677,
                -0.70710677 0 -0.70710677,
                -0.58778524 0 -0.809017,
                -0.45399049 0 -0.89100653,
                -0.309017 0 -0.95105654,
                -0.15643446 0 -0.98768836,
                1.110223e-16 0 -1,
                1.110223e-16 0 -1,
                -0.15643446 0 -0.98768836,
                -0.309017 0 -0.95105654,
                -0.45399049 0 -0.89100653,
                -0.58778524 0 -0.809017,
                0 0 -1,
                0 0 -1,
                0 0 -1,
                0 0 -1,
                1.110223e-16 0 -1,
                1.110223e-16 0 -1,
                0.15643446 0 -0.98768836,
                0.309017 0 -0.95105654,
                0.45399049 0 -0.89100653,
                0.58778524 0 -0.809017,
                0.70710677 0 -0.70710677,
                0.70710677 0 -0.70710677,
                0.58778524 0 -0.809017,
                0.45399049 0 -0.89100653,
                0.309017 0 -0.95105654,
                0.15643446 0 -0.98768836,
                0.70710677 0 -0.70710677,
                0.70710677 0 -0.70710677,
                0.70710677 0 -0.70710677,
                0.70710677 0 -0.70710677,
                0.70710677 0 -0.70710677,
                0.70710677 0 -0.70710677,
                0.809017 0 -0.58778524,
                0.89100653 0 -0.45399049,
                0.95105654 0 -0.309017,
                0.98768836 0 -0.15643446,
                1 0 4.9960036e-16,
                1 0 4.9960036e-16,
                0.98768836 0 -0.15643446,
                0.95105654 0 -0.309017,
                0.89100653 0 -0.45399049,
                0.809017 0 -0.58778524,
                -0 0.9238795 0.38268343,
                -0 0.97553945 0.21982437,
                -0 0.9987216 0.050548252,
                -0 0.99274927 -0.12020347,
                -0 0.95779675 -0.28744623,
                -0 0.89488447 -0.44629791,
                -0 0.80584884 -0.59212136,
                -0 0.69328898 -0.72065967,
                -0 0.56049079 -0.82816064,
                -0 0.41133085 -0.91148609,
                -0 0.25016341 -0.9682036,
                -0 0.08169324 -0.99665755,
                -0 0.08169324 -0.99665755,
                -0 0.25016341 -0.9682036,
                -0 0.41133085 -0.91148609,
                -0 0.56049079 -0.82816064,
                -0 0.69328898 -0.72065967,
                -0 0.80584884 -0.59212136,
                -0 0.89488447 -0.44629791,
                -0 0.95779675 -0.28744623,
                -0 0.99274927 -0.12020347,
                -0 0.9987216 0.050548252,
                -0 0.97553945 0.21982437,
                -0 0.9238795 0.38268343,
                -0 0.08169324 -0.99665755,
                -0 0.08169324 -0.99665755,
                -0 0.08169324 -0.99665755,
                -0 0.08169324 -0.99665755,
                -1 -2.220446e-16 0,
                -0.99405682 -0.10886229 0,
                -0.97629601 -0.21643962 0,
                -0.94692862 -0.32144383 0,
                -0.90630782 -0.42261827 0,
                -0.90630782 -0.42261827 0,
                -0.94692862 -0.32144383 0,
                -0.97629601 -0.21643962 0,
                -0.99405682 -0.10886229 0,
                -1 6.6613381e-16 0,
                -0 0.08169324 0.99665755,
                -0 0.08169324 0.99665755,
                -0 0.08169324 0.99665755,
                -0 0.08169324 0.99665755,
                -0 0.08169324 0.99665755,
                -0 0.25016341 0.9682036,
                -0 0.41133085 0.91148609,
                -0 0.56049079 0.82816064,
                -0 0.69328898 0.72065967,
                -0 0.80584884 0.59212136,
                -0 0.89488447 0.44629791,
                -0 0.95779675 0.28744623,
                -0 0.99274927 0.12020347,
                -0 0.9987216 -0.050548252,
                -0 0.97553945 -0.21982437,
                -0 0.9238795 -0.38268343,
                -0 0.9238795 -0.38268343,
                -0 0.97553945 -0.21982437,
                -0 0.9987216 -0.050548252,
                -0 0.99274927 0.12020347,
                -0 0.95779675 0.28744623,
                -0 0.89488447 0.44629791,
                -0 0.80584884 0.59212136,
                -0 0.69328898 0.72065967,
                -0 0.56049079 0.82816064,
                -0 0.41133085 0.91148609,
                -0 0.25016341 0.9682036,
                -0 0.08169324 0.99665755,
                -0 0.9238795 -0.38268343,
                -0 0.97553945 -0.21982437,
                -0 0.9987216 -0.050548252,
                -0 0.99274927 0.12020347,
                -0 0.95779675 0.28744623,
                -0 0.89488447 0.44629791,
                -0 0.80584884 0.59212136,
                -0 0.69328898 0.72065967,
                -0 0.56049079 0.82816064,
                -0 0.41133085 0.91148609,
                -0 0.25016341 0.9682036,
                -0 0.08169324 0.99665755,
                -0 0.08169324 0.99665755,
                -0 0.25016341 0.9682036,
                -0 0.41133085 0.91148609,
                -0 0.56049079 0.82816064,
                -0 0.69328898 0.72065967,
                -0 0.80584884 0.59212136,
                -0 0.89488447 0.44629791,
                -0 0.95779675 0.28744623,
                -0 0.99274927 0.12020347,
                -0 0.9987216 -0.050548252,
                -0 0.97553945 -0.21982437,
                -0 0.9238795 -0.38268343,
                -0 0.08169324 0.99665755,
                -0 0.08169324 0.99665755,
                -0 0.08169324 0.99665755,
                -0 0.08169324 0.99665755,
                1 -2.220446e-16 0,
                0.99405682 -0.10886229 0,
                0.97629601 -0.21643962 0,
                0.94692862 -0.32144383 0,
                0.90630782 -0.42261827 0,
                0.90630782 -0.42261827 0,
                0.94692862 -0.32144383 0,
                0.97629601 -0.21643962 0,
                0.99405682 -0.10886229 0,
                1 6.6613381e-16 0,
                -0 0.08169324 -0.99665755,
                -0 0.08169324 -0.99665755,
                -0 0.08169324 -0.99665755,
                -0 0.08169324 -0.99665755,
                -0 0.08169324 -0.99665755,
                -0 0.25016341 -0.9682036,
                -0 0.41133085 -0.91148609,
                -0 0.56049079 -0.82816064,
                -0 0.69328898 -0.72065967,
                -0 0.80584884 -0.59212136,
                -0 0.89488447 -0.44629791,
                -0 0.95779675 -0.28744623,
                -0 0.99274927 -0.12020347,
                -0 0.9987216 0.050548252,
                -0 0.97553945 0.21982437,
                -0 0.9238795 0.38268343,
                -0 0.9238795 0.38268343,
                -0 0.97553945 0.21982437,
                -0 0.9987216 0.050548252,
                -0 0.99274927 -0.12020347,
                -0 0.95779675 -0.28744623,
                -0 0.89488447 -0.44629791,
                -0 0.80584884 -0.59212136,
                -0 0.69328898 -0.72065967,
                -0 0.56049079 -0.82816064,
                -0 0.41133085 -0.91148609,
                -0 0.25016341 -0.9682036,
                -0 0.08169324 -0.99665755,
                0 -1 0,
                0 -1 0,
                0 -1 0,
                0 -1 0,
                0 -1 0,
                0 -1 0,
                0 -1 0,
                0 -1 0,
                0 -1 0,
                0 -1 0,
                0 -1 0,
                0 -1 0,
                0 -1 0,
                0 -1 0,
                0 -1 0,
                0 -1 0,
                0 -1 0,
                0 -1 0,
                0 -1 0,
                0 -1 0,
                -0 1 0,
                -0 1 0,
                -0 1 0,
                -0 1 0,
                -0 1 0,
                -0 1 0,
                -0 1 0,
                -0 1 0,
                -0 1 0,
                -0 1 0,
                -0 1 0,
                -0 1 0,
                -0 1 0,
                -0 1 0,
                -0 1 0,
                -0 1 0,
                -0 1 0,
                -0 1 0,
                -0 1 0,
                -0 1 0,
                -0 1 0,
                -0 1 0,
                -0 1 0,
                -0 1 0,
                -0 1 0,
                -0 1 0,
                -0 1 0,
                -0 1 0,
                -0 1 0,
                -0 1 0,
                -0 1 0,
                -0 1 0,
                -0 1 0,
                -0 1 0,
                -0 1 0,
                -0 1 0,
                -0 1 0,
                -0 1 0,
                -0 1 0,
                -0 1 0,
                -0 1 0,
                -0 1 0,
                -0 1 0,
                -0 1 0,
                -0 1 0,
                -0 1 0,
                -0 1 0,
                -0 1 0,
                -0 1 0,
                -0 1 0,
                -0 1 0,
                -0 1 0,
                -0 1 0,
                -0 1 0,
                -0 1 0,
                -0 1 0,
                -0 1 0,
                -0 1 0,
                -0 1 0,
                -0 1 0,
                -0 1 0,
                -0 1 0,
                -0 1 0,
                -0 1 0,
                -0 1 0,
                -0 1 0,
                -0 1 0,
                -0 1 0,
                -0 1 0,
                -0 1 0,
                -0 1 0,
                -0 1 0,
                -0 1 0,
                -0 1 0,
                -0 1 0,
                -0 1 0,
                -0 1 0,
                -0 1 0,
                -0 1 0,
                -0 1 0,
                -0 1 0,
                -0 1 0,
                -0 1 0,
                -0 1 0,
                -0 1 0,
                -0 1 0,
                -0 1 0,
                -0 1 0,
                -0 1 0,
                -0 1 0,
                0.015244776 -0.5 0.86589122,
                6.6047062e-14 -0.5 0.86602539,
                -0.14955215 -0.5 0.85301477,
                -0.2946054 -0.5 0.81437564,
                -0.4308106 -0.5 0.75126708,
                -0.55407095 -0.5 0.66558647,
                -0.66068423 -0.5 0.5599075,
                -0.7474429 -0.5 0.43741179,
                -0.81176215 -0.5 0.30173206,
                -0.85164738 -0.5 0.15715191,
                -0.86599183 -0.5 0.0076226834,
                -0.85428721 -0.5 -0.1421032,
                -0.81694424 -0.5 -0.28740585,
                -0.75502795 -0.5 -0.42418489,
                -0.67043787 -0.5 -0.54819071,
                -0.56570148 -0.5 -0.65573001,
                -0.44396856 -0.5 -0.74356705,
                -0.30889532 -0.5 -0.80906343,
                -0.16454482 -0.5 -0.85024995,
                -0.015244774 -0.5 -0.86589122,
                -0.013484847 -0.642784 -0.7659288,
                -0.011315214 -0.76603836 -0.64269525,
                -0.0088017909 -0.8660183 -0.49993485,
                -0.006020945 -0.93968612 -0.34198496,
                -0.0030571658 -0.98480362 -0.17364462,
                -5.0081832e-07 -1 -2.8446091e-05,
                4.1231196e-08 -1 3.6525699e-07,
                9.6364026e-08 -1 4.606413e-07,
                1.3943374e-07 -1 4.5291839e-07,
                1.7934543e-07 -1 4.2896781e-07,
                2.1791719e-07 -1 4.0007339e-07,
                2.423227e-07 -1 3.5398037e-07,
                6.0130375e-08 -1 7.1126962e-08,
                -4.5978995e-06 -1 -4.4254052e-06,
                9.5493783e-07 -1 7.4658175e-07,
                -6.1722949e-06 -1 -3.8868029e-06,
                -0.00017005099 -1 -8.408857e-05,
                -7.3072712e-05 -1 -2.7453238e-05,
                1.619652e-06 -1 4.3884319e-07,
                4.5355216e-07 -1 7.8252548e-08,
                -1.7972599e-07 -1 -1.3886109e-08,
                -5.6922087e-05 -1 1.0034698e-06,
                -1.8743818e-07 -1 2.1162531e-08,
                3.9117148e-07 -1 -8.1840369e-08,
                4.4647112e-07 -1 -1.3746053e-07,
                4.2844147e-07 -1 -1.7913791e-07,
                4.0003778e-07 -1 -2.1791058e-07,
                3.5412145e-07 -1 -2.4243224e-07,
                7.3336018e-08 -1 -6.2001057e-08,
                -4.3861642e-06 -1 4.5573565e-06,
                7.1678875e-07 -1 -9.1687633e-07,
                -4.1655262e-06 -1 6.6152661e-06,
                -8.9204666e-05 -1 0.00018042524,
                -3.1393738e-05 -1 8.3553838e-05,
                6.2040772e-07 -1 -2.2886056e-06,
                9.8606364e-08 -1 -5.7139562e-07,
                3.9463597e-08 -1 -5.1116945e-07,
                -9.1876871e-09 -1 -5.2185351e-07,
                0.0026234 -0.98883265 0.14900705,
                0.0051884484 -0.95557582 0.29469976,
                0.0076375916 -0.90097243 0.43380916,
                0.0099161193 -0.82624221 0.56322771,
                0.011973131 -0.73305464 0.68006438,
                0.013762675 -0.62349141 0.78170907,
                -0.27305278 -0.70387286 -0.65574783,
                -0.39910284 -0.70387286 -0.58760524,
                -0.51104015 -0.70387286 -0.49335685,
                -0.60128981 -0.70387286 -0.37817132,
                -0.66495311 -0.70387286 -0.24980068,
                -0.70063442 -0.70387286 -0.11693783,
                -0.71021593 -0.70387286 0.012503974,
                -0.69608384 -0.70387286 0.14152828,
                -0.65574783 -0.70387286 0.27305278,
                -0.58760524 -0.70387286 0.39910284,
                -0.49335685 -0.70387286 0.51104015,
                -0.37817129 -0.70387286 0.60128981,
                -0.24980067 -0.70387286 0.66495311,
                -0.11693783 -0.70387286 0.70063442,
                -0.082312614 -0.86602604 0.49317697,
                -0.041881796 -0.9670974 0.25093529,
                -0.089467205 -0.9670974 0.23815587,
                -0.13544372 -0.9670974 0.21535459,
                -0.17669791 -0.9670974 0.18303126,
                -0.21045339 -0.9670974 0.14294043,
                -0.23485895 -0.9670974 0.097795047,
                -0.24930549 -0.9670974 0.050688975,
                -0.25436693 -0.9670974 0.0044783531,
                -0.25093529 -0.9670974 -0.041881796,
                -0.23815587 -0.9670974 -0.089467205,
                -0.21535459 -0.9670974 -0.13544372,
                -0.18303126 -0.9670974 -0.17669792,
                -0.14294043 -0.9670974 -0.21045339,
                -0.097795047 -0.9670974 -0.23485895,
                -0.050688975 -0.9670974 -0.24930549,
                -0.099621847 -0.86602604 -0.48997387,
                -0.14152828 -0.70387286 -0.69608384,
                -0.17583485 -0.86602604 0.46806091,
                -0.26619503 -0.86602604 0.42324829,
                -0.34727418 -0.86602604 0.35972148,
                -0.4136157 -0.86602604 0.28092873,
                -0.46158129 -0.86602604 0.19220202,
                -0.48997387 -0.86602604 0.099621847,
                -0.49992141 -0.86602604 0.0088015553,
                -0.49317697 -0.86602604 -0.082312614,
                -0.46806091 -0.86602604 -0.17583485,
                -0.42324829 -0.86602604 -0.26619503,
                -0.35972148 -0.86602604 -0.34727418,
                -0.28092873 -0.86602604 -0.4136157,
                -0.19220202 -0.86602604 -0.46158129,
                -0.90630782 -0.42261827 0,
                -0.90630782 -0.42261827 0,
                -0.90630782 -0.42261827 0,
                -0.90630782 -0.42261827 0,
                -0.90630782 -0.42261827 0,
                -0.90630782 -0.42261827 0,
                -0.90630782 -0.42261827 0,
                -0.90630782 -0.42261827 0,
                -0.90630782 -0.42261827 0,
                -0.90630782 -0.42261827 0,
                -0.90630782 -0.42261827 0,
                -0.90630782 -0.42261827 0,
                -0.90630782 -0.42261827 0,
                -0.90630782 -0.42261827 0,
                -0.90630782 -0.42261827 0,
                -0.90630782 -0.42261827 0,
                -0.90630782 -0.42261827 0,
                -0.90630782 -0.42261827 0,
                -0.90630782 -0.42261827 0,
                -0.90630782 -0.42261827 0,
                -0.90630782 -0.42261827 0,
                -0.90630782 -0.42261827 0,
                -0.90630782 -0.42261827 0,
                -0.90630782 -0.42261827 0,
                -0.90630782 -0.42261827 0,
                -0.90630782 -0.42261827 0,
                -0.90630782 -0.42261827 0,
                -0.90630782 -0.42261827 0,
                -0.90630782 -0.42261827 0,
                -0.90630782 -0.42261827 0,
                -0.90630782 -0.42261827 0,
                -0.90630782 -0.42261827 0,
                -0.90630782 -0.42261827 0,
                -0.90630782 -0.42261827 0,
                0.90630782 -0.42261827 0,
                0.90630782 -0.42261827 0,
                0.90630782 -0.42261827 0,
                0.90630782 -0.42261827 0,
                0.90630782 -0.42261827 0,
                0.90630782 -0.42261827 0,
                0.90630782 -0.42261827 0,
                0.90630782 -0.42261827 0,
                0.90630782 -0.42261827 0,
                0.90630782 -0.42261827 0,
                0.90630782 -0.42261827 0,
                0.90630782 -0.42261827 0,
                0.90630782 -0.42261827 0,
                0.90630782 -0.42261827 0,
                0.90630782 -0.42261827 0,
                0.90630782 -0.42261827 0,
                0.90630782 -0.42261827 0,
                0.90630782 -0.42261827 0,
                0.90630782 -0.42261827 0,
                0.90630782 -0.42261827 0,
                0.90630782 -0.42261827 0,
                0.90630782 -0.42261827 0,
                0.90630782 -0.42261827 0,
                0.90630782 -0.42261827 0,
                0.90630782 -0.42261827 0,
                0.90630782 -0.42261827 0,
                0.90630782 -0.42261827 0,
                0.90630782 -0.42261827 0,
                0.90630782 -0.42261827 0,
                0.90630782 -0.42261827 0,
                0.90630782 -0.42261827 0,
                0.90630782 -0.42261827 0,
                0.90630782 -0.42261827 0,
                0.90630782 -0.42261827 0,
                0.90630782 -0.42261827 0,
                0.99862951 0.052335955 0,
                0.99862951 0.052335955 0,
                0.99862951 0.052335955 0,
                0.99862951 0.052335955 0,
                0.22464277 0.052335955 -0.97303474,
                0.22464277 0.052335955 -0.97303474,
                0.38417089 0.052335955 -0.92177743,
                0.53288323 0.052335955 -0.84456879,
                0.66659296 0.052335955 -0.74358243,
                0.78153563 0.052335955 -0.62166148,
                0.87447524 0.052335955 -0.48223853,
                0.94279516 0.052335955 -0.3292388,
                0.98457199 0.052335955 -0.16696981,
                0.99862951 0.052335955 4.428514e-12,
                0.99862951 0.052335955 1.6630523e-16,
                0.98457199 0.052335955 -0.16696981,
                0.94279516 0.052335955 -0.3292388,
                0.87447524 0.052335955 -0.48223853,
                0.78153563 0.052335955 -0.62166148,
                0.66659296 0.052335955 -0.74358243,
                0.53288323 0.052335955 -0.84456879,
                0.38417089 0.052335955 -0.92177743,
                0.22464277 0.052335955 -0.97303474,
                0.22464277 0.052335955 -0.97303474,
                0.22464277 0.052335955 -0.97303474,
                0.22464277 0.052335955 -0.97303474,
                0 0.052335955 -0.99862951,
                0 0.052335955 -0.99862951,
                0.11304807 0.052335955 -0.99221021,
                0.22464277 0.052335955 -0.97303474,
                0.22464277 0.052335955 -0.97303474,
                0.11304807 0.052335955 -0.99221021,
                -0.22464277 0.052335955 -0.97303474,
                -0.22464277 0.052335955 -0.97303474,
                -0.22464277 0.052335955 -0.97303474,
                -0.22464277 0.052335955 -0.97303474,
                -0.99862951 0.052335955 1.6630523e-16,
                -0.99862951 0.052335955 1.7560461e-16,
                -0.98457199 0.052335955 -0.16696981,
                -0.94279516 0.052335955 -0.3292388,
                -0.87447524 0.052335955 -0.48223853,
                -0.78153563 0.052335955 -0.62166148,
                -0.66659296 0.052335955 -0.74358243,
                -0.53288323 0.052335955 -0.84456879,
                -0.38417089 0.052335955 -0.92177743,
                -0.22464277 0.052335955 -0.97303474,
                -0.22464277 0.052335955 -0.97303474,
                -0.38417089 0.052335955 -0.92177743,
                -0.53288323 0.052335955 -0.84456879,
                -0.66659296 0.052335955 -0.74358243,
                -0.78153563 0.052335955 -0.62166148,
                -0.87447524 0.052335955 -0.48223853,
                -0.94279516 0.052335955 -0.3292388,
                -0.98457199 0.052335955 -0.16696981,
                -0.99862951 0.052335955 0,
                -0.99862951 0.052335955 0,
                -0.99862951 0.052335955 0,
                -0.99862951 0.052335955 0,
                -0.22464277 0.052335955 0.97303474,
                -0.22464277 0.052335955 0.97303474,
                -0.38417089 0.052335955 0.92177743,
                -0.53288323 0.052335955 0.84456879,
                -0.66659296 0.052335955 0.74358243,
                -0.78153563 0.052335955 0.62166148,
                -0.87447524 0.052335955 0.48223853,
                -0.94279516 0.052335955 0.3292388,
                -0.98457199 0.052335955 0.16696981,
                -0.99862951 0.052335955 1.7560461e-16,
                -0.99862951 0.052335955 1.6630523e-16,
                -0.98457199 0.052335955 0.16696981,
                -0.94279516 0.052335955 0.3292388,
                -0.87447524 0.052335955 0.48223853,
                -0.78153563 0.052335955 0.62166148,
                -0.66659296 0.052335955 0.74358243,
                -0.53288323 0.052335955 0.84456879,
                -0.38417089 0.052335955 0.92177743,
                -0.22464277 0.052335955 0.97303474,
                -0.22464277 0.052335955 0.97303474,
                -0.22464277 0.052335955 0.97303474,
                -0.22464277 0.052335955 0.97303474,
                0.22464277 0.052335955 0.97303474,
                0.22464277 0.052335955 0.97303474,
                0.075455301 0.052335955 0.99577481,
                -0.075455301 0.052335955 0.99577481,
                -0.22464277 0.052335955 0.97303474,
                -0.22464277 0.052335955 0.97303474,
                -0.075455301 0.052335955 0.99577481,
                0.075455301 0.052335955 0.99577481,
                0.22464277 0.052335955 0.97303474,
                0.22464277 0.052335955 0.97303474,
                0.22464277 0.052335955 0.97303474,
                0.22464277 0.052335955 0.97303474,
                0.99862951 0.052335955 -1.5977775e-11,
                0.99862951 0.052335955 -1.6871388e-11,
                0.98457199 0.052335955 0.16696981,
                0.94279516 0.052335955 0.3292388,
                0.87447524 0.052335955 0.48223853,
                0.78153563 0.052335955 0.62166148,
                0.66659296 0.052335955 0.74358243,
                0.53288323 0.052335955 0.84456879,
                0.38417089 0.052335955 0.92177743,
                0.22464277 0.052335955 0.97303474,
                0.22464277 0.052335955 0.97303474,
                0.38417089 0.052335955 0.92177743,
                0.53288323 0.052335955 0.84456879,
                0.66659296 0.052335955 0.74358243,
                0.78153563 0.052335955 0.62166148,
                0.87447524 0.052335955 0.48223853,
                0.94279516 0.052335955 0.3292388,
                0.98457199 0.052335955 0.16696981,
                -0.084922664 -0.18211724 0.97960269,
                -0.084922664 -0.18211724 0.97960269,
                -0.084922664 -0.18211724 0.97960269,
                -0.084922664 -0.18211724 0.97960269,
                0.99862951 0.052335955 0,
                0.97566229 0.21927862 0,
                0.92498881 0.37999436 0,
                0.84804809 0.52991927 0,
                0.74702507 0.66479588 0,
                0.62478852 0.78079402 0,
                0.48480961 0.87461972 0,
                0.33106342 0.94360852 0,
                0.1679159 0.98580134 0,
                6.1395333e-14 1 0,
                1.110223e-16 1 0,
                0.1679159 0.98580134 0,
                0.33106342 0.94360852 0,
                0.48480961 0.87461972 0,
                0.62478852 0.78079402 0,
                0.74702507 0.66479588 0,
                0.84804809 0.52991927 0,
                0.92498881 0.37999436 0,
                0.97566229 0.21927862 0,
                0.99862951 0.052335955 0,
                0.22464277 0.052335955 -0.97303474,
                0.21947625 0.2192786 -0.95065612,
                0.20807721 0.37999436 -0.90128142,
                0.19076931 0.52991927 -0.82631266,
                0.16804408 0.66479588 -0.72787887,
                0.14054683 0.78079402 -0.6087752,
                0.10905844 0.87461972 -0.47238398,
                0.074473068 0.94360852 -0.32257828,
                0.037772853 0.98580134 -0.1636122,
                1.9905268e-15 1 -1.1957406e-15,
                4.6208283e-14 1 -1.1100083e-13,
                5.8164323e-14 1 -9.3073051e-14,
                6.6800413e-14 1 -7.5178362e-14,
                7.0849786e-14 1 -6.70259e-14,
                7.2224853e-14 1 -5.7450247e-14,
                7.3715387e-14 1 -4.8971918e-14,
                7.4809028e-14 1 -4.0993023e-14,
                7.2998695e-14 1 -2.5325916e-14,
                7.0066477e-14 1 -1.2248002e-14,
                6.1288871e-14 1 -7.1593999e-16,
                0.16791587 0.98580134 3.3767145e-12,
                0.33106342 0.94360852 6.6582304e-12,
                0.48480964 0.87461972 9.7467676e-12,
                0.62478852 0.78079402 1.2564399e-11,
                0.74702507 0.66479588 1.5023925e-11,
                0.84804809 0.52991927 1.7055473e-11,
                0.92498881 0.37999436 1.8602144e-11,
                0.97566229 0.2192786 1.9622155e-11,
                0.99862951 0.052335955 2.0083131e-11,
                0.98457199 0.052335955 -0.16696981,
                0.94279516 0.052335955 -0.32923883,
                0.87447524 0.052335955 -0.48223856,
                0.78153563 0.052335955 -0.62166148,
                0.66659296 0.052335955 -0.74358243,
                0.53288323 0.052335955 -0.84456879,
                0.38417089 0.052335955 -0.92177743,
                0.64542365 0.22807162 -0.72897989,
                0.76198202 0.22807162 -0.60610789,
                0.8554849 0.22807162 -0.46489668,
                0.92229432 0.22807162 -0.31202006,
                0.86578506 0.40573928 -0.29290247,
                0.7749213 0.57512414 -0.26216251,
                0.65205073 0.7253744 -0.22059433,
                0.5034892 0.84704471 -0.1703347,
                0.33850214 0.93397105 -0.11451817,
                0.16747788 0.98424637 -0.056659196,
                0.15534607 0.98424637 -0.084419809,
                0.13836703 0.98424637 -0.11006211,
                0.1172014 0.98424637 -0.13237423,
                0.092881352 0.98424637 -0.15043989,
                0.18772949 0.93397105 -0.30406538,
                0.27922946 0.84704471 -0.45226786,
                0.36162001 0.7253744 -0.58571577,
                0.42976266 0.57512414 -0.69608641,
                0.48015466 0.40573928 -0.77770633,
                0.5114941 0.22807162 -0.82846677,
                0.31398162 0.93397105 -0.17062724,
                0.27966404 0.93397105 -0.22245482,
                0.46701732 0.84704471 -0.25379151,
                0.41597319 0.84704471 -0.33088002,
                0.60481727 0.7253744 -0.32867622,
                0.53871191 0.7253744 -0.42851079,
                0.23688456 0.93397105 -0.26755154,
                0.35234287 0.84704471 -0.39795703,
                0.45630658 0.7253744 -0.51537979,
                0.71878731 0.57512414 -0.39061105,
                0.64022523 0.57512414 -0.50925815,
                0.80306906 0.40573928 -0.4364123,
                0.71529514 0.40573928 -0.56897146,
                0.5422917 0.57512414 -0.6124965,
                0.60587835 0.40573928 -0.68431503,
                0.22464277 0.052335955 -0.97303474,
                0.21947625 0.21927862 -0.95065612,
                0.20807721 0.37999436 -0.90128142,
                0.19076931 0.52991927 -0.82631266,
                0.16804408 0.66479588 -0.72787887,
                0.14054683 0.78079402 -0.6087752,
                0.10905843 0.87461972 -0.47238398,
                0.074473068 0.94360852 -0.32257828,
                0.037772857 0.98580134 -0.16361222,
                1.1901591e-13 1 -5.1536553e-13,
                1.1868284e-13 1 -5.1392224e-13,
                0.037772857 0.98580134 -0.16361222,
                0.074473068 0.94360852 -0.32257828,
                0.10905843 0.87461972 -0.47238398,
                0.14054683 0.78079402 -0.6087752,
                0.16804408 0.66479588 -0.72787887,
                0.19076931 0.52991927 -0.82631266,
                0.20807721 0.37999436 -0.90128142,
                0.21947625 0.21927862 -0.95065612,
                0.22464277 0.052335959 -0.97303474,
                -0.22464277 0.052335955 -0.97303474,
                -0.21947625 0.2192786 -0.95065612,
                -0.20807721 0.37999436 -0.90128142,
                -0.19076931 0.52991927 -0.82631266,
                -0.16804408 0.66479588 -0.72787887,
                -0.14054683 0.78079402 -0.6087752,
                -0.10905844 0.87461972 -0.47238398,
                -0.074473068 0.94360852 -0.32257828,
                -0.037772853 0.98580134 -0.1636122,
                -1.6083072e-14 1 -4.9256209e-14,
                -2.2855617e-14 1 -1.7113435e-13,
                2.8884813e-25 1 -1.519436e-13,
                1.8277128e-14 1 -1.3067966e-13,
                2.8640241e-14 1 -1.0263702e-13,
                0.037772853 0.98580134 -0.1636122,
                0.074473068 0.94360852 -0.32257828,
                0.10905844 0.87461972 -0.47238398,
                0.14054683 0.78079402 -0.6087752,
                0.16804408 0.66479588 -0.72787887,
                0.19076931 0.52991927 -0.82631266,
                0.20807721 0.37999436 -0.90128142,
                0.21947625 0.2192786 -0.95065612,
                0.22464277 0.052335955 -0.97303474,
                0.11304807 0.052335955 -0.99221021,
                1.6654997e-12 0.052335955 -0.99862951,
                -0.11304807 0.052335955 -0.99221021,
                3.121411e-13 0.98424637 -0.17680244,
                6.3087111e-13 0.93397105 -0.35734874,
                9.3833676e-13 0.84704471 -0.53152168,
                1.2151858e-12 0.7253744 -0.68835455,
                1.4441573e-12 0.57512414 -0.81806612,
                1.6134837e-12 0.40573928 -0.91398889,
                1.7187897e-12 0.22807162 -0.97364438,
                -0.22464277 0.052335955 -0.97303474,
                -0.22464277 0.052335955 -0.97303474,
                -0.21947625 0.21927862 -0.95065612,
                -0.20807721 0.37999436 -0.90128142,
                -0.19076931 0.52991927 -0.82631266,
                -0.16804408 0.66479588 -0.72787887,
                -0.14054683 0.78079402 -0.6087752,
                -0.10905843 0.87461972 -0.47238398,
                -0.074473068 0.94360852 -0.32257828,
                -0.037772857 0.98580134 -0.16361222,
                -8.5764729e-14 1 -3.7159165e-13,
                -9.9920072e-14 1 -4.3276493e-13,
                -0.037772857 0.98580134 -0.16361222,
                -0.074473068 0.94360852 -0.32257828,
                -0.10905843 0.87461972 -0.47238398,
                -0.14054683 0.78079402 -0.6087752,
                -0.16804408 0.66479588 -0.72787887,
                -0.19076931 0.52991927 -0.82631266,
                -0.20807721 0.37999436 -0.90128142,
                -0.21947625 0.21927862 -0.95065612,
                -0.22464277 0.052335955 -0.97303474,
                -0.38417089 0.052335955 -0.92177743,
                -0.53288323 0.052335955 -0.84456879,
                -0.66659296 0.052335955 -0.74358243,
                -0.78153563 0.052335955 -0.62166148,
                -0.87447524 0.052335955 -0.48223856,
                -0.94279516 0.052335955 -0.32923883,
                -0.98457199 0.052335955 -0.16696981,
                -0.99862951 0.052335955 1.687267e-11,
                -0.97566229 0.2192786 1.6484121e-11,
                -0.92498881 0.37999436 1.5628226e-11,
                -0.84804809 0.52991927 1.4328631e-11,
                -0.74702507 0.66479588 1.2622105e-11,
                -0.62478852 0.78079402 1.0558903e-11,
                -0.48480964 0.87461972 8.1929342e-12,
                -0.33106342 0.94360852 5.595681e-12,
                -0.16791587 0.98580134 2.8384387e-12,
                -4.8385952e-15 1 -4.7729332e-16,
                -2.5077935e-14 1 -4.0376972e-15,
                -3.9204774e-14 1 -1.2885409e-14,
                -5.6101818e-14 1 -3.0283739e-14,
                -6.3304573e-14 1 -4.1794696e-14,
                -6.8684418e-14 1 -5.4634055e-14,
                -7.2016178e-14 1 -6.8420597e-14,
                -7.4315134e-14 1 -8.4115935e-14,
                -7.2213706e-14 1 -1.1741878e-13,
                -6.1896939e-14 1 -1.53979e-13,
                -4.4291556e-14 1 -1.9503045e-13,
                -0.037772853 0.98580134 -0.1636122,
                -0.074473068 0.94360852 -0.32257828,
                -0.10905844 0.87461972 -0.47238398,
                -0.14054683 0.78079402 -0.6087752,
                -0.16804408 0.66479588 -0.72787887,
                -0.19076931 0.52991927 -0.82631266,
                -0.20807721 0.37999436 -0.90128142,
                -0.21947625 0.2192786 -0.95065612,
                -0.8554849 0.22807162 -0.46489668,
                -0.76198202 0.22807162 -0.60610789,
                -0.64542365 0.22807162 -0.72897989,
                -0.5114941 0.22807162 -0.82846677,
                -0.48015466 0.40573928 -0.77770633,
                -0.42976266 0.57512414 -0.69608641,
                -0.36162001 0.7253744 -0.58571577,
                -0.27922946 0.84704471 -0.45226786,
                -0.18772949 0.93397105 -0.30406538,
                -0.092881352 0.98424637 -0.15043989,
                -0.1172014 0.98424637 -0.13237423,
                -0.13836703 0.98424637 -0.11006211,
                -0.15534607 0.98424637 -0.084419809,
                -0.16747788 0.98424637 -0.056659196,
                -0.33850214 0.93397105 -0.11451817,
                -0.5034892 0.84704471 -0.1703347,
                -0.65205073 0.7253744 -0.22059433,
                -0.7749213 0.57512414 -0.26216251,
                -0.86578506 0.40573928 -0.29290247,
                -0.92229432 0.22807162 -0.31202006,
                -0.23688456 0.93397105 -0.26755154,
                -0.27966404 0.93397105 -0.22245482,
                -0.35234287 0.84704471 -0.39795703,
                -0.41597319 0.84704471 -0.33088002,
                -0.45630658 0.7253744 -0.51537979,
                -0.53871191 0.7253744 -0.42851079,
                -0.31398162 0.93397105 -0.17062724,
                -0.46701732 0.84704471 -0.25379151,
                -0.60481727 0.7253744 -0.32867622,
                -0.5422917 0.57512414 -0.6124965,
                -0.64022523 0.57512414 -0.50925815,
                -0.60587835 0.40573928 -0.68431503,
                -0.71529514 0.40573928 -0.56897146,
                -0.71878731 0.57512414 -0.39061105,
                -0.80306906 0.40573928 -0.4364123,
                -0.99862951 0.052335955 0,
                -0.97566229 0.21927862 0,
                -0.92498881 0.37999436 0,
                -0.84804809 0.52991927 0,
                -0.74702507 0.66479588 0,
                -0.62478852 0.78079402 0,
                -0.48480961 0.87461972 0,
                -0.33106342 0.94360852 0,
                -0.1679159 0.98580134 0,
                -6.1617378e-14 1 0,
                -1.110223e-16 1 0,
                -0.1679159 0.98580134 0,
                -0.33106342 0.94360852 0,
                -0.48480961 0.87461972 0,
                -0.62478852 0.78079402 0,
                -0.74702507 0.66479588 0,
                -0.84804809 0.52991927 0,
                -0.92498881 0.37999436 0,
                -0.97566229 0.21927862 0,
                -0.99862951 0.052335959 0,
                -0.22464277 0.052335955 0.97303474,
                -0.21947625 0.2192786 0.95065612,
                -0.20807721 0.37999436 0.90128142,
                -0.19076931 0.52991927 0.82631266,
                -0.16804408 0.66479588 0.72787887,
                -0.14054683 0.78079402 0.6087752,
                -0.10905844 0.87461972 0.47238398,
                -0.074473068 0.94360852 0.32257828,
                -0.037772853 0.98580134 0.1636122,
                1.4974256e-15 1 2.000998e-15,
                -4.3334765e-14 1 1.1217036e-13,
                -5.8486365e-14 1 9.7001698e-14,
                -7.0981598e-14 1 8.1070858e-14,
                -7.4472173e-14 1 7.1080152e-14,
                -7.7889552e-14 1 6.1956144e-14,
                -7.9217164e-14 1 5.2112777e-14,
                -8.1519549e-14 1 4.3689099e-14,
                -7.8524264e-14 1 2.5431727e-14,
                -7.5461413e-14 1 1.0699418e-14,
                -7.096606e-14 1 -4.056993e-15,
                -0.16791587 0.98580134 -3.3783408e-12,
                -0.33106342 0.94360852 -6.6585843e-12,
                -0.48480964 0.87461972 -9.7502692e-12,
                -0.62478852 0.78079402 -1.2564805e-11,
                -0.74702507 0.66479588 -1.5022894e-11,
                -0.84804809 0.52991927 -1.7054157e-11,
                -0.92498881 0.37999436 -1.8601546e-11,
                -0.97566229 0.2192786 -1.962077e-11,
                -0.99862951 0.052335955 -2.0083889e-11,
                -0.98457199 0.052335955 0.16696981,
                -0.94279516 0.052335955 0.32923883,
                -0.87447524 0.052335955 0.48223856,
                -0.78153563 0.052335955 0.62166148,
                -0.66659296 0.052335955 0.74358243,
                -0.53288323 0.052335955 0.84456879,
                -0.38417089 0.052335955 0.92177743,
                -0.64542365 0.22807162 0.72897989,
                -0.76198202 0.22807162 0.60610789,
                -0.8554849 0.22807162 0.46489668,
                -0.92229432 0.22807162 0.31202006,
                -0.86578506 0.40573928 0.29290247,
                -0.7749213 0.57512414 0.26216251,
                -0.65205073 0.7253744 0.22059433,
                -0.5034892 0.84704471 0.1703347,
                -0.33850214 0.93397105 0.11451817,
                -0.16747788 0.98424637 0.056659196,
                -0.15534607 0.98424637 0.084419809,
                -0.13836703 0.98424637 0.11006211,
                -0.1172014 0.98424637 0.13237423,
                -0.092881352 0.98424637 0.15043989,
                -0.18772949 0.93397105 0.30406538,
                -0.27922946 0.84704471 0.45226786,
                -0.36162001 0.7253744 0.58571577,
                -0.42976266 0.57512414 0.69608641,
                -0.48015466 0.40573928 0.77770633,
                -0.5114941 0.22807162 0.82846677,
                -0.31398162 0.93397105 0.17062724,
                -0.27966404 0.93397105 0.22245482,
                -0.46701732 0.84704471 0.25379151,
                -0.41597319 0.84704471 0.33088002,
                -0.60481727 0.7253744 0.32867622,
                -0.53871191 0.7253744 0.42851079,
                -0.23688456 0.93397105 0.26755154,
                -0.35234287 0.84704471 0.39795703,
                -0.45630658 0.7253744 0.51537979,
                -0.71878731 0.57512414 0.39061105,
                -0.64022523 0.57512414 0.50925815,
                -0.80306906 0.40573928 0.4364123,
                -0.71529514 0.40573928 0.56897146,
                -0.5422917 0.57512414 0.6124965,
                -0.60587835 0.40573928 0.68431503,
                -0.22464277 0.052335955 0.97303474,
                -0.21947625 0.21927862 0.95065612,
                -0.20807721 0.37999436 0.90128142,
                -0.19076931 0.52991927 0.82631266,
                -0.16804408 0.66479588 0.72787887,
                -0.14054683 0.78079402 0.6087752,
                -0.10905843 0.87461972 0.47238398,
                -0.074473068 0.94360852 0.32257828,
                -0.037772857 0.98580134 0.16361222,
                -1.1901591e-13 1 5.1536553e-13,
                -1.1868284e-13 1 5.1392224e-13,
                -0.037772857 0.98580134 0.16361222,
                -0.074473068 0.94360852 0.32257828,
                -0.10905843 0.87461972 0.47238398,
                -0.14054683 0.78079402 0.6087752,
                -0.16804408 0.66479588 0.72787887,
                -0.19076931 0.52991927 0.82631266,
                -0.20807721 0.37999436 0.90128142,
                -0.21947625 0.21927862 0.95065612,
                -0.22464277 0.052335959 0.97303474,
                0.22464277 0.052335955 0.97303474,
                0.21947625 0.2192786 0.95065612,
                0.20807721 0.37999436 0.90128142,
                0.19076931 0.52991927 0.82631266,
                0.16804408 0.66479588 0.72787887,
                0.14054683 0.78079402 0.6087752,
                0.10905844 0.87461972 0.47238398,
                0.074473068 0.94360852 0.32257828,
                0.037772853 0.98580134 0.1636122,
                1.1610102e-14 1 5.0288878e-14,
                1.9613897e-14 1 1.6658753e-13,
                -2.1023868e-25 1 1.454084e-13,
                -1.4642936e-14 1 1.2289947e-13,
                -2.3760167e-14 1 1.0210839e-13,
                -0.037772853 0.98580134 0.1636122,
                -0.074473068 0.94360852 0.32257828,
                -0.10905844 0.87461972 0.47238398,
                -0.14054683 0.78079402 0.6087752,
                -0.16804408 0.66479588 0.72787887,
                -0.19076931 0.52991927 0.82631266,
                -0.20807721 0.37999436 0.90128142,
                -0.21947625 0.2192786 0.95065612,
                -0.22464277 0.052335955 0.97303474,
                -0.075455301 0.052335955 0.99577481,
                0.075455301 0.052335955 0.99577481,
                -2.372417e-13 0.98424637 0.17680244,
                -4.7957488e-13 0.93397105 0.35734874,
                -7.1340676e-13 0.84704471 0.53152168,
                -9.2397878e-13 0.7253744 0.68835455,
                -1.0981103e-12 0.57512414 0.81806612,
                -1.226806e-12 0.40573928 0.91398889,
                -1.306716e-12 0.22807162 0.97364438,
                0.22464277 0.052335955 0.97303474,
                0.21947625 0.21927862 0.95065612,
                0.20807721 0.37999436 0.90128142,
                0.19076931 0.52991927 0.82631266,
                0.16804408 0.66479588 0.72787887,
                0.14054683 0.78079402 0.6087752,
                0.10905843 0.87461972 0.47238398,
                0.074473068 0.94360852 0.32257828,
                0.037772857 0.98580134 0.16361222,
                8.5764729e-14 1 3.7159165e-13,
                9.9920072e-14 1 4.3276493e-13,
                0.037772857 0.98580134 0.16361222,
                0.074473068 0.94360852 0.32257828,
                0.10905843 0.87461972 0.47238398,
                0.14054683 0.78079402 0.6087752,
                0.16804408 0.66479588 0.72787887,
                0.19076931 0.52991927 0.82631266,
                0.20807721 0.37999436 0.90128142,
                0.21947625 0.21927862 0.95065612,
                0.22464277 0.052335955 0.97303474,
                0.22464277 0.052335955 0.97303474,
                0.38417089 0.052335955 0.92177743,
                0.53288323 0.052335955 0.84456879,
                0.66659296 0.052335955 0.74358243,
                0.78153563 0.052335955 0.62166148,
                0.87447524 0.052335955 0.48223856,
                0.94279516 0.052335955 0.32923883,
                0.98457199 0.052335955 0.16696981,
                0.99862951 0.052335955 -1.6871513e-11,
                0.97566229 0.2192786 -1.6482603e-11,
                0.92498881 0.37999436 -1.562602e-11,
                0.84804809 0.52991927 -1.4325762e-11,
                0.74702507 0.66479588 -1.2618932e-11,
                0.62478852 0.78079402 -1.0554469e-11,
                0.48480964 0.87461972 -8.1891664e-12,
                0.33106342 0.94360852 -5.5923668e-12,
                0.16791587 0.98580134 -2.8383927e-12,
                4.8385952e-15 1 -3.1024066e-15,
                3.203093e-14 1 3.46513e-15,
                5.5991795e-14 1 1.8060735e-14,
                7.2783983e-14 1 3.9077729e-14,
                7.8447658e-14 1 5.1639208e-14,
                8.2846158e-14 1 6.5898811e-14,
                8.5014827e-14 1 8.0961029e-14,
                8.5356594e-14 1 9.7126835e-14,
                7.9086104e-14 1 1.2968568e-13,
                6.46467e-14 1 1.6200123e-13,
                4.004993e-14 1 1.8938854e-13,
                0.037772853 0.98580134 0.1636122,
                0.074473068 0.94360852 0.32257828,
                0.10905844 0.87461972 0.47238398,
                0.14054683 0.78079402 0.6087752,
                0.16804408 0.66479588 0.72787887,
                0.19076931 0.52991927 0.82631266,
                0.20807721 0.37999436 0.90128142,
                0.21947625 0.2192786 0.95065612,
                0.8554849 0.22807162 0.46489668,
                0.76198202 0.22807162 0.60610789,
                0.64542365 0.22807162 0.72897989,
                0.5114941 0.22807162 0.82846677,
                0.48015466 0.40573928 0.77770633,
                0.42976266 0.57512414 0.69608641,
                0.36162001 0.7253744 0.58571577,
                0.27922946 0.84704471 0.45226786,
                0.18772949 0.93397105 0.30406538,
                0.092881352 0.98424637 0.15043989,
                0.1172014 0.98424637 0.13237423,
                0.13836703 0.98424637 0.11006211,
                0.15534607 0.98424637 0.084419809,
                0.16747788 0.98424637 0.056659196,
                0.33850214 0.93397105 0.11451817,
                0.5034892 0.84704471 0.1703347,
                0.65205073 0.7253744 0.22059433,
                0.7749213 0.57512414 0.26216251,
                0.86578506 0.40573928 0.29290247,
                0.92229432 0.22807162 0.31202006,
                0.23688456 0.93397105 0.26755154,
                0.27966404 0.93397105 0.22245482,
                0.35234287 0.84704471 0.39795703,
                0.41597319 0.84704471 0.33088002,
                0.45630658 0.7253744 0.51537979,
                0.53871191 0.7253744 0.42851079,
                0.31398162 0.93397105 0.17062724,
                0.46701732 0.84704471 0.25379151,
                0.60481727 0.7253744 0.32867622,
                0.5422917 0.57512414 0.6124965,
                0.64022523 0.57512414 0.50925815,
                0.60587835 0.40573928 0.68431503,
                0.71529514 0.40573928 0.56897146,
                0.71878731 0.57512414 0.39061105,
                0.80306906 0.40573928 0.4364123,
                -0 1 0,
                -0 1 0,
                -0 1 0,
                -0 1 0,
                -0 1 0,
                -0 1 0,
                -0 1 0,
                -0 1 0,
                -0 1 0,
                -0 1 0,
                -0 1 0,
                -0 1 0,
                -0 1 0,
                -0 1 0,
                -0 1 0,
                -0 1 0,
                -0 1 0,
                -0 1 0,
                -0 1 0,
                -0 1 0,
                -0 1 0,
                -0 1 0,
                -0 1 0,
                -0 1 0,
                -0 1 0,
                -0 1 0,
                -0 1 0,
                -0 1 0,
                -0 1 0,
                -0 1 0,
                -0 1 0,
                -0 1 0,
                -0 1 0,
                -0 1 0,
                -0 1 0,
                -0 1 0,
                -0 1 0,
                -0 1 0,
                -0 1 0,
                -0 1 0,
                -0 1 0,
                -0 1 0,
                -0 1 0,
                -0 1 0,
                -0 1 0,
                -0 1 0,
                -0 1 0,
                -0 1 0,
                -0 1 0,
                -0 1 0,
                -0 1 0,
                -0 1 0,
                -0 1 0,
                -0 1 0

              ]
            }
            coordIndex [
              1815 600 1842 -1 
              602 565 1840 -1 
              565 566 1839 -1 
              1837 567 568 -1 
              1837 568 569 -1 
              574 575 1832 -1 
              575 576 1831 -1 
              1830 577 578 -1 
              1829 578 579 -1 
              581 579 580 -1 
              581 580 1 -1 
              602 564 565 -1 
              1828 579 581 -1 
              1830 578 1829 -1 
              582 583 1827 -1 
              586 585 2 -1 
              587 585 586 -1 
              1826 585 587 -1 
              1825 587 588 -1 
              573 574 1833 -1 
              573 1834 572 -1 
              1836 569 570 -1 
              1821 592 593 -1 
              593 3 1820 -1 
              3 594 1820 -1 
              1818 595 596 -1 
              1817 596 597 -1 
              1817 597 598 -1 
              1816 598 599 -1 
              1815 599 600 -1 
              606 601 4 -1 
              606 600 601 -1 
              1819 594 595 -1 
              602 0 564 -1 
              1836 570 1835 -1 
              1842 600 606 -1 
              1842 605 1841 -1 
              1822 591 592 -1 
              1816 599 1815 -1 
              1817 598 1816 -1 
              1823 590 591 -1 
              1818 596 1817 -1 
              1823 589 590 -1 
              1819 595 1818 -1 
              1820 594 1819 -1 
              1824 588 589 -1 
              1821 593 1820 -1 
              1822 592 1821 -1 
              1823 591 1822 -1 
              1827 584 1826 -1 
              1824 589 1823 -1 
              1827 583 584 -1 
              1825 588 1824 -1 
              1826 584 585 -1 
              1826 587 1825 -1 
              1831 576 577 -1 
              1828 581 582 -1 
              1828 582 1827 -1 
              1834 571 572 -1 
              1829 579 1828 -1 
              1835 570 571 -1 
              1831 577 1830 -1 
              1832 575 1831 -1 
              1833 574 1832 -1 
              1834 573 1833 -1 
              1838 566 567 -1 
              1835 571 1834 -1 
              1841 605 604 -1 
              1837 569 1836 -1 
              1841 603 1840 -1 
              1838 567 1837 -1 
              1841 604 603 -1 
              1839 566 1838 -1 
              1840 603 602 -1 
              1840 565 1839 -1 
              1842 606 605 -1 
              1828 1827 1829 -1 
              1843 1829 1827 -1 
              1829 1843 1830 -1 
              1844 1830 1843 -1 
              1830 1844 1831 -1 
              1845 1831 1844 -1 
              1831 1845 1832 -1 
              1846 1832 1845 -1 
              1832 1846 1833 -1 
              1847 1833 1846 -1 
              1833 1847 1834 -1 
              1848 1834 1847 -1 
              1834 1848 1835 -1 
              1849 1835 1848 -1 
              1835 1849 1836 -1 
              1850 1836 1849 -1 
              1836 1850 1837 -1 
              1851 1837 1850 -1 
              1837 1851 1838 -1 
              1852 1838 1851 -1 
              1838 1852 1839 -1 
              1853 1839 1852 -1 
              1839 1853 1840 -1 
              1841 1840 1853 -1 
              1827 1826 1843 -1 
              1825 1843 1826 -1 
              1843 1825 1844 -1 
              1824 1844 1825 -1 
              1844 1824 1845 -1 
              1823 1845 1824 -1 
              1845 1823 1846 -1 
              1822 1846 1823 -1 
              1846 1822 1847 -1 
              1821 1847 1822 -1 
              1847 1821 1848 -1 
              1820 1848 1821 -1 
              1848 1820 1849 -1 
              1819 1849 1820 -1 
              1849 1819 1850 -1 
              1818 1850 1819 -1 
              1850 1818 1851 -1 
              1817 1851 1818 -1 
              1851 1817 1852 -1 
              1816 1852 1817 -1 
              1852 1816 1853 -1 
              1815 1853 1816 -1 
              1853 1815 1841 -1 
              1842 1841 1815 -1 
              1876 646 647 -1 
              608 609 1871 -1 
              609 610 1870 -1 
              1869 611 612 -1 
              1868 612 613 -1 
              615 613 614 -1 
              615 614 6 -1 
              1867 613 615 -1 
              1869 612 1868 -1 
              616 617 1866 -1 
              620 619 7 -1 
              621 619 620 -1 
              1865 619 621 -1 
              1864 621 622 -1 
              607 608 1872 -1 
              607 1873 5 -1 
              1875 647 648 -1 
              1860 626 627 -1 
              627 628 1859 -1 
              628 629 1859 -1 
              1857 630 631 -1 
              1856 631 632 -1 
              1856 632 633 -1 
              1855 633 634 -1 
              1854 634 635 -1 
              641 635 636 -1 
              641 636 8 -1 
              1854 635 1881 -1 
              1858 629 630 -1 
              642 637 9 -1 
              643 637 642 -1 
              1879 637 643 -1 
              1878 643 644 -1 
              1881 635 641 -1 
              1881 640 1880 -1 
              1861 625 626 -1 
              1855 634 1854 -1 
              1856 633 1855 -1 
              1862 624 625 -1 
              1857 631 1856 -1 
              1862 623 624 -1 
              1858 630 1857 -1 
              1859 629 1858 -1 
              1863 622 623 -1 
              1860 627 1859 -1 
              1861 626 1860 -1 
              1862 625 1861 -1 
              1866 618 1865 -1 
              1863 623 1862 -1 
              1866 617 618 -1 
              1864 622 1863 -1 
              1865 618 619 -1 
              1865 621 1864 -1 
              1870 610 611 -1 
              1867 615 616 -1 
              1867 616 1866 -1 
              1873 649 5 -1 
              1868 613 1867 -1 
              1874 648 649 -1 
              1870 611 1869 -1 
              1871 609 1870 -1 
              1876 645 646 -1 
              1872 608 1871 -1 
              1873 607 1872 -1 
              1877 644 645 -1 
              1874 649 1873 -1 
              1880 640 639 -1 
              1875 648 1874 -1 
              1876 647 1875 -1 
              1880 638 1879 -1 
              1877 645 1876 -1 
              1880 639 638 -1 
              1878 644 1877 -1 
              1879 638 637 -1 
              1879 643 1878 -1 
              1881 641 640 -1 
              1867 1866 1868 -1 
              1882 1868 1866 -1 
              1868 1882 1869 -1 
              1883 1869 1882 -1 
              1869 1883 1870 -1 
              1884 1870 1883 -1 
              1870 1884 1871 -1 
              1885 1871 1884 -1 
              1871 1885 1872 -1 
              1886 1872 1885 -1 
              1872 1886 1873 -1 
              1887 1873 1886 -1 
              1873 1887 1874 -1 
              1888 1874 1887 -1 
              1874 1888 1875 -1 
              1889 1875 1888 -1 
              1875 1889 1876 -1 
              1890 1876 1889 -1 
              1876 1890 1877 -1 
              1891 1877 1890 -1 
              1877 1891 1878 -1 
              1892 1878 1891 -1 
              1878 1892 1879 -1 
              1880 1879 1892 -1 
              1866 1865 1882 -1 
              1864 1882 1865 -1 
              1882 1864 1883 -1 
              1863 1883 1864 -1 
              1883 1863 1884 -1 
              1862 1884 1863 -1 
              1884 1862 1885 -1 
              1861 1885 1862 -1 
              1885 1861 1886 -1 
              1860 1886 1861 -1 
              1886 1860 1887 -1 
              1859 1887 1860 -1 
              1887 1859 1888 -1 
              1858 1888 1859 -1 
              1888 1858 1889 -1 
              1857 1889 1858 -1 
              1889 1857 1890 -1 
              1856 1890 1857 -1 
              1890 1856 1891 -1 
              1855 1891 1856 -1 
              1891 1855 1892 -1 
              1854 1892 1855 -1 
              1892 1854 1880 -1 
              1881 1880 1854 -1 
              693 692 1915 -1 
              1907 652 651 -1 
              12 11 654 -1 
              655 12 654 -1 
              1905 657 656 -1 
              1914 696 695 -1 
              1910 1909 704 -1 
              1912 1911 700 -1 
              662 1899 663 -1 
              663 1898 664 -1 
              664 1898 665 -1 
              1896 667 666 -1 
              1895 668 667 -1 
              1894 669 668 -1 
              1893 670 669 -1 
              677 13 671 -1 
              1897 666 665 -1 
              1923 674 675 -1 
              678 14 672 -1 
              679 678 672 -1 
              1921 682 681 -1 
              1920 683 682 -1 
              688 1917 689 -1 
              1916 691 690 -1 
              694 1914 695 -1 
              1913 697 696 -1 
              1913 698 697 -1 
              1912 699 698 -1 
              1912 700 699 -1 
              702 701 1911 -1 
              703 702 1910 -1 
              708 650 10 -1 
              704 703 1910 -1 
              705 704 1909 -1 
              708 707 650 -1 
              1924 675 676 -1 
              1894 1893 669 -1 
              1900 662 661 -1 
              1895 1894 668 -1 
              1901 661 660 -1 
              1896 1895 667 -1 
              1897 1896 666 -1 
              1902 660 659 -1 
              1898 1897 665 -1 
              1903 659 658 -1 
              1899 1898 663 -1 
              1904 658 657 -1 
              1900 1899 662 -1 
              1901 1900 661 -1 
              1902 1901 660 -1 
              1903 1902 659 -1 
              1907 653 652 -1 
              1904 1903 658 -1 
              1905 1904 657 -1 
              1906 654 653 -1 
              1907 651 1908 -1 
              1906 653 1907 -1 
              1908 651 650 -1 
              1911 701 700 -1 
              1915 694 693 -1 
              1916 692 691 -1 
              1911 1910 702 -1 
              1917 690 689 -1 
              1918 688 687 -1 
              1913 1912 698 -1 
              1918 687 686 -1 
              1914 1913 696 -1 
              1919 686 685 -1 
              1915 1914 694 -1 
              1919 685 684 -1 
              1916 1915 692 -1 
              1920 684 683 -1 
              1917 1916 690 -1 
              1918 1917 688 -1 
              1919 1918 686 -1 
              1920 1919 684 -1 
              1922 673 674 -1 
              1921 1920 682 -1 
              1922 672 673 -1 
              1922 674 1923 -1 
              1924 676 677 -1 
              1923 675 1924 -1 
              1909 706 705 -1 
              706 1909 1908 -1 
              707 706 1908 -1 
              1908 650 707 -1 
              655 654 1906 -1 
              1906 1905 656 -1 
              1906 656 655 -1 
              679 672 1922 -1 
              680 1921 681 -1 
              1922 1921 680 -1 
              1922 680 679 -1 
              1924 670 1893 -1 
              671 670 1924 -1 
              1924 677 671 -1 
              1908 1909 1907 -1 
              1925 1907 1909 -1 
              1909 1910 1925 -1 
              1926 1925 1910 -1 
              1910 1911 1926 -1 
              1927 1926 1911 -1 
              1911 1912 1927 -1 
              1928 1927 1912 -1 
              1912 1913 1928 -1 
              1929 1928 1913 -1 
              1913 1914 1929 -1 
              1930 1929 1914 -1 
              1914 1915 1930 -1 
              1931 1930 1915 -1 
              1907 1925 1906 -1 
              1905 1906 1925 -1 
              1925 1926 1905 -1 
              1904 1905 1926 -1 
              1926 1927 1904 -1 
              1903 1904 1927 -1 
              1927 1928 1903 -1 
              1902 1903 1928 -1 
              1928 1929 1902 -1 
              1901 1902 1929 -1 
              1929 1930 1901 -1 
              1900 1901 1930 -1 
              1930 1931 1900 -1 
              1899 1900 1931 -1 
              1915 1916 1931 -1 
              1932 1931 1916 -1 
              1916 1917 1932 -1 
              1933 1932 1917 -1 
              1917 1918 1933 -1 
              1934 1933 1918 -1 
              1918 1919 1934 -1 
              1935 1934 1919 -1 
              1919 1920 1935 -1 
              1936 1935 1920 -1 
              1920 1921 1936 -1 
              1937 1936 1921 -1 
              1921 1922 1937 -1 
              1923 1937 1922 -1 
              1931 1932 1899 -1 
              1898 1899 1932 -1 
              1932 1933 1898 -1 
              1897 1898 1933 -1 
              1933 1934 1897 -1 
              1896 1897 1934 -1 
              1934 1935 1896 -1 
              1895 1896 1935 -1 
              1935 1936 1895 -1 
              1894 1895 1936 -1 
              1936 1937 1894 -1 
              1893 1894 1937 -1 
              1937 1923 1893 -1 
              1924 1893 1923 -1 
              594 3 15 -1 
              733 594 15 -1 
              732 595 594 -1 
              731 596 595 -1 
              730 597 596 -1 
              729 598 597 -1 
              728 599 598 -1 
              727 600 599 -1 
              726 601 600 -1 
              725 4 601 -1 
              724 709 4 -1 
              723 710 709 -1 
              722 711 710 -1 
              713 712 720 -1 
              714 713 719 -1 
              715 714 718 -1 
              716 715 717 -1 
              16 716 17 -1 
              721 712 711 -1 
              717 17 716 -1 
              718 717 715 -1 
              719 718 714 -1 
              720 719 713 -1 
              721 720 712 -1 
              722 721 711 -1 
              723 722 710 -1 
              724 723 709 -1 
              725 724 4 -1 
              726 725 601 -1 
              727 726 600 -1 
              728 727 599 -1 
              729 728 598 -1 
              730 729 597 -1 
              731 730 596 -1 
              732 731 595 -1 
              733 732 594 -1 
              746 737 736 -1 
              745 738 737 -1 
              744 739 738 -1 
              743 740 739 -1 
              742 741 740 -1 
              19 18 741 -1 
              747 736 735 -1 
              742 19 741 -1 
              748 735 734 -1 
              743 742 740 -1 
              749 734 6 -1 
              744 743 739 -1 
              745 744 738 -1 
              746 745 737 -1 
              747 746 736 -1 
              748 747 735 -1 
              749 748 734 -1 
              750 749 6 -1 
              751 750 6 -1 
              614 751 6 -1 
              613 752 751 -1 
              612 753 752 -1 
              611 754 753 -1 
              610 755 754 -1 
              609 756 755 -1 
              608 757 756 -1 
              607 758 757 -1 
              5 20 758 -1 
              607 5 758 -1 
              608 607 757 -1 
              609 608 756 -1 
              610 609 755 -1 
              611 610 754 -1 
              612 611 753 -1 
              613 612 752 -1 
              614 613 751 -1 
              759 22 21 -1 
              792 791 759 -1 
              790 789 761 -1 
              788 787 763 -1 
              786 785 765 -1 
              784 783 767 -1 
              782 781 769 -1 
              780 779 771 -1 
              778 777 773 -1 
              776 24 775 -1 
              783 768 767 -1 
              782 769 768 -1 
              781 770 769 -1 
              780 771 770 -1 
              779 772 771 -1 
              778 773 772 -1 
              775 774 776 -1 
              23 775 24 -1 
              777 774 773 -1 
              777 776 774 -1 
              784 767 766 -1 
              779 778 772 -1 
              785 766 765 -1 
              781 780 770 -1 
              786 765 764 -1 
              783 782 768 -1 
              787 764 763 -1 
              785 784 766 -1 
              788 763 762 -1 
              787 786 764 -1 
              789 762 761 -1 
              789 788 762 -1 
              790 761 760 -1 
              791 790 760 -1 
              791 760 759 -1 
              792 759 21 -1 
              794 28 25 -1 
              793 794 25 -1 
              26 27 794 -1 
              793 26 794 -1 
              660 800 799 -1 
              659 799 798 -1 
              658 798 797 -1 
              657 797 796 -1 
              656 796 795 -1 
              655 795 29 -1 
              655 29 12 -1 
              661 801 800 -1 
              656 795 655 -1 
              662 802 801 -1 
              657 796 656 -1 
              663 803 802 -1 
              658 797 657 -1 
              664 804 803 -1 
              659 798 658 -1 
              665 805 804 -1 
              660 799 659 -1 
              666 806 805 -1 
              661 800 660 -1 
              667 807 806 -1 
              662 801 661 -1 
              668 808 807 -1 
              663 802 662 -1 
              669 809 808 -1 
              664 803 663 -1 
              670 810 809 -1 
              665 804 664 -1 
              666 805 665 -1 
              671 811 810 -1 
              667 806 666 -1 
              13 30 811 -1 
              668 807 667 -1 
              669 808 668 -1 
              670 809 669 -1 
              671 810 670 -1 
              13 811 671 -1 
              31 30 13 -1 
              813 32 812 -1 
              34 812 33 -1 
              813 812 34 -1 
              35 32 813 -1 
              67 40 36 -1 
              64 733 15 -1 
              827 60 826 -1 
              828 60 827 -1 
              829 60 828 -1 
              830 60 829 -1 
              831 60 830 -1 
              60 831 832 -1 
              837 838 59 -1 
              717 38 55 -1 
              59 839 840 -1 
              719 819 38 -1 
              59 840 841 -1 
              59 841 842 -1 
              721 818 819 -1 
              717 55 17 -1 
              718 38 717 -1 
              723 817 818 -1 
              719 38 718 -1 
              725 816 817 -1 
              720 819 719 -1 
              721 819 720 -1 
              722 818 721 -1 
              723 818 722 -1 
              727 815 816 -1 
              724 817 723 -1 
              725 817 724 -1 
              726 816 725 -1 
              729 814 815 -1 
              727 816 726 -1 
              728 815 727 -1 
              729 815 728 -1 
              731 37 814 -1 
              730 814 729 -1 
              731 814 730 -1 
              732 37 731 -1 
              733 64 37 -1 
              733 37 732 -1 
              52 38 39 -1 
              50 859 19 -1 
              46 19 742 -1 
              46 742 743 -1 
              46 743 744 -1 
              46 744 745 -1 
              748 46 747 -1 
              42 43 40 -1 
              46 748 749 -1 
              891 41 67 -1 
              40 843 36 -1 
              754 45 753 -1 
              845 825 36 -1 
              755 756 45 -1 
              45 757 758 -1 
              847 824 825 -1 
              843 40 20 -1 
              844 36 843 -1 
              849 823 824 -1 
              845 36 844 -1 
              851 822 823 -1 
              846 825 845 -1 
              847 825 846 -1 
              848 824 847 -1 
              849 824 848 -1 
              853 821 822 -1 
              850 823 849 -1 
              851 823 850 -1 
              852 822 851 -1 
              855 820 821 -1 
              853 822 852 -1 
              854 821 853 -1 
              855 821 854 -1 
              857 39 820 -1 
              856 820 855 -1 
              857 820 856 -1 
              858 39 857 -1 
              859 50 39 -1 
              859 39 858 -1 
              756 757 45 -1 
              40 67 41 -1 
              754 755 45 -1 
              46 746 747 -1 
              45 758 20 -1 
              44 40 43 -1 
              45 20 40 -1 
              45 40 44 -1 
              46 745 746 -1 
              45 752 753 -1 
              750 46 749 -1 
              45 751 752 -1 
              45 46 750 -1 
              45 750 751 -1 
              50 19 46 -1 
              50 46 47 -1 
              49 47 48 -1 
              50 47 49 -1 
              52 39 50 -1 
              52 50 51 -1 
              866 51 867 -1 
              865 51 866 -1 
              864 51 865 -1 
              863 51 864 -1 
              862 51 863 -1 
              861 51 862 -1 
              860 51 861 -1 
              52 53 38 -1 
              52 51 860 -1 
              55 38 53 -1 
              874 53 875 -1 
              873 53 874 -1 
              872 53 873 -1 
              871 53 872 -1 
              870 53 871 -1 
              869 53 870 -1 
              868 53 869 -1 
              58 55 57 -1 
              54 53 868 -1 
              55 53 54 -1 
              60 832 833 -1 
              57 55 56 -1 
              838 839 59 -1 
              59 842 17 -1 
              59 17 55 -1 
              59 55 58 -1 
              60 15 826 -1 
              59 836 837 -1 
              834 60 833 -1 
              59 835 836 -1 
              59 60 834 -1 
              59 834 835 -1 
              61 64 60 -1 
              62 63 61 -1 
              64 15 60 -1 
              66 36 37 -1 
              64 61 63 -1 
              66 37 64 -1 
              66 64 65 -1 
              882 65 883 -1 
              881 65 882 -1 
              880 65 881 -1 
              879 65 880 -1 
              878 65 879 -1 
              877 65 878 -1 
              876 65 877 -1 
              66 65 876 -1 
              67 36 66 -1 
              890 41 891 -1 
              889 41 890 -1 
              888 41 889 -1 
              887 41 888 -1 
              886 41 887 -1 
              885 41 886 -1 
              884 41 885 -1 
              892 819 818 -1 
              69 38 819 -1 
              893 818 817 -1 
              892 69 819 -1 
              894 817 816 -1 
              893 892 818 -1 
              895 816 815 -1 
              894 893 817 -1 
              896 815 814 -1 
              895 894 816 -1 
              897 814 37 -1 
              896 895 815 -1 
              897 896 814 -1 
              68 897 37 -1 
              68 37 36 -1 
              70 68 36 -1 
              899 824 823 -1 
              898 825 824 -1 
              70 36 825 -1 
              900 823 822 -1 
              898 70 825 -1 
              901 822 821 -1 
              899 898 824 -1 
              902 821 820 -1 
              900 899 823 -1 
              903 820 39 -1 
              901 900 822 -1 
              902 901 821 -1 
              903 902 820 -1 
              71 903 39 -1 
              38 71 39 -1 
              38 69 71 -1 
              841 905 904 -1 
              839 907 906 -1 
              837 909 908 -1 
              835 911 910 -1 
              834 2 911 -1 
              832 587 586 -1 
              830 589 588 -1 
              828 591 590 -1 
              826 593 592 -1 
              15 3 593 -1 
              827 592 591 -1 
              826 15 593 -1 
              829 590 589 -1 
              827 826 592 -1 
              831 588 587 -1 
              828 827 591 -1 
              833 586 2 -1 
              829 828 590 -1 
              836 910 909 -1 
              830 829 589 -1 
              838 908 907 -1 
              831 830 588 -1 
              840 906 905 -1 
              832 831 587 -1 
              842 904 16 -1 
              833 832 586 -1 
              834 833 2 -1 
              835 834 911 -1 
              836 835 910 -1 
              837 836 909 -1 
              838 837 908 -1 
              839 838 907 -1 
              840 839 906 -1 
              841 840 905 -1 
              842 841 904 -1 
              17 842 16 -1 
              649 843 20 -1 
              648 844 843 -1 
              646 846 845 -1 
              645 847 846 -1 
              644 848 847 -1 
              642 850 849 -1 
              9 851 850 -1 
              919 852 851 -1 
              918 853 852 -1 
              916 855 854 -1 
              858 857 913 -1 
              18 859 912 -1 
              912 859 858 -1 
              18 19 859 -1 
              915 856 855 -1 
              914 857 856 -1 
              917 854 853 -1 
              913 912 858 -1 
              643 849 848 -1 
              914 913 857 -1 
              647 845 844 -1 
              915 914 856 -1 
              916 915 855 -1 
              917 916 854 -1 
              918 917 853 -1 
              919 918 852 -1 
              9 919 851 -1 
              642 9 850 -1 
              643 642 849 -1 
              644 643 848 -1 
              645 644 847 -1 
              646 645 846 -1 
              647 646 845 -1 
              648 647 844 -1 
              649 648 843 -1 
              5 649 20 -1 
              74 75 67 -1 
              74 66 72 -1 
              74 67 66 -1 
              74 72 73 -1 
              77 67 75 -1 
              77 75 76 -1 
              61 60 79 -1 
              78 61 79 -1 
              60 80 79 -1 
              59 80 60 -1 
              59 81 80 -1 
              59 58 81 -1 
              83 87 82 -1 
              86 52 84 -1 
              86 53 52 -1 
              86 84 85 -1 
              87 83 53 -1 
              87 53 86 -1 
              47 89 88 -1 
              47 46 89 -1 
              46 90 89 -1 
              45 90 46 -1 
              45 44 91 -1 
              90 45 91 -1 
              92 93 895 -1 
              893 97 98 -1 
              100 892 99 -1 
              936 22 69 -1 
              761 132 71 -1 
              111 112 68 -1 
              923 111 68 -1 
              92 117 118 -1 
              92 895 117 -1 
              896 897 115 -1 
              93 94 895 -1 
              897 114 115 -1 
              895 94 894 -1 
              130 118 119 -1 
              123 119 120 -1 
              122 120 121 -1 
              123 120 122 -1 
              124 119 123 -1 
              130 119 124 -1 
              129 126 127 -1 
              130 124 125 -1 
              128 129 127 -1 
              130 125 126 -1 
              130 126 129 -1 
              131 92 118 -1 
              131 118 130 -1 
              140 138 139 -1 
              901 134 135 -1 
              144 135 136 -1 
              144 136 137 -1 
              143 137 138 -1 
              141 138 140 -1 
              143 138 141 -1 
              143 141 142 -1 
              144 137 143 -1 
              900 135 144 -1 
              898 899 146 -1 
              898 146 147 -1 
              898 147 148 -1 
              70 148 149 -1 
              158 159 157 -1 
              69 935 936 -1 
              71 132 133 -1 
              763 159 132 -1 
              760 71 759 -1 
              761 71 760 -1 
              766 159 765 -1 
              762 132 761 -1 
              768 155 156 -1 
              763 132 762 -1 
              766 157 159 -1 
              764 159 763 -1 
              768 156 157 -1 
              765 159 764 -1 
              769 154 155 -1 
              770 153 154 -1 
              767 157 766 -1 
              768 157 767 -1 
              771 152 153 -1 
              769 155 768 -1 
              772 151 152 -1 
              770 154 769 -1 
              70 150 151 -1 
              771 153 770 -1 
              772 152 771 -1 
              773 151 772 -1 
              921 68 920 -1 
              70 151 773 -1 
              775 70 774 -1 
              110 111 923 -1 
              68 113 897 -1 
              925 109 110 -1 
              926 108 109 -1 
              922 68 921 -1 
              923 68 922 -1 
              927 107 108 -1 
              924 110 923 -1 
              928 106 107 -1 
              925 110 924 -1 
              929 105 106 -1 
              926 109 925 -1 
              927 108 926 -1 
              930 104 105 -1 
              928 107 927 -1 
              929 106 928 -1 
              931 103 104 -1 
              930 105 929 -1 
              933 102 103 -1 
              931 104 930 -1 
              932 103 931 -1 
              69 101 102 -1 
              933 103 932 -1 
              69 102 933 -1 
              69 100 101 -1 
              69 933 934 -1 
              69 934 935 -1 
              903 134 902 -1 
              71 22 759 -1 
              892 98 99 -1 
              71 69 22 -1 
              893 96 97 -1 
              892 100 69 -1 
              894 95 96 -1 
              893 98 892 -1 
              894 94 95 -1 
              894 96 893 -1 
              896 116 117 -1 
              896 115 116 -1 
              896 117 895 -1 
              68 112 113 -1 
              897 113 114 -1 
              68 23 920 -1 
              70 149 150 -1 
              70 773 774 -1 
              70 775 23 -1 
              68 70 23 -1 
              899 145 146 -1 
              898 148 70 -1 
              900 144 145 -1 
              903 133 134 -1 
              900 145 899 -1 
              901 135 900 -1 
              903 71 133 -1 
              902 134 901 -1 
              937 581 1 -1 
              938 581 937 -1 
              1965 910 585 -1 
              1963 581 938 -1 
              910 1965 1938 -1 
              1962 938 939 -1 
              1949 606 710 -1 
              1960 941 942 -1 
              947 948 1955 -1 
              948 949 1954 -1 
              1953 950 951 -1 
              1952 951 952 -1 
              602 952 953 -1 
              602 953 0 -1 
              1951 952 602 -1 
              1953 951 1952 -1 
              603 604 1950 -1 
              709 606 4 -1 
              710 606 709 -1 
              1948 710 711 -1 
              946 947 1956 -1 
              1959 942 943 -1 
              946 1957 945 -1 
              909 1939 908 -1 
              1944 715 716 -1 
              1943 716 16 -1 
              1943 16 904 -1 
              906 1941 905 -1 
              907 1940 906 -1 
              908 1940 907 -1 
              911 585 910 -1 
              910 1938 909 -1 
              911 2 585 -1 
              1965 584 1964 -1 
              1942 904 905 -1 
              1945 714 715 -1 
              1939 909 1938 -1 
              1940 908 1939 -1 
              1946 713 714 -1 
              1941 906 1940 -1 
              1946 712 713 -1 
              1942 905 1941 -1 
              1943 904 1942 -1 
              1947 711 712 -1 
              1944 716 1943 -1 
              1945 715 1944 -1 
              1946 714 1945 -1 
              1950 605 1949 -1 
              1947 712 1946 -1 
              1950 604 605 -1 
              1948 711 1947 -1 
              1949 605 606 -1 
              1949 710 1948 -1 
              1954 949 950 -1 
              1951 602 603 -1 
              1951 603 1950 -1 
              1957 944 945 -1 
              1952 952 1951 -1 
              1958 943 944 -1 
              1954 950 1953 -1 
              1955 948 1954 -1 
              1960 940 941 -1 
              1956 947 1955 -1 
              1957 946 1956 -1 
              1961 939 940 -1 
              1958 944 1957 -1 
              1964 584 583 -1 
              1959 943 1958 -1 
              1960 942 1959 -1 
              1964 582 1963 -1 
              1961 940 1960 -1 
              1964 583 582 -1 
              1962 939 1961 -1 
              1963 582 581 -1 
              1963 938 1962 -1 
              1965 585 584 -1 
              1951 1950 1952 -1 
              1966 1952 1950 -1 
              1952 1966 1953 -1 
              1967 1953 1966 -1 
              1953 1967 1954 -1 
              1968 1954 1967 -1 
              1954 1968 1955 -1 
              1969 1955 1968 -1 
              1955 1969 1956 -1 
              1970 1956 1969 -1 
              1956 1970 1957 -1 
              1971 1957 1970 -1 
              1957 1971 1958 -1 
              1972 1958 1971 -1 
              1958 1972 1959 -1 
              1973 1959 1972 -1 
              1959 1973 1960 -1 
              1974 1960 1973 -1 
              1960 1974 1961 -1 
              1975 1961 1974 -1 
              1961 1975 1962 -1 
              1976 1962 1975 -1 
              1962 1976 1963 -1 
              1964 1963 1976 -1 
              1950 1949 1966 -1 
              1948 1966 1949 -1 
              1966 1948 1967 -1 
              1947 1967 1948 -1 
              1967 1947 1968 -1 
              1946 1968 1947 -1 
              1968 1946 1969 -1 
              1945 1969 1946 -1 
              1969 1945 1970 -1 
              1944 1970 1945 -1 
              1970 1944 1971 -1 
              1943 1971 1944 -1 
              1971 1943 1972 -1 
              1942 1972 1943 -1 
              1972 1942 1973 -1 
              1941 1973 1942 -1 
              1973 1941 1974 -1 
              1940 1974 1941 -1 
              1974 1940 1975 -1 
              1939 1975 1940 -1 
              1975 1939 1976 -1 
              1938 1976 1939 -1 
              1976 1938 1964 -1 
              1965 1964 1938 -1 
              734 615 6 -1 
              735 615 734 -1 
              2004 969 619 -1 
              2002 615 735 -1 
              969 2004 1977 -1 
              2001 735 736 -1 
              955 641 954 -1 
              1999 738 739 -1 
              913 914 1994 -1 
              914 915 1993 -1 
              1992 916 917 -1 
              1991 917 918 -1 
              637 918 919 -1 
              637 919 9 -1 
              1990 918 637 -1 
              1992 917 1991 -1 
              638 639 1989 -1 
              954 641 8 -1 
              912 1996 18 -1 
              1988 641 955 -1 
              1987 955 956 -1 
              912 913 1995 -1 
              1998 739 740 -1 
              1983 960 961 -1 
              969 1977 968 -1 
              1982 961 962 -1 
              1982 962 963 -1 
              965 1980 964 -1 
              966 1979 965 -1 
              967 1979 966 -1 
              968 1978 967 -1 
              970 7 619 -1 
              970 619 969 -1 
              2004 618 2003 -1 
              1981 963 964 -1 
              1984 959 960 -1 
              1978 968 1977 -1 
              1979 967 1978 -1 
              1985 958 959 -1 
              1980 965 1979 -1 
              1985 957 958 -1 
              1981 964 1980 -1 
              1982 963 1981 -1 
              1986 956 957 -1 
              1983 961 1982 -1 
              1984 960 1983 -1 
              1985 959 1984 -1 
              1989 640 1988 -1 
              1986 957 1985 -1 
              1989 639 640 -1 
              1987 956 1986 -1 
              1988 640 641 -1 
              1988 955 1987 -1 
              1993 915 916 -1 
              1990 637 638 -1 
              1990 638 1989 -1 
              1996 741 18 -1 
              1991 918 1990 -1 
              1997 740 741 -1 
              1993 916 1992 -1 
              1994 914 1993 -1 
              1999 737 738 -1 
              1995 913 1994 -1 
              1996 912 1995 -1 
              2000 736 737 -1 
              1997 741 1996 -1 
              2003 618 617 -1 
              1998 740 1997 -1 
              1999 739 1998 -1 
              2003 616 2002 -1 
              2000 737 1999 -1 
              2003 617 616 -1 
              2001 736 2000 -1 
              2002 616 615 -1 
              2002 735 2001 -1 
              2004 619 618 -1 
              1990 1989 1991 -1 
              2005 1991 1989 -1 
              1991 2005 1992 -1 
              2006 1992 2005 -1 
              1992 2006 1993 -1 
              2007 1993 2006 -1 
              1993 2007 1994 -1 
              2008 1994 2007 -1 
              1994 2008 1995 -1 
              2009 1995 2008 -1 
              1995 2009 1996 -1 
              2010 1996 2009 -1 
              1996 2010 1997 -1 
              2011 1997 2010 -1 
              1997 2011 1998 -1 
              2012 1998 2011 -1 
              1998 2012 1999 -1 
              2013 1999 2012 -1 
              1999 2013 2000 -1 
              2014 2000 2013 -1 
              2000 2014 2001 -1 
              2015 2001 2014 -1 
              2001 2015 2002 -1 
              2003 2002 2015 -1 
              1989 1988 2005 -1 
              1987 2005 1988 -1 
              2005 1987 2006 -1 
              1986 2006 1987 -1 
              2006 1986 2007 -1 
              1985 2007 1986 -1 
              2007 1985 2008 -1 
              1984 2008 1985 -1 
              2008 1984 2009 -1 
              1983 2009 1984 -1 
              2009 1983 2010 -1 
              1982 2010 1983 -1 
              2010 1982 2011 -1 
              1981 2011 1982 -1 
              2011 1981 2012 -1 
              1980 2012 1981 -1 
              2012 1980 2013 -1 
              1979 2013 1980 -1 
              2013 1979 2014 -1 
              1978 2014 1979 -1 
              2014 1978 2015 -1 
              1977 2015 1978 -1 
              2015 1977 2003 -1 
              2004 2003 1977 -1 
              978 66 876 -1 
              977 876 877 -1 
              976 877 878 -1 
              975 878 879 -1 
              974 879 880 -1 
              973 880 881 -1 
              972 881 882 -1 
              971 882 883 -1 
              160 883 65 -1 
              971 883 160 -1 
              972 882 971 -1 
              973 881 972 -1 
              974 880 973 -1 
              975 879 974 -1 
              976 878 975 -1 
              977 877 976 -1 
              978 876 977 -1 
              72 66 978 -1 
              986 41 884 -1 
              985 884 885 -1 
              984 885 886 -1 
              983 886 887 -1 
              982 887 888 -1 
              981 888 889 -1 
              980 889 890 -1 
              979 890 891 -1 
              77 891 67 -1 
              979 891 77 -1 
              980 890 979 -1 
              981 889 980 -1 
              982 888 981 -1 
              983 887 982 -1 
              984 886 983 -1 
              985 885 984 -1 
              986 884 985 -1 
              161 41 986 -1 
              161 163 164 -1 
              988 164 987 -1 
              165 164 988 -1 
              161 164 165 -1 
              166 165 989 -1 
              166 989 990 -1 
              166 990 991 -1 
              166 161 165 -1 
              166 991 992 -1 
              986 163 161 -1 
              985 163 986 -1 
              984 163 985 -1 
              983 982 163 -1 
              983 163 984 -1 
              77 162 163 -1 
              981 163 982 -1 
              980 163 981 -1 
              979 163 980 -1 
              77 76 162 -1 
              77 163 979 -1 
              76 994 162 -1 
              993 76 167 -1 
              994 76 993 -1 
              167 76 75 -1 
              169 167 168 -1 
              75 168 167 -1 
              996 997 74 -1 
              1000 74 999 -1 
              1001 74 1000 -1 
              171 74 1001 -1 
              75 172 1002 -1 
              75 1003 1004 -1 
              75 1004 1005 -1 
              75 1005 1006 -1 
              1052 189 1051 -1 
              75 173 168 -1 
              1006 1007 75 -1 
              75 1008 173 -1 
              168 173 1009 -1 
              168 1009 1010 -1 
              168 1010 1011 -1 
              168 1011 1012 -1 
              168 1012 1013 -1 
              168 1013 1014 -1 
              168 1014 1015 -1 
              75 1007 1008 -1 
              1016 168 175 -1 
              188 168 1016 -1 
              188 1016 1017 -1 
              188 1017 1018 -1 
              188 1018 1019 -1 
              188 1019 1020 -1 
              188 1020 1021 -1 
              188 1021 1022 -1 
              1024 188 1023 -1 
              176 188 1024 -1 
              187 188 176 -1 
              187 176 177 -1 
              187 177 1025 -1 
              187 1025 1026 -1 
              1029 187 1028 -1 
              1030 187 1029 -1 
              187 1030 1031 -1 
              192 179 1033 -1 
              191 1033 1034 -1 
              1037 191 1036 -1 
              1038 191 1037 -1 
              1039 191 1038 -1 
              1040 191 1039 -1 
              1041 191 1040 -1 
              180 191 1041 -1 
              190 181 1042 -1 
              74 170 995 -1 
              190 1042 1043 -1 
              996 74 995 -1 
              190 1043 1044 -1 
              997 998 74 -1 
              190 1044 1045 -1 
              74 998 999 -1 
              190 1045 1046 -1 
              1056 170 189 -1 
              1048 190 1047 -1 
              1049 190 1048 -1 
              189 182 183 -1 
              1050 189 183 -1 
              1051 189 1050 -1 
              1053 189 1052 -1 
              1054 189 1053 -1 
              1055 189 1054 -1 
              1056 189 1055 -1 
              184 178 179 -1 
              186 178 184 -1 
              186 184 185 -1 
              187 1026 1027 -1 
              187 1027 1028 -1 
              186 1032 178 -1 
              1032 187 1031 -1 
              186 187 1032 -1 
              188 1022 1023 -1 
              168 1015 174 -1 
              168 174 175 -1 
              75 1002 1003 -1 
              190 1046 1047 -1 
              75 171 172 -1 
              75 74 171 -1 
              189 170 74 -1 
              189 1049 182 -1 
              189 190 1049 -1 
              191 1034 1035 -1 
              191 1035 1036 -1 
              190 180 181 -1 
              190 191 180 -1 
              194 184 179 -1 
              192 1033 191 -1 
              194 179 192 -1 
              194 192 193 -1 
              87 184 194 -1 
              86 184 87 -1 
              195 196 189 -1 
              74 195 189 -1 
              74 73 195 -1 
              1058 197 1057 -1 
              198 197 1058 -1 
              160 197 198 -1 
              73 200 1059 -1 
              73 1059 1060 -1 
              72 199 200 -1 
              73 1060 195 -1 
              72 200 73 -1 
              978 199 72 -1 
              977 199 978 -1 
              976 975 199 -1 
              976 199 977 -1 
              160 198 199 -1 
              974 199 975 -1 
              973 199 974 -1 
              972 199 973 -1 
              971 199 972 -1 
              160 201 197 -1 
              160 199 971 -1 
              1064 197 201 -1 
              1062 201 1061 -1 
              1063 201 1062 -1 
              1064 201 1063 -1 
              80 78 79 -1 
              80 81 78 -1 
              205 78 204 -1 
              205 65 64 -1 
              160 204 201 -1 
              205 160 65 -1 
              78 203 204 -1 
              205 204 160 -1 
              207 202 203 -1 
              78 207 203 -1 
              78 205 206 -1 
              61 78 206 -1 
              54 215 214 -1 
              210 81 209 -1 
              212 81 210 -1 
              212 210 211 -1 
              213 214 81 -1 
              214 209 81 -1 
              213 81 58 -1 
              215 208 209 -1 
              215 209 214 -1 
              54 214 55 -1 
              1072 54 868 -1 
              1071 868 869 -1 
              1070 869 870 -1 
              1069 870 871 -1 
              1068 871 872 -1 
              1067 872 873 -1 
              1066 873 874 -1 
              1065 874 875 -1 
              83 875 53 -1 
              1065 875 83 -1 
              1066 874 1065 -1 
              1067 873 1066 -1 
              1068 872 1067 -1 
              1069 871 1068 -1 
              1070 870 1069 -1 
              1071 869 1070 -1 
              1072 868 1071 -1 
              215 54 1072 -1 
              215 217 218 -1 
              1074 218 1073 -1 
              219 218 1074 -1 
              215 218 219 -1 
              208 219 1075 -1 
              208 1075 1076 -1 
              221 216 82 -1 
              208 1076 1077 -1 
              208 1077 1078 -1 
              215 219 208 -1 
              1072 217 215 -1 
              1071 217 1072 -1 
              1070 217 1071 -1 
              1069 1068 217 -1 
              1069 217 1070 -1 
              83 216 217 -1 
              1067 217 1068 -1 
              1066 217 1067 -1 
              1065 217 1066 -1 
              83 217 1065 -1 
              83 82 216 -1 
              221 82 220 -1 
              1079 216 221 -1 
              1080 216 1079 -1 
              1081 216 1080 -1 
              1082 216 1081 -1 
              220 82 87 -1 
              87 194 220 -1 
              222 184 86 -1 
              85 222 86 -1 
              1084 223 1083 -1 
              84 225 226 -1 
              224 223 1084 -1 
              228 223 224 -1 
              1086 226 1085 -1 
              1087 226 1086 -1 
              1088 226 1087 -1 
              227 226 1088 -1 
              85 226 227 -1 
              85 227 222 -1 
              85 84 226 -1 
              1089 225 84 -1 
              1090 225 1089 -1 
              1091 225 1090 -1 
              1092 1093 225 -1 
              1092 225 1091 -1 
              228 224 225 -1 
              1094 225 1093 -1 
              1095 225 1094 -1 
              1096 225 1095 -1 
              228 229 223 -1 
              228 225 1096 -1 
              1100 223 229 -1 
              1098 229 1097 -1 
              1099 229 1098 -1 
              1100 229 1099 -1 
              1089 52 860 -1 
              1090 860 861 -1 
              1091 861 862 -1 
              1092 862 863 -1 
              1093 863 864 -1 
              1094 864 865 -1 
              1095 865 866 -1 
              1096 866 867 -1 
              228 867 51 -1 
              1096 867 228 -1 
              1095 866 1096 -1 
              1094 865 1095 -1 
              1093 864 1094 -1 
              1092 863 1093 -1 
              1091 862 1092 -1 
              1090 861 1091 -1 
              1089 860 1090 -1 
              84 52 1089 -1 
              90 91 88 -1 
              89 90 88 -1 
              233 88 232 -1 
              233 51 50 -1 
              228 232 229 -1 
              233 228 51 -1 
              88 231 232 -1 
              233 232 228 -1 
              235 230 231 -1 
              88 235 231 -1 
              88 233 234 -1 
              47 88 234 -1 
              41 161 241 -1 
              237 91 236 -1 
              239 91 237 -1 
              239 237 238 -1 
              240 241 91 -1 
              241 236 91 -1 
              240 91 44 -1 
              161 166 236 -1 
              161 236 241 -1 
              41 241 40 -1 
              93 242 94 -1 
              243 242 93 -1 
              92 243 93 -1 
              244 243 92 -1 
              131 244 92 -1 
              245 244 131 -1 
              130 245 131 -1 
              246 245 130 -1 
              129 246 130 -1 
              247 246 129 -1 
              128 247 129 -1 
              248 247 128 -1 
              127 248 128 -1 
              249 248 127 -1 
              126 249 127 -1 
              250 249 126 -1 
              125 250 126 -1 
              251 250 125 -1 
              124 251 125 -1 
              252 251 124 -1 
              123 252 124 -1 
              253 252 123 -1 
              122 253 123 -1 
              254 253 122 -1 
              121 254 122 -1 
              255 254 121 -1 
              120 255 121 -1 
              256 255 120 -1 
              119 256 120 -1 
              257 256 119 -1 
              118 257 119 -1 
              258 257 118 -1 
              117 258 118 -1 
              259 258 117 -1 
              116 259 117 -1 
              260 259 116 -1 
              115 260 116 -1 
              261 260 115 -1 
              114 261 115 -1 
              262 261 114 -1 
              113 262 114 -1 
              263 262 113 -1 
              112 263 113 -1 
              264 263 112 -1 
              111 264 112 -1 
              265 264 111 -1 
              110 265 111 -1 
              266 265 110 -1 
              109 266 110 -1 
              267 266 109 -1 
              108 267 109 -1 
              268 267 108 -1 
              107 268 108 -1 
              269 268 107 -1 
              106 269 107 -1 
              270 269 106 -1 
              105 270 106 -1 
              271 270 105 -1 
              104 271 105 -1 
              272 271 104 -1 
              103 272 104 -1 
              273 272 103 -1 
              102 273 103 -1 
              274 273 102 -1 
              101 274 102 -1 
              275 274 101 -1 
              100 275 101 -1 
              276 275 100 -1 
              99 276 100 -1 
              277 276 99 -1 
              98 277 99 -1 
              278 277 98 -1 
              97 278 98 -1 
              279 278 97 -1 
              96 279 97 -1 
              280 279 96 -1 
              95 280 96 -1 
              281 280 95 -1 
              94 281 95 -1 
              242 281 94 -1 
              133 282 134 -1 
              283 282 133 -1 
              132 283 133 -1 
              284 283 132 -1 
              159 284 132 -1 
              285 284 159 -1 
              158 285 159 -1 
              286 285 158 -1 
              157 286 158 -1 
              287 286 157 -1 
              156 287 157 -1 
              288 287 156 -1 
              155 288 156 -1 
              289 288 155 -1 
              154 289 155 -1 
              290 289 154 -1 
              153 290 154 -1 
              291 290 153 -1 
              152 291 153 -1 
              292 291 152 -1 
              151 292 152 -1 
              293 292 151 -1 
              150 293 151 -1 
              294 293 150 -1 
              149 294 150 -1 
              295 294 149 -1 
              148 295 149 -1 
              296 295 148 -1 
              147 296 148 -1 
              297 296 147 -1 
              146 297 147 -1 
              298 297 146 -1 
              145 298 146 -1 
              299 298 145 -1 
              144 299 145 -1 
              300 299 144 -1 
              143 300 144 -1 
              301 300 143 -1 
              142 301 143 -1 
              302 301 142 -1 
              141 302 142 -1 
              303 302 141 -1 
              140 303 141 -1 
              304 303 140 -1 
              139 304 140 -1 
              305 304 139 -1 
              138 305 139 -1 
              306 305 138 -1 
              137 306 138 -1 
              307 306 137 -1 
              136 307 137 -1 
              308 307 136 -1 
              135 308 136 -1 
              309 308 135 -1 
              134 309 135 -1 
              282 309 134 -1 
              1117 920 23 -1 
              1116 921 920 -1 
              1115 922 921 -1 
              1114 923 922 -1 
              1113 924 923 -1 
              1111 926 925 -1 
              1110 927 926 -1 
              1109 928 927 -1 
              1108 929 928 -1 
              1106 931 930 -1 
              1105 932 931 -1 
              935 934 1102 -1 
              21 936 1101 -1 
              1101 936 935 -1 
              21 22 936 -1 
              1104 933 932 -1 
              1103 934 933 -1 
              1107 930 929 -1 
              1102 1101 935 -1 
              1112 925 924 -1 
              1103 1102 934 -1 
              1104 1103 933 -1 
              1105 1104 932 -1 
              1106 1105 931 -1 
              1107 1106 930 -1 
              1108 1107 929 -1 
              1109 1108 928 -1 
              1110 1109 927 -1 
              1111 1110 926 -1 
              1112 1111 925 -1 
              1113 1112 924 -1 
              1114 1113 923 -1 
              1115 1114 922 -1 
              1116 1115 921 -1 
              1117 1116 920 -1 
              24 1117 23 -1 
              938 937 1 -1 
              939 938 1 -1 
              940 939 1 -1 
              941 940 1 -1 
              942 941 1 -1 
              943 942 1 -1 
              944 943 1 -1 
              945 944 1 -1 
              946 945 1 -1 
              947 946 1 -1 
              948 947 1 -1 
              949 948 1 -1 
              950 949 1 -1 
              951 950 1 -1 
              952 951 1 -1 
              953 952 1 -1 
              0 953 1 -1 
              564 0 1 -1 
              565 564 1 -1 
              566 565 1 -1 
              567 566 1 -1 
              568 567 1 -1 
              569 568 1 -1 
              570 569 1 -1 
              571 570 1 -1 
              572 571 1 -1 
              573 572 1 -1 
              574 573 1 -1 
              575 574 1 -1 
              576 575 1 -1 
              577 576 1 -1 
              578 577 1 -1 
              579 578 1 -1 
              580 579 1 -1 
              621 620 7 -1 
              622 621 7 -1 
              623 622 7 -1 
              624 623 7 -1 
              625 624 7 -1 
              626 625 7 -1 
              627 626 7 -1 
              628 627 7 -1 
              629 628 7 -1 
              630 629 7 -1 
              631 630 7 -1 
              632 631 7 -1 
              633 632 7 -1 
              634 633 7 -1 
              635 634 7 -1 
              636 635 7 -1 
              8 636 7 -1 
              954 8 7 -1 
              955 954 7 -1 
              956 955 7 -1 
              957 956 7 -1 
              958 957 7 -1 
              959 958 7 -1 
              960 959 7 -1 
              961 960 7 -1 
              962 961 7 -1 
              963 962 7 -1 
              964 963 7 -1 
              965 964 7 -1 
              966 965 7 -1 
              967 966 7 -1 
              968 967 7 -1 
              969 968 7 -1 
              970 969 7 -1 
              310 169 188 -1 
              188 169 168 -1 
              171 311 172 -1 
              312 311 171 -1 
              1001 312 171 -1 
              1124 312 1001 -1 
              1118 996 995 -1 
              313 995 170 -1 
              1119 997 996 -1 
              1118 995 313 -1 
              1120 998 997 -1 
              1119 996 1118 -1 
              1121 999 998 -1 
              1120 997 1119 -1 
              1122 1000 999 -1 
              1121 998 1120 -1 
              1123 1001 1000 -1 
              1122 999 1121 -1 
              1123 1000 1122 -1 
              1124 1001 1123 -1 
              1050 183 314 -1 
              1131 1050 314 -1 
              1130 1051 1050 -1 
              1129 1052 1051 -1 
              1128 1053 1052 -1 
              1127 1054 1053 -1 
              1126 1055 1054 -1 
              1125 1056 1055 -1 
              313 170 1056 -1 
              1125 313 1056 -1 
              1126 1125 1055 -1 
              1127 1126 1054 -1 
              1128 1127 1053 -1 
              1129 1128 1052 -1 
              1130 1129 1051 -1 
              1131 1130 1050 -1 
              182 314 183 -1 
              315 314 182 -1 
              1049 315 182 -1 
              1139 315 1049 -1 
              1132 1043 1042 -1 
              316 1042 181 -1 
              1133 1044 1043 -1 
              1132 1042 316 -1 
              1134 1045 1044 -1 
              1133 1043 1132 -1 
              1135 1046 1045 -1 
              1134 1044 1133 -1 
              1136 1047 1046 -1 
              1135 1045 1134 -1 
              1137 1048 1047 -1 
              1136 1046 1135 -1 
              1138 1049 1048 -1 
              1137 1047 1136 -1 
              1138 1048 1137 -1 
              1139 1049 1138 -1 
              180 316 181 -1 
              317 316 180 -1 
              1041 317 180 -1 
              1148 317 1041 -1 
              1147 1041 1040 -1 
              1146 1040 1039 -1 
              1141 1035 1034 -1 
              1140 1034 1033 -1 
              318 1033 179 -1 
              1142 1036 1035 -1 
              1140 1033 318 -1 
              1143 1037 1036 -1 
              1141 1034 1140 -1 
              1144 1038 1037 -1 
              1142 1035 1141 -1 
              1145 1039 1038 -1 
              1143 1036 1142 -1 
              1144 1037 1143 -1 
              1145 1038 1144 -1 
              1146 1039 1145 -1 
              1147 1040 1146 -1 
              1148 1041 1147 -1 
              178 318 179 -1 
              319 318 178 -1 
              1032 319 178 -1 
              1156 319 1032 -1 
              1155 1032 1031 -1 
              1154 1031 1030 -1 
              1151 1028 1027 -1 
              1150 1027 1026 -1 
              1149 1026 1025 -1 
              320 1025 177 -1 
              1152 1029 1028 -1 
              1149 1025 320 -1 
              1153 1030 1029 -1 
              1150 1026 1149 -1 
              1151 1027 1150 -1 
              1152 1028 1151 -1 
              1153 1029 1152 -1 
              1154 1030 1153 -1 
              1155 1031 1154 -1 
              1156 1032 1155 -1 
              176 320 177 -1 
              321 320 176 -1 
              1024 321 176 -1 
              1165 321 1024 -1 
              1164 1024 1023 -1 
              1163 1023 1022 -1 
              1162 1022 1021 -1 
              1160 1020 1019 -1 
              1159 1019 1018 -1 
              1158 1018 1017 -1 
              1157 1017 1016 -1 
              322 1016 175 -1 
              1161 1021 1020 -1 
              1157 1016 322 -1 
              1158 1017 1157 -1 
              1159 1018 1158 -1 
              1160 1019 1159 -1 
              1161 1020 1160 -1 
              1162 1021 1161 -1 
              1163 1022 1162 -1 
              1164 1023 1163 -1 
              1165 1024 1164 -1 
              174 322 175 -1 
              323 322 174 -1 
              1009 173 324 -1 
              1172 1009 324 -1 
              1171 1010 1009 -1 
              1170 1011 1010 -1 
              1014 1013 1167 -1 
              1015 1014 1166 -1 
              323 1015 1166 -1 
              323 174 1015 -1 
              1169 1012 1011 -1 
              1168 1013 1012 -1 
              1167 1166 1014 -1 
              1168 1167 1013 -1 
              1169 1168 1012 -1 
              1170 1169 1011 -1 
              1171 1170 1010 -1 
              1172 1171 1009 -1 
              1008 324 173 -1 
              1179 1008 1178 -1 
              1177 1006 1176 -1 
              1175 1004 1174 -1 
              1173 1002 311 -1 
              1175 1005 1004 -1 
              1174 1004 1003 -1 
              1173 1003 1002 -1 
              311 1002 172 -1 
              1174 1003 1173 -1 
              1176 1006 1005 -1 
              1176 1005 1175 -1 
              1177 1007 1006 -1 
              1178 1007 1177 -1 
              1178 1008 1007 -1 
              1179 324 1008 -1 
              326 185 325 -1 
              186 185 326 -1 
              227 325 185 -1 
              184 227 185 -1 
              184 222 227 -1 
              193 327 221 -1 
              194 221 220 -1 
              194 193 221 -1 
              328 327 193 -1 
              192 328 193 -1 
              191 328 192 -1 
              191 329 328 -1 
              330 329 191 -1 
              190 330 191 -1 
              196 190 189 -1 
              196 330 190 -1 
              331 310 188 -1 
              187 331 188 -1 
              326 331 187 -1 
              186 326 187 -1 
              335 332 81 -1 
              78 333 334 -1 
              78 334 336 -1 
              78 332 333 -1 
              78 81 332 -1 
              337 335 81 -1 
              337 334 335 -1 
              337 336 334 -1 
              1180 338 340 -1 
              1181 1180 1192 -1 
              1182 1181 1192 -1 
              1183 1182 339 -1 
              1184 1183 1188 -1 
              1185 1184 1190 -1 
              1186 1185 1191 -1 
              203 1186 204 -1 
              1191 204 1186 -1 
              1190 1191 1185 -1 
              1189 1190 1184 -1 
              1188 1189 1184 -1 
              1187 1188 1183 -1 
              339 1187 1183 -1 
              1192 339 1182 -1 
              340 1192 1180 -1 
              1206 212 1205 -1 
              1194 341 1193 -1 
              1195 341 1194 -1 
              1196 341 1195 -1 
              342 341 1196 -1 
              212 341 342 -1 
              207 342 343 -1 
              1198 343 1197 -1 
              1199 343 1198 -1 
              1200 343 1199 -1 
              344 343 1200 -1 
              207 343 344 -1 
              207 344 1201 -1 
              207 1201 1202 -1 
              207 1202 1203 -1 
              207 212 342 -1 
              207 1203 202 -1 
              1206 341 212 -1 
              1204 212 211 -1 
              1205 212 1204 -1 
              207 78 345 -1 
              336 345 78 -1 
              346 345 336 -1 
              1217 348 1213 -1 
              1218 1217 1212 -1 
              1219 1218 1211 -1 
              1220 1219 1210 -1 
              1221 1220 1209 -1 
              209 1221 210 -1 
              1208 210 1221 -1 
              1209 1208 1221 -1 
              1210 1209 1220 -1 
              1211 1210 1219 -1 
              1212 1211 1218 -1 
              1213 1212 1217 -1 
              1214 1213 348 -1 
              1207 1214 348 -1 
              349 1216 347 -1 
              1207 1216 1215 -1 
              1207 1215 1214 -1 
              1207 347 1216 -1 
              350 351 337 -1 
              81 350 337 -1 
              81 212 350 -1 
              355 91 357 -1 
              354 88 353 -1 
              88 354 356 -1 
              91 355 352 -1 
              88 352 353 -1 
              88 91 352 -1 
              357 354 355 -1 
              357 356 354 -1 
              1222 358 360 -1 
              1223 1222 1234 -1 
              1224 1223 1234 -1 
              1225 1224 359 -1 
              1226 1225 1230 -1 
              1227 1226 1232 -1 
              1228 1227 1233 -1 
              231 1228 232 -1 
              1233 232 1228 -1 
              1232 1233 1227 -1 
              1231 1232 1226 -1 
              1230 1231 1226 -1 
              1229 1230 1225 -1 
              359 1229 1225 -1 
              1234 359 1224 -1 
              360 1234 1222 -1 
              1247 239 1246 -1 
              1236 361 1235 -1 
              1237 361 1236 -1 
              1238 361 1237 -1 
              362 361 1238 -1 
              239 361 362 -1 
              235 362 363 -1 
              1240 363 1239 -1 
              1241 363 1240 -1 
              1242 363 1241 -1 
              364 363 1242 -1 
              235 363 364 -1 
              235 364 1243 -1 
              235 1243 1244 -1 
              235 1244 1245 -1 
              235 239 362 -1 
              235 1245 230 -1 
              1248 361 239 -1 
              1246 239 238 -1 
              1248 239 1247 -1 
              366 88 356 -1 
              366 235 88 -1 
              365 366 356 -1 
              1263 368 1255 -1 
              1262 1263 1254 -1 
              1261 1262 1253 -1 
              1260 1261 1251 -1 
              1259 1260 1250 -1 
              236 1259 237 -1 
              1250 237 1259 -1 
              1251 1250 1260 -1 
              1252 1251 1261 -1 
              1253 1252 1261 -1 
              1254 1253 1262 -1 
              1255 1254 1263 -1 
              1256 1255 368 -1 
              1249 1256 368 -1 
              369 1258 367 -1 
              1249 1258 1257 -1 
              1249 1257 1256 -1 
              1249 367 1258 -1 
              370 91 239 -1 
              357 370 371 -1 
              91 370 357 -1 
              243 391 372 -1 
              242 372 373 -1 
              279 377 278 -1 
              280 281 375 -1 
              280 375 376 -1 
              274 380 381 -1 
              270 271 385 -1 
              242 373 281 -1 
              281 373 374 -1 
              281 374 375 -1 
              244 390 391 -1 
              245 389 390 -1 
              243 372 242 -1 
              244 391 243 -1 
              247 388 389 -1 
              245 390 244 -1 
              248 387 388 -1 
              246 389 245 -1 
              248 386 387 -1 
              247 389 246 -1 
              270 385 386 -1 
              248 388 247 -1 
              268 251 267 -1 
              270 386 248 -1 
              265 253 254 -1 
              261 256 257 -1 
              260 257 258 -1 
              262 255 256 -1 
              260 258 259 -1 
              263 254 255 -1 
              261 257 260 -1 
              262 256 261 -1 
              263 255 262 -1 
              266 252 253 -1 
              264 254 263 -1 
              267 251 252 -1 
              265 254 264 -1 
              268 250 251 -1 
              266 253 265 -1 
              269 249 250 -1 
              267 252 266 -1 
              269 248 249 -1 
              271 384 385 -1 
              269 250 268 -1 
              271 383 384 -1 
              270 248 269 -1 
              272 382 383 -1 
              273 381 382 -1 
              272 383 271 -1 
              275 379 380 -1 
              273 382 272 -1 
              277 378 379 -1 
              274 381 273 -1 
              275 276 379 -1 
              275 380 274 -1 
              279 376 377 -1 
              278 377 378 -1 
              277 379 276 -1 
              278 378 277 -1 
              280 376 279 -1 
              286 287 309 -1 
              286 282 283 -1 
              286 284 285 -1 
              286 309 282 -1 
              286 283 284 -1 
              288 309 287 -1 
              308 309 288 -1 
              303 296 302 -1 
              304 293 294 -1 
              302 296 297 -1 
              301 297 298 -1 
              300 298 299 -1 
              303 295 296 -1 
              301 298 300 -1 
              304 294 295 -1 
              302 297 301 -1 
              305 292 293 -1 
              306 291 292 -1 
              304 295 303 -1 
              307 290 291 -1 
              305 293 304 -1 
              307 289 290 -1 
              306 292 305 -1 
              307 291 306 -1 
              308 288 289 -1 
              308 289 307 -1 
              791 792 21 -1 
              790 791 21 -1 
              789 790 21 -1 
              788 789 21 -1 
              787 788 21 -1 
              786 787 21 -1 
              785 786 21 -1 
              784 785 21 -1 
              783 784 21 -1 
              782 783 21 -1 
              781 782 21 -1 
              780 781 21 -1 
              779 780 21 -1 
              778 779 21 -1 
              777 778 21 -1 
              776 777 21 -1 
              24 776 21 -1 
              1117 24 21 -1 
              1116 1117 21 -1 
              1115 1116 21 -1 
              1114 1115 21 -1 
              1113 1114 21 -1 
              1112 1113 21 -1 
              1111 1112 21 -1 
              1110 1111 21 -1 
              1109 1110 21 -1 
              1108 1109 21 -1 
              1107 1108 21 -1 
              1106 1107 21 -1 
              1105 1106 21 -1 
              1104 1105 21 -1 
              1103 1104 21 -1 
              1102 1103 21 -1 
              1101 1102 21 -1 
              312 811 30 -1 
              311 30 1264 -1 
              311 1264 1265 -1 
              320 1273 1274 -1 
              311 1265 1266 -1 
              311 1266 1267 -1 
              1170 1267 1268 -1 
              1270 1168 1269 -1 
              321 1167 1270 -1 
              321 1270 1271 -1 
              321 1271 1272 -1 
              320 1272 1273 -1 
              1275 319 1274 -1 
              1276 319 1275 -1 
              1277 319 1276 -1 
              1278 319 1277 -1 
              1279 319 1278 -1 
              1280 319 1279 -1 
              319 1280 29 -1 
              318 29 795 -1 
              318 795 796 -1 
              318 796 797 -1 
              800 318 799 -1 
              317 802 803 -1 
              316 803 804 -1 
              316 804 805 -1 
              1129 805 806 -1 
              1128 806 807 -1 
              811 312 810 -1 
              1169 1268 1269 -1 
              1166 321 323 -1 
              1167 321 1166 -1 
              1168 1270 1167 -1 
              312 809 810 -1 
              1169 1269 1168 -1 
              1170 1268 1169 -1 
              1171 1267 1170 -1 
              311 1267 1171 -1 
              311 1171 1172 -1 
              311 1172 324 -1 
              1178 324 1179 -1 
              322 323 321 -1 
              1177 324 1178 -1 
              312 808 809 -1 
              1176 324 1177 -1 
              1175 324 1176 -1 
              1174 324 1175 -1 
              1173 324 1174 -1 
              311 312 30 -1 
              311 324 1173 -1 
              1127 807 808 -1 
              1126 808 312 -1 
              1123 312 1124 -1 
              1122 312 1123 -1 
              1121 312 1122 -1 
              1120 312 1121 -1 
              1119 312 1120 -1 
              1118 312 1119 -1 
              313 312 1118 -1 
              317 801 802 -1 
              1125 312 313 -1 
              1126 312 1125 -1 
              318 800 801 -1 
              1127 808 1126 -1 
              1128 807 1127 -1 
              1129 806 1128 -1 
              1130 805 1129 -1 
              316 805 1130 -1 
              316 1130 1131 -1 
              316 1131 314 -1 
              316 314 315 -1 
              1138 315 1139 -1 
              1137 315 1138 -1 
              1136 315 1137 -1 
              1135 315 1136 -1 
              1134 315 1135 -1 
              1133 315 1134 -1 
              1132 315 1133 -1 
              316 317 803 -1 
              316 315 1132 -1 
              318 797 798 -1 
              318 798 799 -1 
              318 801 317 -1 
              1147 317 1148 -1 
              1146 317 1147 -1 
              1145 317 1146 -1 
              1144 317 1145 -1 
              1143 317 1144 -1 
              1142 317 1143 -1 
              1141 317 1142 -1 
              1140 317 1141 -1 
              318 319 29 -1 
              318 317 1140 -1 
              320 1274 319 -1 
              1155 319 1156 -1 
              1154 319 1155 -1 
              1153 319 1154 -1 
              1152 319 1153 -1 
              1151 319 1152 -1 
              1150 319 1151 -1 
              1149 319 1150 -1 
              320 321 1272 -1 
              320 319 1149 -1 
              1164 321 1165 -1 
              1163 321 1164 -1 
              1162 321 1163 -1 
              1161 321 1162 -1 
              1160 321 1161 -1 
              1159 321 1160 -1 
              1158 321 1159 -1 
              1157 321 1158 -1 
              322 321 1157 -1 
              1281 196 392 -1 
              1282 330 1281 -1 
              1283 330 1282 -1 
              1284 330 1283 -1 
              1285 330 1284 -1 
              1286 330 1285 -1 
              1287 330 1286 -1 
              1288 330 1287 -1 
              393 330 1288 -1 
              394 330 393 -1 
              329 394 1289 -1 
              329 1289 1290 -1 
              329 1290 1291 -1 
              329 1291 1292 -1 
              329 1292 395 -1 
              1336 414 415 -1 
              227 398 1297 -1 
              227 1297 1298 -1 
              227 1298 1299 -1 
              326 1299 1300 -1 
              326 1300 399 -1 
              326 399 400 -1 
              331 400 1301 -1 
              331 1301 1302 -1 
              1304 331 1303 -1 
              401 331 1304 -1 
              310 401 402 -1 
              310 402 1305 -1 
              310 1305 1306 -1 
              1309 310 1308 -1 
              310 1310 1311 -1 
              310 1312 169 -1 
              310 1311 1312 -1 
              169 1312 403 -1 
              169 404 405 -1 
              407 405 1313 -1 
              407 1313 406 -1 
              1314 405 407 -1 
              310 1309 1310 -1 
              169 405 1314 -1 
              1316 169 1315 -1 
              1317 169 1316 -1 
              167 169 1317 -1 
              169 403 404 -1 
              169 1314 1315 -1 
              310 1306 1307 -1 
              310 1307 1308 -1 
              331 1302 1303 -1 
              310 331 401 -1 
              326 400 331 -1 
              227 1299 326 -1 
              227 326 325 -1 
              1318 398 227 -1 
              1322 397 398 -1 
              1319 398 1318 -1 
              408 398 1319 -1 
              409 398 408 -1 
              1320 398 409 -1 
              1321 398 1320 -1 
              1322 398 1321 -1 
              1328 397 1327 -1 
              1326 1322 1323 -1 
              1325 1323 1324 -1 
              411 1324 410 -1 
              221 1295 1296 -1 
              1325 1324 411 -1 
              1327 397 1322 -1 
              1326 1323 1325 -1 
              221 1296 397 -1 
              1327 1322 1326 -1 
              221 1294 1295 -1 
              1329 397 1328 -1 
              328 1293 1294 -1 
              412 397 1329 -1 
              328 396 1293 -1 
              413 397 412 -1 
              1330 397 413 -1 
              329 395 328 -1 
              1331 397 1330 -1 
              221 397 1331 -1 
              328 1294 221 -1 
              328 395 396 -1 
              328 221 327 -1 
              329 330 394 -1 
              196 1281 330 -1 
              1332 196 195 -1 
              1333 196 1332 -1 
              1334 196 1333 -1 
              417 392 196 -1 
              1335 196 1334 -1 
              416 196 1335 -1 
              416 1335 414 -1 
              416 414 1336 -1 
              417 196 416 -1 
              418 334 333 -1 
              418 419 334 -1 
              420 418 333 -1 
              420 333 332 -1 
              1337 418 420 -1 
              423 1339 1340 -1 
              423 1340 1341 -1 
              423 1341 1342 -1 
              423 1342 1343 -1 
              423 1343 1344 -1 
              423 1345 1346 -1 
              423 1346 421 -1 
              425 424 340 -1 
              423 421 422 -1 
              347 422 349 -1 
              423 1344 1345 -1 
              423 422 347 -1 
              423 1338 1339 -1 
              423 424 1338 -1 
              425 340 338 -1 
              426 424 425 -1 
              1347 424 426 -1 
              1348 424 1347 -1 
              1349 424 1348 -1 
              1350 424 1349 -1 
              1351 424 1350 -1 
              1352 1353 424 -1 
              1352 424 1351 -1 
              1356 418 1337 -1 
              1355 1337 1338 -1 
              1354 424 1353 -1 
              1355 1338 424 -1 
              1355 424 1354 -1 
              1356 1337 1355 -1 
              332 335 420 -1 
              420 335 427 -1 
              351 336 337 -1 
              346 336 351 -1 
              207 350 212 -1 
              345 350 207 -1 
              346 351 350 -1 
              346 350 345 -1 
              428 354 353 -1 
              428 429 354 -1 
              430 428 353 -1 
              430 353 352 -1 
              1357 428 430 -1 
              433 1359 1360 -1 
              433 1360 1361 -1 
              433 1361 1362 -1 
              433 1362 1363 -1 
              433 1363 1364 -1 
              433 1365 1366 -1 
              433 1366 431 -1 
              435 434 360 -1 
              433 431 432 -1 
              367 432 369 -1 
              433 1364 1365 -1 
              433 432 367 -1 
              433 1358 1359 -1 
              433 434 1358 -1 
              435 360 358 -1 
              436 434 435 -1 
              1367 434 436 -1 
              1368 434 1367 -1 
              1369 434 1368 -1 
              1370 434 1369 -1 
              1371 434 1370 -1 
              1372 1373 434 -1 
              1372 434 1371 -1 
              1376 428 1357 -1 
              1375 1357 1358 -1 
              1374 434 1373 -1 
              1375 1358 434 -1 
              1375 434 1374 -1 
              1376 1357 1375 -1 
              430 355 437 -1 
              430 352 355 -1 
              356 371 365 -1 
              357 371 356 -1 
              239 235 370 -1 
              366 370 235 -1 
              365 371 370 -1 
              365 370 366 -1 
              439 373 438 -1 
              374 373 439 -1 
              438 372 440 -1 
              373 372 438 -1 
              440 391 441 -1 
              372 391 440 -1 
              441 390 442 -1 
              391 390 441 -1 
              442 389 443 -1 
              390 389 442 -1 
              443 388 444 -1 
              389 388 443 -1 
              444 387 445 -1 
              388 387 444 -1 
              445 386 446 -1 
              387 386 445 -1 
              446 385 447 -1 
              386 385 446 -1 
              447 384 448 -1 
              385 384 447 -1 
              448 383 449 -1 
              384 383 448 -1 
              449 382 450 -1 
              383 382 449 -1 
              450 381 451 -1 
              382 381 450 -1 
              451 380 452 -1 
              381 380 451 -1 
              452 379 453 -1 
              380 379 452 -1 
              453 378 454 -1 
              379 378 453 -1 
              454 377 455 -1 
              378 377 454 -1 
              455 376 456 -1 
              377 376 455 -1 
              456 375 457 -1 
              376 375 456 -1 
              457 374 439 -1 
              375 374 457 -1 
              1384 461 458 -1 
              1377 1384 458 -1 
              1378 1385 1384 -1 
              1379 1386 1385 -1 
              1380 1387 1386 -1 
              1381 1388 1387 -1 
              1382 1389 1388 -1 
              1383 1390 1389 -1 
              459 460 1390 -1 
              1383 459 1390 -1 
              1382 1383 1389 -1 
              1381 1382 1388 -1 
              1380 1381 1387 -1 
              1379 1380 1386 -1 
              1378 1379 1385 -1 
              1377 1378 1384 -1 
              461 463 462 -1 
              458 461 462 -1 
              1391 27 1392 -1 
              463 1391 462 -1 
              1392 462 1391 -1 
              26 1392 27 -1 
              28 465 464 -1 
              25 28 464 -1 
              1400 467 466 -1 
              1393 1400 466 -1 
              1394 1401 1400 -1 
              1395 1402 1401 -1 
              1405 1404 1398 -1 
              1406 1405 1399 -1 
              465 1406 464 -1 
              1396 1403 1402 -1 
              1397 1404 1403 -1 
              1399 464 1406 -1 
              1398 1399 1405 -1 
              1397 1398 1404 -1 
              1396 1397 1403 -1 
              1395 1396 1402 -1 
              1394 1395 1401 -1 
              1393 1394 1400 -1 
              467 469 468 -1 
              466 467 468 -1 
              1414 471 470 -1 
              1407 1414 470 -1 
              1408 1415 1414 -1 
              1409 1416 1415 -1 
              1410 1417 1416 -1 
              1411 1418 1417 -1 
              1412 1419 1418 -1 
              1413 1420 1419 -1 
              468 469 1420 -1 
              1413 468 1420 -1 
              1412 1413 1419 -1 
              1411 1412 1418 -1 
              1410 1411 1417 -1 
              1409 1410 1416 -1 
              1408 1409 1415 -1 
              1407 1408 1414 -1 
              471 473 472 -1 
              470 471 472 -1 
              1423 475 474 -1 
              1421 1423 474 -1 
              1422 1424 1423 -1 
              472 473 1424 -1 
              1422 472 1424 -1 
              1421 1422 1423 -1 
              475 477 476 -1 
              474 475 476 -1 
              1432 479 478 -1 
              1425 1432 478 -1 
              1426 1433 1432 -1 
              1427 1434 1433 -1 
              1428 1435 1434 -1 
              1429 1436 1435 -1 
              1430 1437 1436 -1 
              1431 1438 1437 -1 
              476 477 1438 -1 
              1431 476 1438 -1 
              1430 1431 1437 -1 
              1429 1430 1436 -1 
              1428 1429 1435 -1 
              1427 1428 1434 -1 
              1426 1427 1433 -1 
              1425 1426 1432 -1 
              479 460 459 -1 
              478 479 459 -1 
              11 12 29 -1 
              11 29 1280 -1 
              1455 1280 1279 -1 
              1454 1279 1278 -1 
              1453 1278 1277 -1 
              1452 1277 1276 -1 
              1451 1276 1275 -1 
              1450 1275 1274 -1 
              1446 1271 1270 -1 
              1445 1270 1269 -1 
              1444 1269 1268 -1 
              1443 1268 1267 -1 
              1442 1267 1266 -1 
              1441 1266 1265 -1 
              1440 1265 1264 -1 
              1439 1264 30 -1 
              1447 1272 1271 -1 
              1439 30 31 -1 
              1448 1273 1272 -1 
              1440 1264 1439 -1 
              1449 1274 1273 -1 
              1441 1265 1440 -1 
              1442 1266 1441 -1 
              1443 1267 1442 -1 
              1444 1268 1443 -1 
              1445 1269 1444 -1 
              1446 1270 1445 -1 
              1447 1271 1446 -1 
              1448 1272 1447 -1 
              1449 1273 1448 -1 
              1450 1274 1449 -1 
              1451 1275 1450 -1 
              1452 1276 1451 -1 
              1453 1277 1452 -1 
              1454 1278 1453 -1 
              1455 1279 1454 -1 
              11 1280 1455 -1 
              393 480 394 -1 
              481 480 393 -1 
              1288 481 393 -1 
              1463 481 1288 -1 
              1462 1288 1287 -1 
              1461 1287 1286 -1 
              482 1456 1281 -1 
              1458 1284 1283 -1 
              392 482 1281 -1 
              1457 1283 1282 -1 
              1456 1282 1281 -1 
              1460 1286 1285 -1 
              1459 1285 1284 -1 
              1457 1282 1456 -1 
              1458 1283 1457 -1 
              1459 1284 1458 -1 
              1460 1285 1459 -1 
              1461 1286 1460 -1 
              1462 1287 1461 -1 
              1463 1288 1462 -1 
              416 483 417 -1 
              484 483 416 -1 
              403 485 404 -1 
              486 485 403 -1 
              1312 486 403 -1 
              1471 486 1312 -1 
              1470 1312 1311 -1 
              1469 1311 1310 -1 
              1468 1310 1309 -1 
              1467 1309 1308 -1 
              1466 1308 1307 -1 
              1465 1307 1306 -1 
              1464 1306 1305 -1 
              487 1305 402 -1 
              1464 1305 487 -1 
              1465 1306 1464 -1 
              1466 1307 1465 -1 
              1467 1308 1466 -1 
              1468 1309 1467 -1 
              1469 1310 1468 -1 
              1470 1311 1469 -1 
              1471 1312 1470 -1 
              401 487 402 -1 
              488 487 401 -1 
              1304 488 401 -1 
              1475 488 1304 -1 
              1474 1304 1303 -1 
              1473 1303 1302 -1 
              1472 1302 1301 -1 
              489 1301 400 -1 
              1472 1301 489 -1 
              1473 1302 1472 -1 
              1474 1303 1473 -1 
              1475 1304 1474 -1 
              399 489 400 -1 
              490 489 399 -1 
              1300 490 399 -1 
              1479 490 1300 -1 
              1478 1300 1299 -1 
              1477 1299 1298 -1 
              1476 1298 1297 -1 
              491 1297 398 -1 
              1476 1297 491 -1 
              1477 1298 1476 -1 
              1478 1299 1477 -1 
              1479 1300 1478 -1 
              397 491 398 -1 
              492 491 397 -1 
              1296 492 397 -1 
              1483 492 1296 -1 
              1482 1296 1295 -1 
              1481 1295 1294 -1 
              1480 1294 1293 -1 
              493 1293 396 -1 
              1480 1293 493 -1 
              1481 1294 1480 -1 
              1482 1295 1481 -1 
              1483 1296 1482 -1 
              395 493 396 -1 
              494 493 395 -1 
              1292 494 395 -1 
              1487 1292 1486 -1 
              1485 1290 1484 -1 
              1484 1289 480 -1 
              1484 1290 1289 -1 
              480 1289 394 -1 
              1485 1291 1290 -1 
              1486 1291 1485 -1 
              1486 1292 1291 -1 
              1487 494 1292 -1 
              1351 1492 1493 -1 
              1350 1491 1492 -1 
              1349 1490 1491 -1 
              1348 1489 1490 -1 
              1347 1488 1489 -1 
              426 495 1488 -1 
              1352 1493 1494 -1 
              1347 426 1488 -1 
              1353 1494 1495 -1 
              1348 1347 1489 -1 
              1354 1495 1496 -1 
              1349 1348 1490 -1 
              1355 1496 1497 -1 
              1350 1349 1491 -1 
              1356 1497 419 -1 
              1351 1350 1492 -1 
              1352 1351 1493 -1 
              1353 1352 1494 -1 
              1354 1353 1495 -1 
              1355 1354 1496 -1 
              1356 1355 1497 -1 
              418 1356 419 -1 
              426 425 496 -1 
              495 426 496 -1 
              1498 1503 423 -1 
              1499 1502 1498 -1 
              1500 1501 1499 -1 
              497 498 1500 -1 
              1501 1500 498 -1 
              1502 1499 1501 -1 
              1503 1498 1502 -1 
              424 423 1503 -1 
              422 421 500 -1 
              499 422 500 -1 
              1340 1510 1509 -1 
              1339 1511 1510 -1 
              1338 1512 1511 -1 
              1337 1513 1512 -1 
              420 427 1513 -1 
              1341 1509 1508 -1 
              1337 420 1513 -1 
              1342 1508 1507 -1 
              1338 1337 1512 -1 
              1343 1507 1506 -1 
              1339 1338 1511 -1 
              1344 1506 1505 -1 
              1340 1339 1510 -1 
              1345 1505 1504 -1 
              1341 1340 1509 -1 
              1346 1504 500 -1 
              1342 1341 1508 -1 
              1343 1342 1507 -1 
              1344 1343 1506 -1 
              1345 1344 1505 -1 
              1346 1345 1504 -1 
              421 1346 500 -1 
              1371 1518 1519 -1 
              1370 1517 1518 -1 
              1369 1516 1517 -1 
              1368 1515 1516 -1 
              1367 1514 1515 -1 
              436 501 1514 -1 
              1372 1519 1520 -1 
              1367 436 1514 -1 
              1373 1520 1521 -1 
              1368 1367 1515 -1 
              1374 1521 1522 -1 
              1369 1368 1516 -1 
              1375 1522 1523 -1 
              1370 1369 1517 -1 
              1376 1523 429 -1 
              1371 1370 1518 -1 
              1372 1371 1519 -1 
              1373 1372 1520 -1 
              1374 1373 1521 -1 
              1375 1374 1522 -1 
              1376 1375 1523 -1 
              428 1376 429 -1 
              436 435 502 -1 
              501 436 502 -1 
              1524 1529 433 -1 
              1525 1528 1524 -1 
              1526 1527 1525 -1 
              503 504 1526 -1 
              1527 1526 504 -1 
              1528 1525 1527 -1 
              1529 1524 1528 -1 
              434 433 1529 -1 
              432 431 506 -1 
              505 432 506 -1 
              1360 1536 1535 -1 
              1359 1537 1536 -1 
              1358 1538 1537 -1 
              1357 1539 1538 -1 
              430 437 1539 -1 
              1361 1535 1534 -1 
              1357 430 1539 -1 
              1362 1534 1533 -1 
              1358 1357 1538 -1 
              1363 1533 1532 -1 
              1359 1358 1537 -1 
              1364 1532 1531 -1 
              1360 1359 1536 -1 
              1365 1531 1530 -1 
              1361 1360 1535 -1 
              1366 1530 506 -1 
              1362 1361 1534 -1 
              1363 1362 1533 -1 
              1364 1363 1532 -1 
              1365 1364 1531 -1 
              1366 1365 1530 -1 
              431 1366 506 -1 
              447 457 439 -1 
              446 439 438 -1 
              445 438 440 -1 
              444 440 441 -1 
              443 441 442 -1 
              444 441 443 -1 
              445 440 444 -1 
              446 438 445 -1 
              447 439 446 -1 
              448 457 447 -1 
              449 457 448 -1 
              456 457 449 -1 
              455 449 450 -1 
              454 450 451 -1 
              453 451 452 -1 
              454 451 453 -1 
              455 450 454 -1 
              456 449 455 -1 
              1401 1544 1545 -1 
              1419 1548 1549 -1 
              1418 1549 1550 -1 
              1424 1554 1423 -1 
              510 471 1553 -1 
              473 471 510 -1 
              473 510 511 -1 
              1562 1432 1561 -1 
              514 479 1562 -1 
              1385 1567 1568 -1 
              27 813 34 -1 
              1406 1541 1405 -1 
              517 28 1570 -1 
              1415 1551 1552 -1 
              1414 1552 1553 -1 
              1416 1550 1551 -1 
              1414 1553 471 -1 
              1415 1552 1414 -1 
              1416 1551 1415 -1 
              1420 1547 1548 -1 
              1417 1550 1416 -1 
              469 509 1547 -1 
              1418 1550 1417 -1 
              1419 1549 1418 -1 
              469 508 509 -1 
              1420 1548 1419 -1 
              469 467 508 -1 
              469 1547 1420 -1 
              1400 1545 1546 -1 
              467 1546 508 -1 
              1402 1543 1544 -1 
              1400 1546 467 -1 
              1404 1542 1543 -1 
              1401 1545 1400 -1 
              1405 1541 1542 -1 
              1402 1544 1401 -1 
              1406 1540 1541 -1 
              1403 1543 1402 -1 
              465 507 1540 -1 
              1404 1543 1403 -1 
              28 517 507 -1 
              1405 1542 1404 -1 
              465 28 507 -1 
              465 1540 1406 -1 
              794 34 1570 -1 
              1391 35 813 -1 
              794 1570 28 -1 
              27 34 794 -1 
              463 516 35 -1 
              1391 813 27 -1 
              463 461 516 -1 
              463 35 1391 -1 
              1384 1568 1569 -1 
              461 1569 516 -1 
              1386 1566 1567 -1 
              1384 1569 461 -1 
              1388 1565 1566 -1 
              1385 1568 1384 -1 
              1389 1564 1565 -1 
              1386 1567 1385 -1 
              1387 1566 1386 -1 
              1390 1563 1564 -1 
              1388 1566 1387 -1 
              460 515 1563 -1 
              1389 1565 1388 -1 
              460 514 515 -1 
              1390 1564 1389 -1 
              460 479 514 -1 
              460 1563 1390 -1 
              1433 1560 1561 -1 
              1434 1559 1560 -1 
              1432 1562 479 -1 
              1436 1558 1559 -1 
              1433 1561 1432 -1 
              1437 1557 1558 -1 
              1434 1560 1433 -1 
              1438 1556 1557 -1 
              1435 1559 1434 -1 
              477 513 1556 -1 
              1436 1559 1435 -1 
              475 512 513 -1 
              1437 1558 1436 -1 
              1438 1557 1437 -1 
              477 475 513 -1 
              477 1556 1438 -1 
              1423 1554 1555 -1 
              475 1555 512 -1 
              1424 511 1554 -1 
              1423 1555 475 -1 
              473 511 1424 -1 
              1440 2028 1441 -1 
              2026 1443 1442 -1 
              2024 1445 1444 -1 
              2034 2033 1595 -1 
              1446 2022 1447 -1 
              2021 1449 1448 -1 
              2020 1450 1449 -1 
              2019 1451 1450 -1 
              2018 1452 1451 -1 
              11 1455 654 -1 
              2017 1453 1452 -1 
              2016 1454 1453 -1 
              2021 1448 1447 -1 
              1571 10 650 -1 
              1572 1571 650 -1 
              677 1439 31 -1 
              2035 1592 1591 -1 
              2044 1575 1574 -1 
              2043 1576 1575 -1 
              2043 1577 1576 -1 
              1582 1581 2040 -1 
              1583 2039 1584 -1 
              2038 1586 1585 -1 
              1588 1587 2037 -1 
              1589 2036 1590 -1 
              1590 2036 1591 -1 
              2035 1593 1592 -1 
              2034 1594 1593 -1 
              2034 1595 1594 -1 
              2033 1596 1595 -1 
              2033 1597 1596 -1 
              2032 1598 1597 -1 
              672 1601 1600 -1 
              672 14 1601 -1 
              677 31 13 -1 
              2035 2034 1593 -1 
              2038 1587 1586 -1 
              2025 2024 1444 -1 
              2017 2016 1453 -1 
              2023 1446 1445 -1 
              2018 2017 1452 -1 
              2019 2018 1451 -1 
              2020 2019 1450 -1 
              2025 1444 1443 -1 
              2021 2020 1449 -1 
              2022 2021 1447 -1 
              2037 1589 1588 -1 
              2023 2022 1446 -1 
              2027 1442 1441 -1 
              2024 2023 1445 -1 
              674 2030 675 -1 
              2026 2025 1443 -1 
              2027 2026 1442 -1 
              2029 676 675 -1 
              2028 2027 1441 -1 
              2029 677 676 -1 
              2031 674 673 -1 
              2029 675 2030 -1 
              2031 673 672 -1 
              2031 2030 674 -1 
              2033 2032 1597 -1 
              2039 1585 1584 -1 
              2040 1583 1582 -1 
              2041 1581 1580 -1 
              2036 2035 1591 -1 
              2041 1580 1579 -1 
              2037 2036 1589 -1 
              2042 1579 1578 -1 
              2038 2037 1587 -1 
              2042 1578 1577 -1 
              2039 2038 1585 -1 
              2046 652 653 -1 
              2040 2039 1583 -1 
              2041 2040 1581 -1 
              2042 2041 1579 -1 
              2046 651 652 -1 
              2043 2042 1577 -1 
              2044 2043 1575 -1 
              2045 650 651 -1 
              2045 651 2046 -1 
              2047 653 654 -1 
              2046 653 2047 -1 
              2032 1599 1598 -1 
              1599 2032 2031 -1 
              1600 1599 2031 -1 
              2031 672 1600 -1 
              1439 677 2029 -1 
              2029 2028 1440 -1 
              2029 1440 1439 -1 
              1572 650 2045 -1 
              1573 2044 1574 -1 
              2045 1573 1572 -1 
              2045 2044 1573 -1 
              2047 1454 2016 -1 
              1455 1454 2047 -1 
              2047 654 1455 -1 
              2031 2032 2030 -1 
              2048 2030 2032 -1 
              2032 2033 2048 -1 
              2049 2048 2033 -1 
              2033 2034 2049 -1 
              2050 2049 2034 -1 
              2034 2035 2050 -1 
              2051 2050 2035 -1 
              2035 2036 2051 -1 
              2052 2051 2036 -1 
              2036 2037 2052 -1 
              2053 2052 2037 -1 
              2037 2038 2053 -1 
              2054 2053 2038 -1 
              2030 2048 2029 -1 
              2028 2029 2048 -1 
              2048 2049 2028 -1 
              2027 2028 2049 -1 
              2049 2050 2027 -1 
              2026 2027 2050 -1 
              2050 2051 2026 -1 
              2025 2026 2051 -1 
              2051 2052 2025 -1 
              2024 2025 2052 -1 
              2052 2053 2024 -1 
              2023 2024 2053 -1 
              2053 2054 2023 -1 
              2022 2023 2054 -1 
              2038 2039 2054 -1 
              2055 2054 2039 -1 
              2039 2040 2055 -1 
              2056 2055 2040 -1 
              2040 2041 2056 -1 
              2057 2056 2041 -1 
              2041 2042 2057 -1 
              2058 2057 2042 -1 
              2042 2043 2058 -1 
              2059 2058 2043 -1 
              2043 2044 2059 -1 
              2060 2059 2044 -1 
              2044 2045 2060 -1 
              2046 2060 2045 -1 
              2054 2055 2022 -1 
              2021 2022 2055 -1 
              2055 2056 2021 -1 
              2020 2021 2056 -1 
              2056 2057 2020 -1 
              2019 2020 2057 -1 
              2057 2058 2019 -1 
              2018 2019 2058 -1 
              2058 2059 2018 -1 
              2017 2018 2059 -1 
              2059 2060 2017 -1 
              2016 2017 2060 -1 
              2060 2046 2016 -1 
              2047 2016 2046 -1 
              520 497 519 -1 
              1603 519 1602 -1 
              1604 519 1603 -1 
              1605 519 1604 -1 
              1606 519 1605 -1 
              1607 519 1606 -1 
              1608 519 1607 -1 
              520 519 1608 -1 
              521 497 520 -1 
              522 497 521 -1 
              1610 521 1609 -1 
              522 521 1610 -1 
              523 497 522 -1 
              527 518 498 -1 
              1611 497 523 -1 
              1612 498 497 -1 
              1612 497 1611 -1 
              1613 498 1612 -1 
              1614 498 1613 -1 
              524 498 1614 -1 
              525 498 524 -1 
              526 498 525 -1 
              1616 525 1615 -1 
              526 525 1616 -1 
              527 498 526 -1 
              1617 518 527 -1 
              1618 518 1617 -1 
              1619 518 1618 -1 
              1620 518 1619 -1 
              1621 518 1620 -1 
              1622 518 1621 -1 
              1623 518 1622 -1 
              530 503 529 -1 
              1625 529 1624 -1 
              1626 529 1625 -1 
              1627 529 1626 -1 
              1628 529 1627 -1 
              1629 529 1628 -1 
              1630 529 1629 -1 
              530 529 1630 -1 
              531 503 530 -1 
              532 503 531 -1 
              1632 531 1631 -1 
              532 531 1632 -1 
              533 503 532 -1 
              538 528 504 -1 
              1633 503 533 -1 
              534 504 503 -1 
              1634 503 1633 -1 
              534 503 1634 -1 
              1635 504 534 -1 
              1636 504 1635 -1 
              535 504 1636 -1 
              536 504 535 -1 
              537 504 536 -1 
              1638 536 1637 -1 
              537 536 1638 -1 
              538 504 537 -1 
              1639 528 538 -1 
              1640 528 1639 -1 
              1641 528 1640 -1 
              1642 528 1641 -1 
              1643 528 1642 -1 
              1644 528 1643 -1 
              1645 528 1644 -1 
              540 508 539 -1 
              509 508 540 -1 
              1646 507 541 -1 
              1540 507 1646 -1 
              1541 1646 1647 -1 
              1542 1647 1648 -1 
              1543 1648 1649 -1 
              1544 1649 1650 -1 
              1545 1650 1651 -1 
              1546 1651 1652 -1 
              508 1652 539 -1 
              1546 1652 508 -1 
              1545 1651 1546 -1 
              1544 1650 1545 -1 
              1543 1649 1544 -1 
              1542 1648 1543 -1 
              1541 1647 1542 -1 
              1540 1646 1541 -1 
              541 517 542 -1 
              507 517 541 -1 
              1653 34 33 -1 
              542 517 1653 -1 
              1570 1653 517 -1 
              1570 34 1653 -1 
              32 516 543 -1 
              35 516 32 -1 
              1654 515 544 -1 
              1563 515 1654 -1 
              1564 1654 1655 -1 
              1565 1655 1656 -1 
              1569 1660 516 -1 
              1567 1657 1658 -1 
              1568 1658 1659 -1 
              1569 1659 1660 -1 
              516 1660 543 -1 
              1566 1656 1657 -1 
              1568 1659 1569 -1 
              1567 1658 1568 -1 
              1566 1657 1567 -1 
              1565 1656 1566 -1 
              1564 1655 1565 -1 
              1563 1654 1564 -1 
              544 515 514 -1 
              544 514 545 -1 
              1661 513 546 -1 
              1556 513 1661 -1 
              1557 1661 1662 -1 
              1558 1662 1663 -1 
              1559 1663 1664 -1 
              1560 1664 1665 -1 
              1561 1665 1666 -1 
              1562 1666 1667 -1 
              514 1667 545 -1 
              1562 1667 514 -1 
              1561 1666 1562 -1 
              1560 1665 1561 -1 
              1559 1664 1560 -1 
              1558 1663 1559 -1 
              1557 1662 1558 -1 
              1556 1661 1557 -1 
              546 512 547 -1 
              513 512 546 -1 
              1668 511 548 -1 
              1554 1668 1555 -1 
              547 512 1669 -1 
              1555 1669 512 -1 
              1555 1668 1669 -1 
              1554 511 1668 -1 
              548 510 549 -1 
              511 510 548 -1 
              1670 509 540 -1 
              1547 1670 1548 -1 
              1549 1672 1550 -1 
              1551 1674 1552 -1 
              1553 1676 510 -1 
              1551 1673 1674 -1 
              1552 1674 1675 -1 
              1553 1675 1676 -1 
              510 1676 549 -1 
              1552 1675 1553 -1 
              1550 1672 1673 -1 
              1550 1673 1551 -1 
              1549 1671 1672 -1 
              1548 1671 1549 -1 
              1548 1670 1671 -1 
              1547 509 1670 -1 
              503 551 550 -1 
              529 503 550 -1 
              1688 1680 1681 -1 
              1687 1681 1682 -1 
              1686 1682 1683 -1 
              1685 1683 1684 -1 
              553 1684 552 -1 
              1689 1679 1680 -1 
              1685 1684 553 -1 
              1690 1678 1679 -1 
              1686 1683 1685 -1 
              1691 1677 1678 -1 
              1687 1682 1686 -1 
              1692 539 1677 -1 
              1688 1681 1687 -1 
              1689 1680 1688 -1 
              1690 1679 1689 -1 
              1691 1678 1690 -1 
              1692 1677 1691 -1 
              540 539 1692 -1 
              2065 1679 1678 -1 
              2080 1694 2079 -1 
              2078 1695 1696 -1 
              1699 2074 2075 -1 
              2074 1699 1700 -1 
              1701 1700 554 -1 
              2078 1696 2077 -1 
              2074 1700 1701 -1 
              1646 1693 2080 -1 
              1697 1698 2076 -1 
              2079 1694 1695 -1 
              2073 1702 1703 -1 
              2070 1683 2069 -1 
              1684 1709 552 -1 
              2070 1709 1684 -1 
              2068 1681 2067 -1 
              1678 2064 2065 -1 
              1652 1677 539 -1 
              2064 1678 1677 -1 
              1648 2062 1649 -1 
              1680 1679 2066 -1 
              2067 1681 1680 -1 
              1647 2061 1648 -1 
              1646 541 1693 -1 
              2062 1650 1649 -1 
              2063 1651 1650 -1 
              2062 1648 2061 -1 
              2064 1652 1651 -1 
              2063 1650 2062 -1 
              2064 1677 1652 -1 
              2064 1651 2063 -1 
              2068 1682 1681 -1 
              2073 1703 1704 -1 
              2066 1679 2065 -1 
              2069 1683 1682 -1 
              2067 1680 2066 -1 
              2071 1707 2070 -1 
              2069 1682 2068 -1 
              2071 1706 1707 -1 
              2070 1684 1683 -1 
              2070 1707 1708 -1 
              2070 1708 1709 -1 
              2072 1704 1705 -1 
              2072 1705 1706 -1 
              2072 1706 2071 -1 
              2077 1696 1697 -1 
              2075 1698 1699 -1 
              2073 1704 2072 -1 
              2074 1701 1702 -1 
              2074 1702 2073 -1 
              2076 1698 2075 -1 
              2077 1697 2076 -1 
              2080 1693 1694 -1 
              2079 1695 2078 -1 
              2080 2061 1647 -1 
              2080 1647 1646 -1 
              2070 2069 2071 -1 
              2081 2071 2069 -1 
              2071 2081 2072 -1 
              2082 2072 2081 -1 
              2069 2068 2081 -1 
              2083 2081 2068 -1 
              2081 2083 2082 -1 
              2084 2082 2083 -1 
              2068 2067 2083 -1 
              2085 2083 2067 -1 
              2083 2085 2084 -1 
              2086 2084 2085 -1 
              2072 2082 2073 -1 
              2087 2073 2082 -1 
              2073 2087 2074 -1 
              2075 2074 2087 -1 
              2082 2084 2087 -1 
              2088 2087 2084 -1 
              2087 2088 2075 -1 
              2076 2075 2088 -1 
              2084 2086 2088 -1 
              2089 2088 2086 -1 
              2088 2089 2076 -1 
              2077 2076 2089 -1 
              2067 2066 2085 -1 
              2090 2085 2066 -1 
              2085 2090 2086 -1 
              2091 2086 2090 -1 
              2066 2065 2090 -1 
              2092 2090 2065 -1 
              2090 2092 2091 -1 
              2093 2091 2092 -1 
              2065 2064 2092 -1 
              2063 2092 2064 -1 
              2092 2063 2093 -1 
              2062 2093 2063 -1 
              2086 2091 2089 -1 
              2094 2089 2091 -1 
              2089 2094 2077 -1 
              2078 2077 2094 -1 
              2091 2093 2094 -1 
              2095 2094 2093 -1 
              2094 2095 2078 -1 
              2079 2078 2095 -1 
              2093 2062 2095 -1 
              2061 2095 2062 -1 
              2095 2061 2079 -1 
              2080 2079 2061 -1 
              1696 1712 1713 -1 
              1697 1713 1714 -1 
              1698 1714 1715 -1 
              1699 1715 1716 -1 
              1700 1716 1717 -1 
              554 1717 555 -1 
              1695 1711 1712 -1 
              1700 1717 554 -1 
              1694 1710 1711 -1 
              1699 1716 1700 -1 
              1698 1715 1699 -1 
              1693 542 1710 -1 
              1697 1714 1698 -1 
              1696 1713 1697 -1 
              1695 1712 1696 -1 
              1694 1711 1695 -1 
              1693 1710 1694 -1 
              541 542 1693 -1 
              812 32 1718 -1 
              2101 1719 1720 -1 
              2099 1721 1722 -1 
              2098 1722 1723 -1 
              2097 1723 1724 -1 
              1726 1725 556 -1 
              2096 1726 1727 -1 
              2096 1727 1728 -1 
              1717 1728 555 -1 
              2096 1716 2097 -1 
              1716 1715 2097 -1 
              1715 2098 2097 -1 
              1714 2099 2098 -1 
              2100 1712 2101 -1 
              1653 1710 542 -1 
              1713 2100 2099 -1 
              2102 33 812 -1 
              2102 1653 33 -1 
              2100 1720 1721 -1 
              1717 2096 1728 -1 
              2096 1717 1716 -1 
              1715 1714 2098 -1 
              2098 1723 2097 -1 
              1714 1713 2099 -1 
              2099 1722 2098 -1 
              1713 1712 2100 -1 
              2096 2097 1724 -1 
              1725 2096 1724 -1 
              2096 1725 1726 -1 
              2100 1721 2099 -1 
              1712 1711 2101 -1 
              2101 1720 2100 -1 
              2102 2101 1711 -1 
              1710 2102 1711 -1 
              2102 1710 1653 -1 
              1718 2102 812 -1 
              2102 1719 2101 -1 
              2102 1718 1719 -1 
              1729 32 543 -1 
              1718 32 1729 -1 
              1719 1729 1730 -1 
              1720 1730 1731 -1 
              1721 1731 1732 -1 
              1725 1736 556 -1 
              1723 1733 1734 -1 
              1724 1734 1735 -1 
              1725 1735 1736 -1 
              556 1736 557 -1 
              1722 1732 1733 -1 
              1724 1735 1725 -1 
              1723 1734 1724 -1 
              1722 1733 1723 -1 
              1721 1732 1722 -1 
              1720 1731 1721 -1 
              1719 1730 1720 -1 
              1718 1729 1719 -1 
              1729 543 1660 -1 
              2106 1729 1660 -1 
              2106 1660 1659 -1 
              2105 1659 1658 -1 
              2104 1657 1656 -1 
              2103 1656 1655 -1 
              1737 1654 544 -1 
              2122 1654 1737 -1 
              2122 1655 1654 -1 
              2104 1658 1657 -1 
              1743 2116 2117 -1 
              2116 1743 1744 -1 
              1745 1744 558 -1 
              2116 1744 1745 -1 
              1741 1742 2118 -1 
              2115 1746 1747 -1 
              2112 1751 1752 -1 
              1736 1753 557 -1 
              2112 1752 1753 -1 
              2112 1753 1736 -1 
              2112 1736 1735 -1 
              2107 1730 2106 -1 
              1729 2106 1730 -1 
              2121 1738 1739 -1 
              2120 1739 1740 -1 
              2104 1656 2103 -1 
              2109 1733 1732 -1 
              2105 1658 2104 -1 
              1732 1731 2108 -1 
              2106 1659 2105 -1 
              2107 1731 1730 -1 
              2110 1734 1733 -1 
              2114 1748 1749 -1 
              2108 1731 2107 -1 
              2111 1735 1734 -1 
              2109 1732 2108 -1 
              2110 1733 2109 -1 
              2114 1749 1750 -1 
              2111 1734 2110 -1 
              2113 1751 2112 -1 
              2112 1735 2111 -1 
              2113 1750 1751 -1 
              2115 1747 1748 -1 
              2114 1750 2113 -1 
              2119 1740 1741 -1 
              2117 1742 1743 -1 
              2115 1748 2114 -1 
              2116 1745 1746 -1 
              2116 1746 2115 -1 
              2118 1742 2117 -1 
              2119 1741 2118 -1 
              2120 1740 2119 -1 
              2122 1737 1738 -1 
              2121 1739 2120 -1 
              2122 1738 2121 -1 
              2122 2103 1655 -1 
              2112 2111 2113 -1 
              2123 2113 2111 -1 
              2113 2123 2114 -1 
              2124 2114 2123 -1 
              2111 2110 2123 -1 
              2125 2123 2110 -1 
              2123 2125 2124 -1 
              2126 2124 2125 -1 
              2110 2109 2125 -1 
              2127 2125 2109 -1 
              2125 2127 2126 -1 
              2128 2126 2127 -1 
              2114 2124 2115 -1 
              2129 2115 2124 -1 
              2115 2129 2116 -1 
              2117 2116 2129 -1 
              2124 2126 2129 -1 
              2130 2129 2126 -1 
              2129 2130 2117 -1 
              2118 2117 2130 -1 
              2126 2128 2130 -1 
              2131 2130 2128 -1 
              2130 2131 2118 -1 
              2119 2118 2131 -1 
              2109 2108 2127 -1 
              2132 2127 2108 -1 
              2127 2132 2128 -1 
              2133 2128 2132 -1 
              2108 2107 2132 -1 
              2134 2132 2107 -1 
              2132 2134 2133 -1 
              2135 2133 2134 -1 
              2107 2106 2134 -1 
              2105 2134 2106 -1 
              2134 2105 2135 -1 
              2104 2135 2105 -1 
              2128 2133 2131 -1 
              2136 2131 2133 -1 
              2131 2136 2119 -1 
              2120 2119 2136 -1 
              2133 2135 2136 -1 
              2137 2136 2135 -1 
              2136 2137 2120 -1 
              2121 2120 2137 -1 
              2135 2104 2137 -1 
              2103 2137 2104 -1 
              2137 2103 2121 -1 
              2122 2121 2103 -1 
              1741 1757 1758 -1 
              1742 1758 1759 -1 
              1743 1759 1760 -1 
              1744 1760 1761 -1 
              558 1761 559 -1 
              1740 1756 1757 -1 
              1744 1761 558 -1 
              1739 1755 1756 -1 
              1743 1760 1744 -1 
              1738 1754 1755 -1 
              1742 1759 1743 -1 
              1737 545 1754 -1 
              1741 1758 1742 -1 
              1740 1757 1741 -1 
              1739 1756 1740 -1 
              1738 1755 1739 -1 
              1737 1754 1738 -1 
              544 545 1737 -1 
              2142 1756 1755 -1 
              2157 1763 2156 -1 
              2155 1764 1765 -1 
              1768 2151 2152 -1 
              2151 1768 1769 -1 
              1770 1769 560 -1 
              2155 1765 2154 -1 
              2151 1769 1770 -1 
              1661 1762 2157 -1 
              1766 1767 2153 -1 
              2156 1763 1764 -1 
              2150 1771 1772 -1 
              2147 1776 1777 -1 
              2147 1777 1778 -1 
              1761 1778 559 -1 
              2147 1778 1761 -1 
              2147 1761 1760 -1 
              1755 2141 2142 -1 
              2141 1755 1754 -1 
              1667 1754 545 -1 
              2144 1758 1757 -1 
              1757 1756 2143 -1 
              1663 2139 1664 -1 
              1661 546 1762 -1 
              1662 2138 1663 -1 
              2139 1665 1664 -1 
              2140 1666 1665 -1 
              2139 1663 2138 -1 
              2141 1667 1666 -1 
              2140 1665 2139 -1 
              2141 1754 1667 -1 
              2141 1666 2140 -1 
              2145 1759 1758 -1 
              2149 1773 1774 -1 
              2143 1756 2142 -1 
              2146 1760 1759 -1 
              2144 1757 2143 -1 
              2145 1758 2144 -1 
              2149 1774 1775 -1 
              2146 1759 2145 -1 
              2148 1776 2147 -1 
              2147 1760 2146 -1 
              2148 1775 1776 -1 
              2150 1772 1773 -1 
              2149 1775 2148 -1 
              2154 1765 1766 -1 
              2152 1767 1768 -1 
              2150 1773 2149 -1 
              2151 1770 1771 -1 
              2151 1771 2150 -1 
              2153 1767 2152 -1 
              2154 1766 2153 -1 
              2157 1762 1763 -1 
              2156 1764 2155 -1 
              2157 2138 1662 -1 
              2157 1662 1661 -1 
              2147 2146 2148 -1 
              2158 2148 2146 -1 
              2148 2158 2149 -1 
              2159 2149 2158 -1 
              2146 2145 2158 -1 
              2160 2158 2145 -1 
              2158 2160 2159 -1 
              2161 2159 2160 -1 
              2145 2144 2160 -1 
              2162 2160 2144 -1 
              2160 2162 2161 -1 
              2163 2161 2162 -1 
              2149 2159 2150 -1 
              2164 2150 2159 -1 
              2150 2164 2151 -1 
              2152 2151 2164 -1 
              2159 2161 2164 -1 
              2165 2164 2161 -1 
              2164 2165 2152 -1 
              2153 2152 2165 -1 
              2161 2163 2165 -1 
              2166 2165 2163 -1 
              2165 2166 2153 -1 
              2154 2153 2166 -1 
              2144 2143 2162 -1 
              2167 2162 2143 -1 
              2162 2167 2163 -1 
              2168 2163 2167 -1 
              2143 2142 2167 -1 
              2169 2167 2142 -1 
              2167 2169 2168 -1 
              2170 2168 2169 -1 
              2142 2141 2169 -1 
              2140 2169 2141 -1 
              2169 2140 2170 -1 
              2139 2170 2140 -1 
              2163 2168 2166 -1 
              2171 2166 2168 -1 
              2166 2171 2154 -1 
              2155 2154 2171 -1 
              2168 2170 2171 -1 
              2172 2171 2170 -1 
              2171 2172 2155 -1 
              2156 2155 2172 -1 
              2170 2139 2172 -1 
              2138 2172 2139 -1 
              2172 2138 2156 -1 
              2157 2156 2138 -1 
              1765 1781 1782 -1 
              1766 1782 1783 -1 
              1767 1783 1784 -1 
              1768 1784 1785 -1 
              1769 1785 1786 -1 
              560 1786 561 -1 
              1764 1780 1781 -1 
              1769 1786 560 -1 
              1763 1779 1780 -1 
              1768 1785 1769 -1 
              1767 1784 1768 -1 
              1762 547 1779 -1 
              1766 1783 1767 -1 
              1765 1782 1766 -1 
              1764 1781 1765 -1 
              1763 1780 1764 -1 
              1762 1779 1763 -1 
              546 547 1762 -1 
              1788 1789 2178 -1 
              2176 1790 1791 -1 
              2175 1791 1792 -1 
              2174 1792 1793 -1 
              1795 1794 562 -1 
              2177 1789 1790 -1 
              2173 1796 1797 -1 
              1786 1797 561 -1 
              2173 1785 2174 -1 
              1785 1784 2174 -1 
              1784 1783 2175 -1 
              1783 2176 2175 -1 
              2177 1781 2178 -1 
              1669 1779 547 -1 
              1668 548 1787 -1 
              2173 1795 1796 -1 
              1784 2175 2174 -1 
              1786 2173 1797 -1 
              2173 1786 1785 -1 
              1782 2176 1783 -1 
              1782 2177 2176 -1 
              1782 1781 2177 -1 
              2175 1792 2174 -1 
              1781 1780 2178 -1 
              2176 1791 2175 -1 
              2173 2174 1793 -1 
              1794 2173 1793 -1 
              2173 1794 1795 -1 
              2177 1790 2176 -1 
              2178 1789 2177 -1 
              2179 1669 1668 -1 
              2179 2178 1780 -1 
              1779 2179 1780 -1 
              2179 1779 1669 -1 
              1787 2179 1668 -1 
              2179 1788 2178 -1 
              2179 1787 1788 -1 
              1790 1800 1801 -1 
              1791 1801 1802 -1 
              1792 1802 1803 -1 
              1793 1803 1804 -1 
              1794 1804 1805 -1 
              562 1805 563 -1 
              1789 1799 1800 -1 
              1794 1805 562 -1 
              1788 1798 1799 -1 
              1793 1804 1794 -1 
              1792 1803 1793 -1 
              1787 549 1798 -1 
              1791 1802 1792 -1 
              1790 1801 1791 -1 
              1789 1800 1790 -1 
              1788 1799 1789 -1 
              1787 1798 1788 -1 
              548 549 1787 -1 
              1798 549 1676 -1 
              2183 1798 1676 -1 
              2183 1676 1675 -1 
              2182 1675 1674 -1 
              2181 1673 1672 -1 
              2180 1672 1671 -1 
              1692 1670 540 -1 
              2199 1670 1692 -1 
              2199 1671 1670 -1 
              2181 1674 1673 -1 
              1686 2193 2194 -1 
              2193 1686 1685 -1 
              1806 1685 553 -1 
              2193 1685 1806 -1 
              1688 1687 2195 -1 
              2192 1807 1808 -1 
              2189 1812 1813 -1 
              1805 1814 563 -1 
              2189 1813 1814 -1 
              2189 1814 1805 -1 
              2189 1805 1804 -1 
              2184 1799 2183 -1 
              1798 2183 1799 -1 
              2198 1691 1690 -1 
              2197 1690 1689 -1 
              2181 1672 2180 -1 
              2186 1802 1801 -1 
              2182 1674 2181 -1 
              1801 1800 2185 -1 
              2183 1675 2182 -1 
              2184 1800 1799 -1 
              2187 1803 1802 -1 
              2191 1809 1810 -1 
              2185 1800 2184 -1 
              2188 1804 1803 -1 
              2186 1801 2185 -1 
              2187 1802 2186 -1 
              2191 1810 1811 -1 
              2188 1803 2187 -1 
              2190 1812 2189 -1 
              2189 1804 2188 -1 
              2190 1811 1812 -1 
              2192 1808 1809 -1 
              2191 1811 2190 -1 
              2196 1689 1688 -1 
              2194 1687 1686 -1 
              2192 1809 2191 -1 
              2193 1806 1807 -1 
              2193 1807 2192 -1 
              2195 1687 2194 -1 
              2196 1688 2195 -1 
              2197 1689 2196 -1 
              2199 1692 1691 -1 
              2198 1690 2197 -1 
              2199 1691 2198 -1 
              2199 2180 1671 -1 
              2189 2188 2190 -1 
              2200 2190 2188 -1 
              2190 2200 2191 -1 
              2201 2191 2200 -1 
              2188 2187 2200 -1 
              2202 2200 2187 -1 
              2200 2202 2201 -1 
              2203 2201 2202 -1 
              2187 2186 2202 -1 
              2204 2202 2186 -1 
              2202 2204 2203 -1 
              2205 2203 2204 -1 
              2191 2201 2192 -1 
              2206 2192 2201 -1 
              2192 2206 2193 -1 
              2194 2193 2206 -1 
              2201 2203 2206 -1 
              2207 2206 2203 -1 
              2206 2207 2194 -1 
              2195 2194 2207 -1 
              2203 2205 2207 -1 
              2208 2207 2205 -1 
              2207 2208 2195 -1 
              2196 2195 2208 -1 
              2186 2185 2204 -1 
              2209 2204 2185 -1 
              2204 2209 2205 -1 
              2210 2205 2209 -1 
              2185 2184 2209 -1 
              2211 2209 2184 -1 
              2209 2211 2210 -1 
              2212 2210 2211 -1 
              2184 2183 2211 -1 
              2182 2211 2183 -1 
              2211 2182 2212 -1 
              2181 2212 2182 -1 
              2205 2210 2208 -1 
              2213 2208 2210 -1 
              2208 2213 2196 -1 
              2197 2196 2213 -1 
              2210 2212 2213 -1 
              2214 2213 2212 -1 
              2213 2214 2197 -1 
              2198 2197 2214 -1 
              2212 2181 2214 -1 
              2180 2214 2181 -1 
              2214 2180 2198 -1 
              2199 2198 2180 -1 
              1813 563 1814 -1 
              1812 563 1813 -1 
              1811 563 1812 -1 
              1810 563 1811 -1 
              1809 563 1810 -1 
              1808 563 1809 -1 
              1807 563 1808 -1 
              1806 563 1807 -1 
              553 563 1806 -1 
              552 563 553 -1 
              554 563 552 -1 
              1708 552 1709 -1 
              1707 552 1708 -1 
              1706 552 1707 -1 
              1705 552 1706 -1 
              1704 552 1705 -1 
              1703 552 1704 -1 
              1702 552 1703 -1 
              1701 552 1702 -1 
              554 552 1701 -1 
              555 563 554 -1 
              562 563 555 -1 
              1727 555 1728 -1 
              1726 555 1727 -1 
              556 555 1726 -1 
              561 555 556 -1 
              560 556 557 -1 
              1752 557 1753 -1 
              1751 557 1752 -1 
              1750 557 1751 -1 
              1749 557 1750 -1 
              1748 557 1749 -1 
              1747 557 1748 -1 
              1746 557 1747 -1 
              1745 557 1746 -1 
              558 557 1745 -1 
              559 557 558 -1 
              560 557 559 -1 
              1777 559 1778 -1 
              1776 559 1777 -1 
              1775 559 1776 -1 
              1774 559 1775 -1 
              1773 559 1774 -1 
              1772 559 1773 -1 
              1771 559 1772 -1 
              1770 559 1771 -1 
              560 559 1770 -1 
              561 556 560 -1 
              1797 555 561 -1 
              1796 555 1797 -1 
              1795 555 1796 -1 
              562 555 1795 -1 
            ]
            normalIndex [
              48 40 75 -1 
              47 2 73 -1 
              2 3 72 -1 
              70 4 5 -1 
              70 5 6 -1 
              11 12 65 -1 
              12 13 64 -1 
              63 14 15 -1 
              62 15 16 -1 
              19 16 17 -1 
              19 17 18 -1 
              47 1 2 -1 
              61 16 19 -1 
              63 15 62 -1 
              20 21 60 -1 
              25 23 24 -1 
              26 23 25 -1 
              59 23 26 -1 
              58 26 27 -1 
              10 11 66 -1 
              10 67 9 -1 
              69 6 7 -1 
              54 31 32 -1 
              32 33 53 -1 
              33 34 53 -1 
              51 35 36 -1 
              50 36 37 -1 
              50 37 38 -1 
              49 38 39 -1 
              48 39 40 -1 
              43 41 42 -1 
              43 40 41 -1 
              52 34 35 -1 
              47 0 1 -1 
              69 7 68 -1 
              75 40 43 -1 
              75 44 74 -1 
              55 30 31 -1 
              49 39 48 -1 
              50 38 49 -1 
              56 29 30 -1 
              51 36 50 -1 
              56 28 29 -1 
              52 35 51 -1 
              53 34 52 -1 
              57 27 28 -1 
              54 32 53 -1 
              55 31 54 -1 
              56 30 55 -1 
              60 22 59 -1 
              57 28 56 -1 
              60 21 22 -1 
              58 27 57 -1 
              59 22 23 -1 
              59 26 58 -1 
              64 13 14 -1 
              61 19 20 -1 
              61 20 60 -1 
              67 8 9 -1 
              62 16 61 -1 
              68 7 8 -1 
              64 14 63 -1 
              65 12 64 -1 
              66 11 65 -1 
              67 10 66 -1 
              71 3 4 -1 
              68 8 67 -1 
              74 44 45 -1 
              70 6 69 -1 
              74 46 73 -1 
              71 4 70 -1 
              74 45 46 -1 
              72 3 71 -1 
              73 46 47 -1 
              73 2 72 -1 
              75 43 44 -1 
              61 60 62 -1 
              76 62 60 -1 
              62 76 63 -1 
              77 63 76 -1 
              63 77 64 -1 
              78 64 77 -1 
              64 78 65 -1 
              79 65 78 -1 
              65 79 66 -1 
              80 66 79 -1 
              66 80 67 -1 
              81 67 80 -1 
              67 81 68 -1 
              82 68 81 -1 
              68 82 69 -1 
              83 69 82 -1 
              69 83 70 -1 
              84 70 83 -1 
              70 84 71 -1 
              85 71 84 -1 
              71 85 72 -1 
              86 72 85 -1 
              72 86 73 -1 
              74 73 86 -1 
              60 59 76 -1 
              58 76 59 -1 
              76 58 77 -1 
              57 77 58 -1 
              77 57 78 -1 
              56 78 57 -1 
              78 56 79 -1 
              55 79 56 -1 
              79 55 80 -1 
              54 80 55 -1 
              80 54 81 -1 
              53 81 54 -1 
              81 53 82 -1 
              52 82 53 -1 
              82 52 83 -1 
              51 83 52 -1 
              83 51 84 -1 
              50 84 51 -1 
              84 50 85 -1 
              49 85 50 -1 
              85 49 86 -1 
              48 86 49 -1 
              86 48 74 -1 
              75 74 48 -1 
              157 131 132 -1 
              89 90 152 -1 
              90 91 151 -1 
              150 92 93 -1 
              149 93 94 -1 
              97 94 95 -1 
              97 95 96 -1 
              148 94 97 -1 
              150 93 149 -1 
              98 99 147 -1 
              103 101 102 -1 
              104 101 103 -1 
              146 101 104 -1 
              145 104 105 -1 
              88 89 153 -1 
              88 154 87 -1 
              156 132 133 -1 
              141 109 110 -1 
              110 111 140 -1 
              111 112 140 -1 
              138 113 114 -1 
              137 114 115 -1 
              137 115 116 -1 
              136 116 117 -1 
              135 117 118 -1 
              121 118 119 -1 
              121 119 120 -1 
              135 118 162 -1 
              139 112 113 -1 
              127 125 126 -1 
              128 125 127 -1 
              160 125 128 -1 
              159 128 129 -1 
              162 118 121 -1 
              162 122 161 -1 
              142 108 109 -1 
              136 117 135 -1 
              137 116 136 -1 
              143 107 108 -1 
              138 114 137 -1 
              143 106 107 -1 
              139 113 138 -1 
              140 112 139 -1 
              144 105 106 -1 
              141 110 140 -1 
              142 109 141 -1 
              143 108 142 -1 
              147 100 146 -1 
              144 106 143 -1 
              147 99 100 -1 
              145 105 144 -1 
              146 100 101 -1 
              146 104 145 -1 
              151 91 92 -1 
              148 97 98 -1 
              148 98 147 -1 
              154 134 87 -1 
              149 94 148 -1 
              155 133 134 -1 
              151 92 150 -1 
              152 90 151 -1 
              157 130 131 -1 
              153 89 152 -1 
              154 88 153 -1 
              158 129 130 -1 
              155 134 154 -1 
              161 122 123 -1 
              156 133 155 -1 
              157 132 156 -1 
              161 124 160 -1 
              158 130 157 -1 
              161 123 124 -1 
              159 129 158 -1 
              160 124 125 -1 
              160 128 159 -1 
              162 121 122 -1 
              148 147 149 -1 
              163 149 147 -1 
              149 163 150 -1 
              164 150 163 -1 
              150 164 151 -1 
              165 151 164 -1 
              151 165 152 -1 
              166 152 165 -1 
              152 166 153 -1 
              167 153 166 -1 
              153 167 154 -1 
              168 154 167 -1 
              154 168 155 -1 
              169 155 168 -1 
              155 169 156 -1 
              170 156 169 -1 
              156 170 157 -1 
              171 157 170 -1 
              157 171 158 -1 
              172 158 171 -1 
              158 172 159 -1 
              173 159 172 -1 
              159 173 160 -1 
              161 160 173 -1 
              147 146 163 -1 
              145 163 146 -1 
              163 145 164 -1 
              144 164 145 -1 
              164 144 165 -1 
              143 165 144 -1 
              165 143 166 -1 
              142 166 143 -1 
              166 142 167 -1 
              141 167 142 -1 
              167 141 168 -1 
              140 168 141 -1 
              168 140 169 -1 
              139 169 140 -1 
              169 139 170 -1 
              138 170 139 -1 
              170 138 171 -1 
              137 171 138 -1 
              171 137 172 -1 
              136 172 137 -1 
              172 136 173 -1 
              135 173 136 -1 
              173 135 161 -1 
              162 161 135 -1 
              222 221 260 -1 
              252 177 176 -1 
              181 180 179 -1 
              182 181 179 -1 
              250 184 183 -1 
              259 225 224 -1 
              255 254 233 -1 
              257 256 229 -1 
              189 244 190 -1 
              190 243 191 -1 
              191 243 192 -1 
              241 194 193 -1 
              240 195 194 -1 
              239 196 195 -1 
              238 197 196 -1 
              200 199 198 -1 
              242 193 192 -1 
              268 203 202 -1 
              207 206 205 -1 
              208 207 205 -1 
              266 211 210 -1 
              265 212 211 -1 
              217 262 218 -1 
              261 220 219 -1 
              223 259 224 -1 
              258 226 225 -1 
              258 227 226 -1 
              257 228 227 -1 
              257 229 228 -1 
              231 230 256 -1 
              232 231 255 -1 
              237 175 174 -1 
              233 232 255 -1 
              234 233 254 -1 
              237 236 175 -1 
              269 202 201 -1 
              239 238 196 -1 
              245 189 188 -1 
              240 239 195 -1 
              246 188 187 -1 
              241 240 194 -1 
              242 241 193 -1 
              247 187 186 -1 
              243 242 192 -1 
              248 186 185 -1 
              244 243 190 -1 
              249 185 184 -1 
              245 244 189 -1 
              246 245 188 -1 
              247 246 187 -1 
              248 247 186 -1 
              252 178 177 -1 
              249 248 185 -1 
              250 249 184 -1 
              251 179 178 -1 
              252 176 253 -1 
              251 178 252 -1 
              253 176 175 -1 
              256 230 229 -1 
              260 223 222 -1 
              261 221 220 -1 
              256 255 231 -1 
              262 219 218 -1 
              263 217 216 -1 
              258 257 227 -1 
              263 216 215 -1 
              259 258 225 -1 
              264 215 214 -1 
              260 259 223 -1 
              264 214 213 -1 
              261 260 221 -1 
              265 213 212 -1 
              262 261 219 -1 
              263 262 217 -1 
              264 263 215 -1 
              265 264 213 -1 
              267 204 203 -1 
              266 265 211 -1 
              267 205 204 -1 
              267 203 268 -1 
              269 201 200 -1 
              268 202 269 -1 
              254 235 234 -1 
              235 254 253 -1 
              236 235 253 -1 
              253 175 236 -1 
              182 179 251 -1 
              251 250 183 -1 
              251 183 182 -1 
              208 205 267 -1 
              209 266 210 -1 
              267 266 209 -1 
              267 209 208 -1 
              269 197 238 -1 
              198 197 269 -1 
              269 200 198 -1 
              253 254 252 -1 
              270 252 254 -1 
              254 255 270 -1 
              271 270 255 -1 
              255 256 271 -1 
              272 271 256 -1 
              256 257 272 -1 
              273 272 257 -1 
              257 258 273 -1 
              274 273 258 -1 
              258 259 274 -1 
              275 274 259 -1 
              259 260 275 -1 
              276 275 260 -1 
              252 270 251 -1 
              250 251 270 -1 
              270 271 250 -1 
              249 250 271 -1 
              271 272 249 -1 
              248 249 272 -1 
              272 273 248 -1 
              247 248 273 -1 
              273 274 247 -1 
              246 247 274 -1 
              274 275 246 -1 
              245 246 275 -1 
              275 276 245 -1 
              244 245 276 -1 
              260 261 276 -1 
              277 276 261 -1 
              261 262 277 -1 
              278 277 262 -1 
              262 263 278 -1 
              279 278 263 -1 
              263 264 279 -1 
              280 279 264 -1 
              264 265 280 -1 
              281 280 265 -1 
              265 266 281 -1 
              282 281 266 -1 
              266 267 282 -1 
              268 282 267 -1 
              276 277 244 -1 
              243 244 277 -1 
              277 278 243 -1 
              242 243 278 -1 
              278 279 242 -1 
              241 242 279 -1 
              279 280 241 -1 
              240 241 280 -1 
              280 281 240 -1 
              239 240 281 -1 
              281 282 239 -1 
              238 239 282 -1 
              282 268 238 -1 
              269 238 268 -1 
              285 284 283 -1 
              320 285 283 -1 
              319 286 285 -1 
              318 287 286 -1 
              317 288 287 -1 
              316 289 288 -1 
              315 290 289 -1 
              314 291 290 -1 
              313 292 291 -1 
              312 293 292 -1 
              311 294 293 -1 
              310 295 294 -1 
              309 296 295 -1 
              298 297 307 -1 
              299 298 306 -1 
              300 299 305 -1 
              301 300 304 -1 
              302 301 303 -1 
              308 297 296 -1 
              304 303 301 -1 
              305 304 300 -1 
              306 305 299 -1 
              307 306 298 -1 
              308 307 297 -1 
              309 308 296 -1 
              310 309 295 -1 
              311 310 294 -1 
              312 311 293 -1 
              313 312 292 -1 
              314 313 291 -1 
              315 314 290 -1 
              316 315 289 -1 
              317 316 288 -1 
              318 317 287 -1 
              319 318 286 -1 
              320 319 285 -1 
              336 325 324 -1 
              335 326 325 -1 
              334 327 326 -1 
              333 328 327 -1 
              332 329 328 -1 
              331 330 329 -1 
              337 324 323 -1 
              332 331 329 -1 
              338 323 322 -1 
              333 332 328 -1 
              339 322 321 -1 
              334 333 327 -1 
              335 334 326 -1 
              336 335 325 -1 
              337 336 324 -1 
              338 337 323 -1 
              339 338 322 -1 
              340 339 321 -1 
              341 340 321 -1 
              358 341 321 -1 
              357 342 341 -1 
              356 343 342 -1 
              355 344 343 -1 
              354 345 344 -1 
              353 346 345 -1 
              352 347 346 -1 
              351 348 347 -1 
              350 349 348 -1 
              351 350 348 -1 
              352 351 347 -1 
              353 352 346 -1 
              354 353 345 -1 
              355 354 344 -1 
              356 355 343 -1 
              357 356 342 -1 
              358 357 341 -1 
              361 360 359 -1 
              396 395 361 -1 
              394 393 363 -1 
              392 391 365 -1 
              390 389 367 -1 
              388 387 369 -1 
              386 385 371 -1 
              384 383 373 -1 
              382 381 375 -1 
              380 379 377 -1 
              387 370 369 -1 
              386 371 370 -1 
              385 372 371 -1 
              384 373 372 -1 
              383 374 373 -1 
              382 375 374 -1 
              377 376 380 -1 
              378 377 379 -1 
              381 376 375 -1 
              381 380 376 -1 
              388 369 368 -1 
              383 382 374 -1 
              389 368 367 -1 
              385 384 372 -1 
              390 367 366 -1 
              387 386 370 -1 
              391 366 365 -1 
              389 388 368 -1 
              392 365 364 -1 
              391 390 366 -1 
              393 364 363 -1 
              393 392 364 -1 
              394 363 362 -1 
              395 394 362 -1 
              395 362 361 -1 
              396 361 359 -1 
              399 398 397 -1 
              402 399 397 -1 
              401 400 399 -1 
              402 401 399 -1 
              428 415 416 -1 
              427 416 417 -1 
              426 417 418 -1 
              425 418 419 -1 
              424 419 420 -1 
              423 420 421 -1 
              423 421 422 -1 
              429 414 415 -1 
              424 420 423 -1 
              430 413 414 -1 
              425 419 424 -1 
              431 412 413 -1 
              426 418 425 -1 
              432 411 412 -1 
              427 417 426 -1 
              433 410 411 -1 
              428 416 427 -1 
              434 409 410 -1 
              429 415 428 -1 
              435 408 409 -1 
              430 414 429 -1 
              436 407 408 -1 
              431 413 430 -1 
              437 406 407 -1 
              432 412 431 -1 
              438 405 406 -1 
              433 411 432 -1 
              434 410 433 -1 
              439 404 405 -1 
              435 409 434 -1 
              440 403 404 -1 
              436 408 435 -1 
              437 407 436 -1 
              438 406 437 -1 
              439 405 438 -1 
              440 404 439 -1 
              441 403 440 -1 
              446 442 443 -1 
              445 443 444 -1 
              446 443 445 -1 
              447 442 446 -1 
              587 537 448 -1 
              576 499 464 -1 
              466 572 465 -1 
              467 572 466 -1 
              468 572 467 -1 
              469 572 468 -1 
              470 572 469 -1 
              572 470 471 -1 
              476 477 571 -1 
              483 456 567 -1 
              571 478 479 -1 
              485 455 456 -1 
              571 479 480 -1 
              571 480 481 -1 
              487 454 455 -1 
              483 567 482 -1 
              484 456 483 -1 
              489 453 454 -1 
              485 456 484 -1 
              491 452 453 -1 
              486 455 485 -1 
              487 455 486 -1 
              488 454 487 -1 
              489 454 488 -1 
              493 451 452 -1 
              490 453 489 -1 
              491 453 490 -1 
              492 452 491 -1 
              495 450 451 -1 
              493 452 492 -1 
              494 451 493 -1 
              495 451 494 -1 
              497 449 450 -1 
              496 450 495 -1 
              497 450 496 -1 
              498 449 497 -1 
              499 576 449 -1 
              499 449 498 -1 
              556 456 457 -1 
              546 535 500 -1 
              542 500 501 -1 
              542 501 502 -1 
              542 502 503 -1 
              542 503 504 -1 
              507 542 506 -1 
              538 539 537 -1 
              542 507 508 -1 
              588 536 587 -1 
              537 519 448 -1 
              513 541 512 -1 
              521 463 448 -1 
              514 515 541 -1 
              541 516 517 -1 
              523 462 463 -1 
              519 537 518 -1 
              520 448 519 -1 
              525 461 462 -1 
              521 448 520 -1 
              527 460 461 -1 
              522 463 521 -1 
              523 463 522 -1 
              524 462 523 -1 
              525 462 524 -1 
              529 459 460 -1 
              526 461 525 -1 
              527 461 526 -1 
              528 460 527 -1 
              531 458 459 -1 
              529 460 528 -1 
              530 459 529 -1 
              531 459 530 -1 
              533 457 458 -1 
              532 458 531 -1 
              533 458 532 -1 
              534 457 533 -1 
              535 546 457 -1 
              535 457 534 -1 
              515 516 541 -1 
              537 587 536 -1 
              513 514 541 -1 
              542 505 506 -1 
              541 517 518 -1 
              540 537 539 -1 
              541 518 537 -1 
              541 537 540 -1 
              542 504 505 -1 
              541 511 512 -1 
              509 542 508 -1 
              541 510 511 -1 
              541 542 509 -1 
              541 509 510 -1 
              546 500 542 -1 
              546 542 543 -1 
              545 543 544 -1 
              546 543 545 -1 
              556 457 546 -1 
              556 546 547 -1 
              549 547 548 -1 
              550 547 549 -1 
              551 547 550 -1 
              552 547 551 -1 
              553 547 552 -1 
              554 547 553 -1 
              555 547 554 -1 
              556 557 456 -1 
              556 547 555 -1 
              567 456 557 -1 
              559 557 558 -1 
              560 557 559 -1 
              561 557 560 -1 
              562 557 561 -1 
              563 557 562 -1 
              564 557 563 -1 
              565 557 564 -1 
              570 567 569 -1 
              566 557 565 -1 
              567 557 566 -1 
              572 471 472 -1 
              569 567 568 -1 
              477 478 571 -1 
              571 481 482 -1 
              571 482 567 -1 
              571 567 570 -1 
              572 464 465 -1 
              571 475 476 -1 
              473 572 472 -1 
              571 474 475 -1 
              571 572 473 -1 
              571 473 474 -1 
              573 576 572 -1 
              574 575 573 -1 
              576 464 572 -1 
              586 448 449 -1 
              576 573 575 -1 
              586 449 576 -1 
              586 576 577 -1 
              579 577 578 -1 
              580 577 579 -1 
              581 577 580 -1 
              582 577 581 -1 
              583 577 582 -1 
              584 577 583 -1 
              585 577 584 -1 
              586 577 585 -1 
              587 448 586 -1 
              589 536 588 -1 
              590 536 589 -1 
              591 536 590 -1 
              592 536 591 -1 
              593 536 592 -1 
              594 536 593 -1 
              595 536 594 -1 
              605 602 601 -1 
              604 603 602 -1 
              606 601 600 -1 
              605 604 602 -1 
              607 600 599 -1 
              606 605 601 -1 
              608 599 598 -1 
              607 606 600 -1 
              609 598 597 -1 
              608 607 599 -1 
              610 597 596 -1 
              609 608 598 -1 
              610 609 597 -1 
              611 610 596 -1 
              614 613 612 -1 
              615 614 612 -1 
              626 621 620 -1 
              625 622 621 -1 
              624 623 622 -1 
              627 620 619 -1 
              625 624 622 -1 
              628 619 618 -1 
              626 625 621 -1 
              629 618 617 -1 
              627 626 620 -1 
              630 617 616 -1 
              628 627 619 -1 
              629 628 618 -1 
              630 629 617 -1 
              631 630 616 -1 
              634 632 635 -1 
              634 633 632 -1 
              671 638 637 -1 
              669 640 639 -1 
              667 642 641 -1 
              665 644 643 -1 
              664 645 644 -1 
              662 647 646 -1 
              660 649 648 -1 
              658 651 650 -1 
              656 653 652 -1 
              655 654 653 -1 
              657 652 651 -1 
              656 655 653 -1 
              659 650 649 -1 
              657 656 652 -1 
              661 648 647 -1 
              658 657 651 -1 
              663 646 645 -1 
              659 658 650 -1 
              666 643 642 -1 
              660 659 649 -1 
              668 641 640 -1 
              661 660 648 -1 
              670 639 638 -1 
              662 661 647 -1 
              672 637 636 -1 
              663 662 646 -1 
              664 663 645 -1 
              665 664 644 -1 
              666 665 643 -1 
              667 666 642 -1 
              668 667 641 -1 
              669 668 640 -1 
              670 669 639 -1 
              671 670 638 -1 
              672 671 637 -1 
              673 672 636 -1 
              710 675 674 -1 
              709 676 675 -1 
              707 678 677 -1 
              706 679 678 -1 
              705 680 679 -1 
              703 682 681 -1 
              702 683 682 -1 
              701 684 683 -1 
              700 685 684 -1 
              698 687 686 -1 
              690 689 695 -1 
              693 691 694 -1 
              694 691 690 -1 
              693 692 691 -1 
              697 688 687 -1 
              696 689 688 -1 
              699 686 685 -1 
              695 694 690 -1 
              704 681 680 -1 
              696 695 689 -1 
              708 677 676 -1 
              697 696 688 -1 
              698 697 687 -1 
              699 698 686 -1 
              700 699 685 -1 
              701 700 684 -1 
              702 701 683 -1 
              703 702 682 -1 
              704 703 681 -1 
              705 704 680 -1 
              706 705 679 -1 
              707 706 678 -1 
              708 707 677 -1 
              709 708 676 -1 
              710 709 675 -1 
              711 710 674 -1 
              716 717 712 -1 
              716 713 714 -1 
              716 712 713 -1 
              716 714 715 -1 
              719 712 717 -1 
              719 717 718 -1 
              722 721 720 -1 
              723 722 720 -1 
              726 724 725 -1 
              727 724 726 -1 
              730 728 731 -1 
              730 729 728 -1 
              733 739 732 -1 
              738 735 736 -1 
              738 734 735 -1 
              738 736 737 -1 
              739 733 734 -1 
              739 734 738 -1 
              742 740 743 -1 
              742 741 740 -1 
              746 744 745 -1 
              747 744 746 -1 
              750 749 748 -1 
              751 750 748 -1 
              752 753 861 -1 
              859 757 758 -1 
              760 858 759 -1 
              855 820 857 -1 
              823 792 856 -1 
              771 772 864 -1 
              842 771 864 -1 
              752 777 778 -1 
              752 861 777 -1 
              862 863 775 -1 
              753 754 861 -1 
              863 774 775 -1 
              861 754 860 -1 
              790 778 779 -1 
              783 779 780 -1 
              782 780 781 -1 
              783 780 782 -1 
              784 779 783 -1 
              790 779 784 -1 
              789 786 787 -1 
              790 784 785 -1 
              788 789 787 -1 
              790 785 786 -1 
              790 786 789 -1 
              791 752 778 -1 
              791 778 790 -1 
              800 798 799 -1 
              869 794 795 -1 
              804 795 796 -1 
              804 796 797 -1 
              803 797 798 -1 
              801 798 800 -1 
              803 798 801 -1 
              803 801 802 -1 
              804 797 803 -1 
              868 795 804 -1 
              866 867 806 -1 
              866 806 807 -1 
              866 807 808 -1 
              865 808 809 -1 
              818 819 817 -1 
              857 854 855 -1 
              856 792 793 -1 
              825 819 792 -1 
              822 856 821 -1 
              823 856 822 -1 
              828 819 827 -1 
              824 792 823 -1 
              830 815 816 -1 
              825 792 824 -1 
              828 817 819 -1 
              826 819 825 -1 
              830 816 817 -1 
              827 819 826 -1 
              831 814 815 -1 
              832 813 814 -1 
              829 817 828 -1 
              830 817 829 -1 
              833 812 813 -1 
              831 815 830 -1 
              834 811 812 -1 
              832 814 831 -1 
              865 810 811 -1 
              833 813 832 -1 
              834 812 833 -1 
              835 811 834 -1 
              840 864 839 -1 
              865 811 835 -1 
              837 865 836 -1 
              770 771 842 -1 
              864 773 863 -1 
              844 769 770 -1 
              845 768 769 -1 
              841 864 840 -1 
              842 864 841 -1 
              846 767 768 -1 
              843 770 842 -1 
              847 766 767 -1 
              844 770 843 -1 
              848 765 766 -1 
              845 769 844 -1 
              846 768 845 -1 
              849 764 765 -1 
              847 767 846 -1 
              848 766 847 -1 
              850 763 764 -1 
              849 765 848 -1 
              852 762 763 -1 
              850 764 849 -1 
              851 763 850 -1 
              857 761 762 -1 
              852 763 851 -1 
              857 762 852 -1 
              857 760 761 -1 
              857 852 853 -1 
              857 853 854 -1 
              871 794 870 -1 
              856 820 821 -1 
              858 758 759 -1 
              856 857 820 -1 
              859 756 757 -1 
              858 760 857 -1 
              860 755 756 -1 
              859 758 858 -1 
              860 754 755 -1 
              860 756 859 -1 
              862 776 777 -1 
              862 775 776 -1 
              862 777 861 -1 
              864 772 773 -1 
              863 773 774 -1 
              864 838 839 -1 
              865 809 810 -1 
              865 835 836 -1 
              865 837 838 -1 
              864 865 838 -1 
              867 805 806 -1 
              866 808 865 -1 
              868 804 805 -1 
              871 793 794 -1 
              868 805 867 -1 
              869 795 868 -1 
              871 856 793 -1 
              870 794 869 -1 
              879 877 878 -1 
              880 877 879 -1 
              947 918 873 -1 
              945 877 880 -1 
              918 947 920 -1 
              944 880 881 -1 
              931 901 904 -1 
              942 883 884 -1 
              889 890 937 -1 
              890 891 936 -1 
              935 892 893 -1 
              934 893 894 -1 
              897 894 895 -1 
              897 895 896 -1 
              933 894 897 -1 
              935 893 934 -1 
              898 899 932 -1 
              903 901 902 -1 
              904 901 903 -1 
              930 904 905 -1 
              888 889 938 -1 
              941 884 885 -1 
              888 939 887 -1 
              917 921 916 -1 
              926 909 910 -1 
              925 910 911 -1 
              925 911 912 -1 
              914 923 913 -1 
              915 922 914 -1 
              916 922 915 -1 
              919 873 918 -1 
              918 920 917 -1 
              919 872 873 -1 
              947 874 946 -1 
              924 912 913 -1 
              927 908 909 -1 
              921 917 920 -1 
              922 916 921 -1 
              928 907 908 -1 
              923 914 922 -1 
              928 906 907 -1 
              924 913 923 -1 
              925 912 924 -1 
              929 905 906 -1 
              926 910 925 -1 
              927 909 926 -1 
              928 908 927 -1 
              932 900 931 -1 
              929 906 928 -1 
              932 899 900 -1 
              930 905 929 -1 
              931 900 901 -1 
              931 904 930 -1 
              936 891 892 -1 
              933 897 898 -1 
              933 898 932 -1 
              939 886 887 -1 
              934 894 933 -1 
              940 885 886 -1 
              936 892 935 -1 
              937 890 936 -1 
              942 882 883 -1 
              938 889 937 -1 
              939 888 938 -1 
              943 881 882 -1 
              940 886 939 -1 
              946 874 875 -1 
              941 885 940 -1 
              942 884 941 -1 
              946 876 945 -1 
              943 882 942 -1 
              946 875 876 -1 
              944 881 943 -1 
              945 876 877 -1 
              945 880 944 -1 
              947 873 874 -1 
              933 932 934 -1 
              948 934 932 -1 
              934 948 935 -1 
              949 935 948 -1 
              935 949 936 -1 
              950 936 949 -1 
              936 950 937 -1 
              951 937 950 -1 
              937 951 938 -1 
              952 938 951 -1 
              938 952 939 -1 
              953 939 952 -1 
              939 953 940 -1 
              954 940 953 -1 
              940 954 941 -1 
              955 941 954 -1 
              941 955 942 -1 
              956 942 955 -1 
              942 956 943 -1 
              957 943 956 -1 
              943 957 944 -1 
              958 944 957 -1 
              944 958 945 -1 
              946 945 958 -1 
              932 931 948 -1 
              930 948 931 -1 
              948 930 949 -1 
              929 949 930 -1 
              949 929 950 -1 
              928 950 929 -1 
              950 928 951 -1 
              927 951 928 -1 
              951 927 952 -1 
              926 952 927 -1 
              952 926 953 -1 
              925 953 926 -1 
              953 925 954 -1 
              924 954 925 -1 
              954 924 955 -1 
              923 955 924 -1 
              955 923 956 -1 
              922 956 923 -1 
              956 922 957 -1 
              921 957 922 -1 
              957 921 958 -1 
              920 958 921 -1 
              958 920 946 -1 
              947 946 920 -1 
              966 964 965 -1 
              967 964 966 -1 
              1034 1005 960 -1 
              1032 964 967 -1 
              1005 1034 1007 -1 
              1031 967 968 -1 
              991 988 990 -1 
              1029 970 971 -1 
              976 977 1024 -1 
              977 978 1023 -1 
              1022 979 980 -1 
              1021 980 981 -1 
              984 981 982 -1 
              984 982 983 -1 
              1020 981 984 -1 
              1022 980 1021 -1 
              985 986 1019 -1 
              990 988 989 -1 
              975 1026 974 -1 
              1018 988 991 -1 
              1017 991 992 -1 
              975 976 1025 -1 
              1028 971 972 -1 
              1013 996 997 -1 
              1005 1007 1004 -1 
              1012 997 998 -1 
              1012 998 999 -1 
              1001 1010 1000 -1 
              1002 1009 1001 -1 
              1003 1009 1002 -1 
              1004 1008 1003 -1 
              1006 959 960 -1 
              1006 960 1005 -1 
              1034 961 1033 -1 
              1011 999 1000 -1 
              1014 995 996 -1 
              1008 1004 1007 -1 
              1009 1003 1008 -1 
              1015 994 995 -1 
              1010 1001 1009 -1 
              1015 993 994 -1 
              1011 1000 1010 -1 
              1012 999 1011 -1 
              1016 992 993 -1 
              1013 997 1012 -1 
              1014 996 1013 -1 
              1015 995 1014 -1 
              1019 987 1018 -1 
              1016 993 1015 -1 
              1019 986 987 -1 
              1017 992 1016 -1 
              1018 987 988 -1 
              1018 991 1017 -1 
              1023 978 979 -1 
              1020 984 985 -1 
              1020 985 1019 -1 
              1026 973 974 -1 
              1021 981 1020 -1 
              1027 972 973 -1 
              1023 979 1022 -1 
              1024 977 1023 -1 
              1029 969 970 -1 
              1025 976 1024 -1 
              1026 975 1025 -1 
              1030 968 969 -1 
              1027 973 1026 -1 
              1033 961 962 -1 
              1028 972 1027 -1 
              1029 971 1028 -1 
              1033 963 1032 -1 
              1030 969 1029 -1 
              1033 962 963 -1 
              1031 968 1030 -1 
              1032 963 964 -1 
              1032 967 1031 -1 
              1034 960 961 -1 
              1020 1019 1021 -1 
              1035 1021 1019 -1 
              1021 1035 1022 -1 
              1036 1022 1035 -1 
              1022 1036 1023 -1 
              1037 1023 1036 -1 
              1023 1037 1024 -1 
              1038 1024 1037 -1 
              1024 1038 1025 -1 
              1039 1025 1038 -1 
              1025 1039 1026 -1 
              1040 1026 1039 -1 
              1026 1040 1027 -1 
              1041 1027 1040 -1 
              1027 1041 1028 -1 
              1042 1028 1041 -1 
              1028 1042 1029 -1 
              1043 1029 1042 -1 
              1029 1043 1030 -1 
              1044 1030 1043 -1 
              1030 1044 1031 -1 
              1045 1031 1044 -1 
              1031 1045 1032 -1 
              1033 1032 1045 -1 
              1019 1018 1035 -1 
              1017 1035 1018 -1 
              1035 1017 1036 -1 
              1016 1036 1017 -1 
              1036 1016 1037 -1 
              1015 1037 1016 -1 
              1037 1015 1038 -1 
              1014 1038 1015 -1 
              1038 1014 1039 -1 
              1013 1039 1014 -1 
              1039 1013 1040 -1 
              1012 1040 1013 -1 
              1040 1012 1041 -1 
              1011 1041 1012 -1 
              1041 1011 1042 -1 
              1010 1042 1011 -1 
              1042 1010 1043 -1 
              1009 1043 1010 -1 
              1043 1009 1044 -1 
              1008 1044 1009 -1 
              1044 1008 1045 -1 
              1007 1045 1008 -1 
              1045 1007 1033 -1 
              1034 1033 1007 -1 
              1064 1046 1047 -1 
              1063 1047 1048 -1 
              1062 1048 1049 -1 
              1061 1049 1050 -1 
              1060 1050 1051 -1 
              1059 1051 1052 -1 
              1058 1052 1053 -1 
              1057 1053 1054 -1 
              1056 1054 1055 -1 
              1057 1054 1056 -1 
              1058 1053 1057 -1 
              1059 1052 1058 -1 
              1060 1051 1059 -1 
              1061 1050 1060 -1 
              1062 1049 1061 -1 
              1063 1048 1062 -1 
              1064 1047 1063 -1 
              1065 1046 1064 -1 
              1084 1066 1067 -1 
              1083 1067 1068 -1 
              1082 1068 1069 -1 
              1081 1069 1070 -1 
              1080 1070 1071 -1 
              1079 1071 1072 -1 
              1078 1072 1073 -1 
              1077 1073 1074 -1 
              1076 1074 1075 -1 
              1077 1074 1076 -1 
              1078 1073 1077 -1 
              1079 1072 1078 -1 
              1080 1071 1079 -1 
              1081 1070 1080 -1 
              1082 1069 1081 -1 
              1083 1068 1082 -1 
              1084 1067 1083 -1 
              1085 1066 1084 -1 
              1097 1087 1088 -1 
              1090 1088 1089 -1 
              1091 1088 1090 -1 
              1097 1088 1091 -1 
              1096 1091 1092 -1 
              1096 1092 1093 -1 
              1096 1093 1094 -1 
              1096 1097 1091 -1 
              1096 1094 1095 -1 
              1098 1087 1097 -1 
              1099 1087 1098 -1 
              1100 1087 1099 -1 
              1101 1102 1087 -1 
              1101 1087 1100 -1 
              1106 1086 1087 -1 
              1103 1087 1102 -1 
              1104 1087 1103 -1 
              1105 1087 1104 -1 
              1106 1107 1086 -1 
              1106 1087 1105 -1 
              1107 1110 1086 -1 
              1109 1107 1108 -1 
              1110 1107 1109 -1 
              1112 1111 1115 -1 
              1113 1112 1114 -1 
              1115 1114 1112 -1 
              1118 1119 1199 -1 
              1122 1199 1121 -1 
              1123 1199 1122 -1 
              1124 1199 1123 -1 
              1198 1125 1126 -1 
              1198 1127 1128 -1 
              1198 1128 1129 -1 
              1198 1129 1130 -1 
              1187 1200 1186 -1 
              1198 1133 1197 -1 
              1130 1131 1198 -1 
              1198 1132 1133 -1 
              1197 1133 1134 -1 
              1197 1134 1135 -1 
              1197 1135 1136 -1 
              1197 1136 1137 -1 
              1197 1137 1138 -1 
              1197 1138 1139 -1 
              1197 1139 1140 -1 
              1198 1131 1132 -1 
              1143 1197 1142 -1 
              1196 1197 1143 -1 
              1196 1143 1144 -1 
              1196 1144 1145 -1 
              1196 1145 1146 -1 
              1196 1146 1147 -1 
              1196 1147 1148 -1 
              1196 1148 1149 -1 
              1151 1196 1150 -1 
              1152 1196 1151 -1 
              1195 1196 1152 -1 
              1195 1152 1153 -1 
              1195 1153 1154 -1 
              1195 1154 1155 -1 
              1158 1195 1157 -1 
              1159 1195 1158 -1 
              1195 1159 1160 -1 
              1203 1163 1164 -1 
              1202 1164 1165 -1 
              1168 1202 1167 -1 
              1169 1202 1168 -1 
              1170 1202 1169 -1 
              1171 1202 1170 -1 
              1172 1202 1171 -1 
              1173 1202 1172 -1 
              1201 1174 1175 -1 
              1199 1116 1117 -1 
              1201 1175 1176 -1 
              1118 1199 1117 -1 
              1201 1176 1177 -1 
              1119 1120 1199 -1 
              1201 1177 1178 -1 
              1199 1120 1121 -1 
              1201 1178 1179 -1 
              1191 1116 1200 -1 
              1181 1201 1180 -1 
              1182 1201 1181 -1 
              1200 1183 1184 -1 
              1185 1200 1184 -1 
              1186 1200 1185 -1 
              1188 1200 1187 -1 
              1189 1200 1188 -1 
              1190 1200 1189 -1 
              1191 1200 1190 -1 
              1192 1162 1163 -1 
              1194 1162 1192 -1 
              1194 1192 1193 -1 
              1195 1155 1156 -1 
              1195 1156 1157 -1 
              1194 1161 1162 -1 
              1161 1195 1160 -1 
              1194 1195 1161 -1 
              1196 1149 1150 -1 
              1197 1140 1141 -1 
              1197 1141 1142 -1 
              1198 1126 1127 -1 
              1201 1179 1180 -1 
              1198 1124 1125 -1 
              1198 1199 1124 -1 
              1200 1116 1199 -1 
              1200 1182 1183 -1 
              1200 1201 1182 -1 
              1202 1165 1166 -1 
              1202 1166 1167 -1 
              1201 1173 1174 -1 
              1201 1202 1173 -1 
              1205 1192 1163 -1 
              1203 1164 1202 -1 
              1205 1163 1203 -1 
              1205 1203 1204 -1 
              1206 1192 1205 -1 
              1207 1192 1206 -1 
              1210 1209 1208 -1 
              1212 1210 1208 -1 
              1212 1211 1210 -1 
              1215 1213 1214 -1 
              1216 1213 1215 -1 
              1232 1213 1216 -1 
              1222 1218 1219 -1 
              1222 1219 1220 -1 
              1223 1217 1218 -1 
              1222 1220 1221 -1 
              1223 1218 1222 -1 
              1224 1217 1223 -1 
              1225 1217 1224 -1 
              1226 1227 1217 -1 
              1226 1217 1225 -1 
              1232 1216 1217 -1 
              1228 1217 1227 -1 
              1229 1217 1228 -1 
              1230 1217 1229 -1 
              1231 1217 1230 -1 
              1232 1233 1213 -1 
              1232 1217 1231 -1 
              1237 1213 1233 -1 
              1235 1233 1234 -1 
              1236 1233 1235 -1 
              1237 1233 1236 -1 
              1240 1238 1241 -1 
              1240 1239 1238 -1 
              1249 1252 1244 -1 
              1249 1247 1248 -1 
              1246 1244 1245 -1 
              1249 1246 1247 -1 
              1252 1243 1244 -1 
              1249 1244 1246 -1 
              1253 1242 1243 -1 
              1252 1253 1243 -1 
              1252 1249 1250 -1 
              1251 1252 1250 -1 
              1264 1265 1262 -1 
              1256 1259 1255 -1 
              1258 1259 1256 -1 
              1258 1256 1257 -1 
              1261 1262 1259 -1 
              1262 1255 1259 -1 
              1261 1259 1260 -1 
              1265 1254 1255 -1 
              1265 1255 1262 -1 
              1264 1262 1263 -1 
              1284 1266 1267 -1 
              1283 1267 1268 -1 
              1282 1268 1269 -1 
              1281 1269 1270 -1 
              1280 1270 1271 -1 
              1279 1271 1272 -1 
              1278 1272 1273 -1 
              1277 1273 1274 -1 
              1276 1274 1275 -1 
              1277 1274 1276 -1 
              1278 1273 1277 -1 
              1279 1272 1278 -1 
              1280 1271 1279 -1 
              1281 1270 1280 -1 
              1282 1269 1281 -1 
              1283 1268 1282 -1 
              1284 1267 1283 -1 
              1285 1266 1284 -1 
              1297 1287 1288 -1 
              1290 1288 1289 -1 
              1291 1288 1290 -1 
              1297 1288 1291 -1 
              1296 1291 1292 -1 
              1296 1292 1293 -1 
              1309 1286 1307 -1 
              1296 1293 1294 -1 
              1296 1294 1295 -1 
              1297 1291 1296 -1 
              1298 1287 1297 -1 
              1299 1287 1298 -1 
              1300 1287 1299 -1 
              1301 1302 1287 -1 
              1301 1287 1300 -1 
              1306 1286 1287 -1 
              1303 1287 1302 -1 
              1304 1287 1303 -1 
              1305 1287 1304 -1 
              1306 1287 1305 -1 
              1306 1307 1286 -1 
              1309 1307 1308 -1 
              1310 1286 1309 -1 
              1311 1286 1310 -1 
              1312 1286 1311 -1 
              1313 1286 1312 -1 
              1315 1314 1317 -1 
              1317 1316 1315 -1 
              1320 1319 1318 -1 
              1321 1320 1318 -1 
              1324 1322 1323 -1 
              1335 1326 1327 -1 
              1325 1322 1324 -1 
              1344 1322 1325 -1 
              1329 1327 1328 -1 
              1330 1327 1329 -1 
              1331 1327 1330 -1 
              1332 1327 1331 -1 
              1334 1327 1332 -1 
              1334 1332 1333 -1 
              1334 1335 1327 -1 
              1336 1326 1335 -1 
              1337 1326 1336 -1 
              1338 1326 1337 -1 
              1339 1340 1326 -1 
              1339 1326 1338 -1 
              1344 1325 1326 -1 
              1341 1326 1340 -1 
              1342 1326 1341 -1 
              1343 1326 1342 -1 
              1344 1345 1322 -1 
              1344 1326 1343 -1 
              1349 1322 1345 -1 
              1347 1345 1346 -1 
              1348 1345 1347 -1 
              1349 1345 1348 -1 
              1368 1350 1351 -1 
              1367 1351 1352 -1 
              1366 1352 1353 -1 
              1365 1353 1354 -1 
              1364 1354 1355 -1 
              1363 1355 1356 -1 
              1362 1356 1357 -1 
              1361 1357 1358 -1 
              1360 1358 1359 -1 
              1361 1358 1360 -1 
              1362 1357 1361 -1 
              1363 1356 1362 -1 
              1364 1355 1363 -1 
              1365 1354 1364 -1 
              1366 1353 1365 -1 
              1367 1352 1366 -1 
              1368 1351 1367 -1 
              1369 1350 1368 -1 
              1372 1371 1370 -1 
              1373 1372 1370 -1 
              1381 1384 1376 -1 
              1381 1379 1380 -1 
              1378 1376 1377 -1 
              1381 1378 1379 -1 
              1384 1375 1376 -1 
              1381 1376 1378 -1 
              1385 1374 1375 -1 
              1384 1385 1375 -1 
              1384 1381 1382 -1 
              1383 1384 1382 -1 
              1396 1397 1394 -1 
              1388 1391 1387 -1 
              1390 1391 1388 -1 
              1390 1388 1389 -1 
              1393 1394 1391 -1 
              1394 1387 1391 -1 
              1393 1391 1392 -1 
              1397 1386 1387 -1 
              1397 1387 1394 -1 
              1396 1394 1395 -1 
              1400 1398 1399 -1 
              1401 1398 1400 -1 
              1404 1402 1403 -1 
              1405 1402 1404 -1 
              1408 1406 1407 -1 
              1409 1406 1408 -1 
              1412 1410 1411 -1 
              1413 1410 1412 -1 
              1416 1414 1415 -1 
              1417 1414 1416 -1 
              1420 1418 1419 -1 
              1421 1418 1420 -1 
              1424 1422 1423 -1 
              1425 1422 1424 -1 
              1428 1426 1427 -1 
              1429 1426 1428 -1 
              1432 1430 1431 -1 
              1433 1430 1432 -1 
              1436 1434 1435 -1 
              1437 1434 1436 -1 
              1440 1438 1439 -1 
              1441 1438 1440 -1 
              1444 1442 1443 -1 
              1445 1442 1444 -1 
              1448 1446 1447 -1 
              1449 1446 1448 -1 
              1452 1450 1451 -1 
              1453 1450 1452 -1 
              1456 1454 1455 -1 
              1457 1454 1456 -1 
              1460 1458 1459 -1 
              1461 1458 1460 -1 
              1464 1462 1463 -1 
              1465 1462 1464 -1 
              1468 1466 1467 -1 
              1469 1466 1468 -1 
              1472 1470 1471 -1 
              1473 1470 1472 -1 
              1476 1474 1475 -1 
              1477 1474 1476 -1 
              1480 1478 1479 -1 
              1481 1478 1480 -1 
              1484 1482 1483 -1 
              1485 1482 1484 -1 
              1488 1486 1487 -1 
              1489 1486 1488 -1 
              1492 1490 1491 -1 
              1493 1490 1492 -1 
              1496 1494 1495 -1 
              1497 1494 1496 -1 
              1500 1498 1499 -1 
              1501 1498 1500 -1 
              1504 1502 1503 -1 
              1505 1502 1504 -1 
              1508 1506 1507 -1 
              1509 1506 1508 -1 
              1512 1510 1511 -1 
              1513 1510 1512 -1 
              1516 1514 1515 -1 
              1517 1514 1516 -1 
              1520 1518 1519 -1 
              1521 1518 1520 -1 
              1524 1522 1523 -1 
              1525 1522 1524 -1 
              1528 1526 1527 -1 
              1529 1526 1528 -1 
              1532 1530 1531 -1 
              1533 1530 1532 -1 
              1536 1534 1535 -1 
              1537 1534 1536 -1 
              1540 1538 1539 -1 
              1541 1538 1540 -1 
              1544 1542 1543 -1 
              1545 1542 1544 -1 
              1548 1546 1547 -1 
              1549 1546 1548 -1 
              1552 1550 1551 -1 
              1553 1550 1552 -1 
              1556 1554 1555 -1 
              1557 1554 1556 -1 
              1560 1558 1559 -1 
              1561 1558 1560 -1 
              1564 1562 1563 -1 
              1565 1562 1564 -1 
              1568 1566 1567 -1 
              1569 1566 1568 -1 
              1572 1570 1571 -1 
              1573 1570 1572 -1 
              1576 1574 1575 -1 
              1577 1574 1576 -1 
              1580 1578 1579 -1 
              1581 1578 1580 -1 
              1584 1582 1583 -1 
              1585 1582 1584 -1 
              1588 1586 1587 -1 
              1589 1586 1588 -1 
              1592 1590 1591 -1 
              1593 1590 1592 -1 
              1596 1594 1595 -1 
              1597 1594 1596 -1 
              1600 1598 1599 -1 
              1601 1598 1600 -1 
              1604 1602 1603 -1 
              1605 1602 1604 -1 
              1608 1606 1607 -1 
              1609 1606 1608 -1 
              1612 1610 1611 -1 
              1613 1610 1612 -1 
              1616 1614 1615 -1 
              1617 1614 1616 -1 
              1620 1618 1619 -1 
              1621 1618 1620 -1 
              1624 1622 1623 -1 
              1625 1622 1624 -1 
              1628 1626 1627 -1 
              1629 1626 1628 -1 
              1632 1630 1631 -1 
              1633 1630 1632 -1 
              1636 1634 1635 -1 
              1637 1634 1636 -1 
              1640 1638 1639 -1 
              1641 1638 1640 -1 
              1644 1642 1643 -1 
              1645 1642 1644 -1 
              1648 1646 1647 -1 
              1649 1646 1648 -1 
              1652 1650 1651 -1 
              1653 1650 1652 -1 
              1656 1654 1655 -1 
              1657 1654 1656 -1 
              1660 1658 1659 -1 
              1661 1658 1660 -1 
              1664 1662 1663 -1 
              1665 1662 1664 -1 
              1668 1666 1667 -1 
              1669 1666 1668 -1 
              1706 1671 1670 -1 
              1705 1672 1671 -1 
              1704 1673 1672 -1 
              1703 1674 1673 -1 
              1702 1675 1674 -1 
              1700 1677 1676 -1 
              1699 1678 1677 -1 
              1698 1679 1678 -1 
              1697 1680 1679 -1 
              1695 1682 1681 -1 
              1694 1683 1682 -1 
              1686 1685 1691 -1 
              1689 1687 1690 -1 
              1690 1687 1686 -1 
              1689 1688 1687 -1 
              1693 1684 1683 -1 
              1692 1685 1684 -1 
              1696 1681 1680 -1 
              1691 1690 1686 -1 
              1701 1676 1675 -1 
              1692 1691 1685 -1 
              1693 1692 1684 -1 
              1694 1693 1683 -1 
              1695 1694 1682 -1 
              1696 1695 1681 -1 
              1697 1696 1680 -1 
              1698 1697 1679 -1 
              1699 1698 1678 -1 
              1700 1699 1677 -1 
              1701 1700 1676 -1 
              1702 1701 1675 -1 
              1703 1702 1674 -1 
              1704 1703 1673 -1 
              1705 1704 1672 -1 
              1706 1705 1671 -1 
              1707 1706 1670 -1 
              1710 1709 1708 -1 
              1711 1710 1708 -1 
              1712 1711 1708 -1 
              1713 1712 1708 -1 
              1714 1713 1708 -1 
              1715 1714 1708 -1 
              1716 1715 1708 -1 
              1717 1716 1708 -1 
              1718 1717 1708 -1 
              1719 1718 1708 -1 
              1720 1719 1708 -1 
              1721 1720 1708 -1 
              1722 1721 1708 -1 
              1723 1722 1708 -1 
              1724 1723 1708 -1 
              1725 1724 1708 -1 
              1726 1725 1708 -1 
              1727 1726 1708 -1 
              1728 1727 1708 -1 
              1729 1728 1708 -1 
              1730 1729 1708 -1 
              1731 1730 1708 -1 
              1732 1731 1708 -1 
              1733 1732 1708 -1 
              1734 1733 1708 -1 
              1735 1734 1708 -1 
              1736 1735 1708 -1 
              1737 1736 1708 -1 
              1738 1737 1708 -1 
              1739 1738 1708 -1 
              1740 1739 1708 -1 
              1741 1740 1708 -1 
              1742 1741 1708 -1 
              1743 1742 1708 -1 
              1746 1745 1744 -1 
              1747 1746 1744 -1 
              1748 1747 1744 -1 
              1749 1748 1744 -1 
              1750 1749 1744 -1 
              1751 1750 1744 -1 
              1752 1751 1744 -1 
              1753 1752 1744 -1 
              1754 1753 1744 -1 
              1755 1754 1744 -1 
              1756 1755 1744 -1 
              1757 1756 1744 -1 
              1758 1757 1744 -1 
              1759 1758 1744 -1 
              1760 1759 1744 -1 
              1761 1760 1744 -1 
              1762 1761 1744 -1 
              1763 1762 1744 -1 
              1764 1763 1744 -1 
              1765 1764 1744 -1 
              1766 1765 1744 -1 
              1767 1766 1744 -1 
              1768 1767 1744 -1 
              1769 1768 1744 -1 
              1770 1769 1744 -1 
              1771 1770 1744 -1 
              1772 1771 1744 -1 
              1773 1772 1744 -1 
              1774 1773 1744 -1 
              1775 1774 1744 -1 
              1776 1775 1744 -1 
              1777 1776 1744 -1 
              1778 1777 1744 -1 
              1779 1778 1744 -1 
              1782 1781 1783 -1 
              1783 1781 1780 -1 
              1786 1784 1785 -1 
              1787 1784 1786 -1 
              1790 1788 1789 -1 
              1805 1788 1790 -1 
              1799 1795 1796 -1 
              1798 1796 1797 -1 
              1800 1794 1795 -1 
              1799 1796 1798 -1 
              1801 1793 1794 -1 
              1800 1795 1799 -1 
              1802 1792 1793 -1 
              1801 1794 1800 -1 
              1803 1791 1792 -1 
              1802 1793 1801 -1 
              1804 1790 1791 -1 
              1803 1792 1802 -1 
              1804 1791 1803 -1 
              1805 1790 1804 -1 
              1808 1807 1806 -1 
              1823 1808 1806 -1 
              1822 1809 1808 -1 
              1821 1810 1809 -1 
              1820 1811 1810 -1 
              1819 1812 1811 -1 
              1818 1813 1812 -1 
              1817 1814 1813 -1 
              1816 1815 1814 -1 
              1817 1816 1814 -1 
              1818 1817 1813 -1 
              1819 1818 1812 -1 
              1820 1819 1811 -1 
              1821 1820 1810 -1 
              1822 1821 1809 -1 
              1823 1822 1808 -1 
              1826 1824 1825 -1 
              1827 1824 1826 -1 
              1830 1828 1829 -1 
              1847 1828 1830 -1 
              1840 1836 1837 -1 
              1839 1837 1838 -1 
              1841 1835 1836 -1 
              1840 1837 1839 -1 
              1842 1834 1835 -1 
              1841 1836 1840 -1 
              1843 1833 1834 -1 
              1842 1835 1841 -1 
              1844 1832 1833 -1 
              1843 1834 1842 -1 
              1845 1831 1832 -1 
              1844 1833 1843 -1 
              1846 1830 1831 -1 
              1845 1832 1844 -1 
              1846 1831 1845 -1 
              1847 1830 1846 -1 
              1850 1848 1849 -1 
              1851 1848 1850 -1 
              1854 1852 1853 -1 
              1873 1852 1854 -1 
              1872 1854 1855 -1 
              1871 1855 1856 -1 
              1866 1860 1861 -1 
              1865 1861 1862 -1 
              1864 1862 1863 -1 
              1867 1859 1860 -1 
              1865 1862 1864 -1 
              1868 1858 1859 -1 
              1866 1861 1865 -1 
              1869 1857 1858 -1 
              1867 1860 1866 -1 
              1870 1856 1857 -1 
              1868 1859 1867 -1 
              1869 1858 1868 -1 
              1870 1857 1869 -1 
              1871 1856 1870 -1 
              1872 1855 1871 -1 
              1873 1854 1872 -1 
              1876 1874 1875 -1 
              1877 1874 1876 -1 
              1880 1878 1879 -1 
              1897 1878 1880 -1 
              1896 1880 1881 -1 
              1895 1881 1882 -1 
              1892 1884 1885 -1 
              1891 1885 1886 -1 
              1890 1886 1887 -1 
              1889 1887 1888 -1 
              1893 1883 1884 -1 
              1890 1887 1889 -1 
              1894 1882 1883 -1 
              1891 1886 1890 -1 
              1892 1885 1891 -1 
              1893 1884 1892 -1 
              1894 1883 1893 -1 
              1895 1882 1894 -1 
              1896 1881 1895 -1 
              1897 1880 1896 -1 
              1900 1898 1899 -1 
              1901 1898 1900 -1 
              1904 1902 1903 -1 
              1923 1902 1904 -1 
              1922 1904 1905 -1 
              1921 1905 1906 -1 
              1920 1906 1907 -1 
              1918 1908 1909 -1 
              1917 1909 1910 -1 
              1916 1910 1911 -1 
              1915 1911 1912 -1 
              1914 1912 1913 -1 
              1919 1907 1908 -1 
              1915 1912 1914 -1 
              1916 1911 1915 -1 
              1917 1910 1916 -1 
              1918 1909 1917 -1 
              1919 1908 1918 -1 
              1920 1907 1919 -1 
              1921 1906 1920 -1 
              1922 1905 1921 -1 
              1923 1904 1922 -1 
              1926 1924 1925 -1 
              1927 1924 1926 -1 
              1930 1929 1928 -1 
              1945 1930 1928 -1 
              1944 1931 1930 -1 
              1943 1932 1931 -1 
              1935 1934 1940 -1 
              1936 1935 1939 -1 
              1938 1936 1939 -1 
              1938 1937 1936 -1 
              1942 1933 1932 -1 
              1941 1934 1933 -1 
              1940 1939 1935 -1 
              1941 1940 1934 -1 
              1942 1941 1933 -1 
              1943 1942 1932 -1 
              1944 1943 1931 -1 
              1945 1944 1930 -1 
              1948 1946 1947 -1 
              1963 1948 1962 -1 
              1961 1950 1960 -1 
              1959 1952 1958 -1 
              1957 1954 1956 -1 
              1959 1951 1952 -1 
              1958 1952 1953 -1 
              1957 1953 1954 -1 
              1956 1954 1955 -1 
              1958 1953 1957 -1 
              1960 1950 1951 -1 
              1960 1951 1959 -1 
              1961 1949 1950 -1 
              1962 1949 1961 -1 
              1962 1948 1949 -1 
              1963 1946 1948 -1 
              1966 1964 1965 -1 
              1967 1964 1966 -1 
              1970 1969 1968 -1 
              1972 1970 1968 -1 
              1972 1971 1970 -1 
              1976 1975 1974 -1 
              1977 1974 1973 -1 
              1977 1976 1974 -1 
              1980 1979 1978 -1 
              1981 1980 1978 -1 
              1985 1983 1982 -1 
              1985 1984 1983 -1 
              1988 1987 1986 -1 
              1989 1988 1986 -1 
              1992 1990 1993 -1 
              1992 1991 1990 -1 
              1996 1995 1994 -1 
              1997 1996 1994 -1 
              2000 1999 1998 -1 
              2001 2000 1998 -1 
              2005 2002 2008 -1 
              2007 2003 2004 -1 
              2007 2004 2006 -1 
              2007 2002 2003 -1 
              2007 2008 2002 -1 
              2009 2005 2008 -1 
              2009 2004 2005 -1 
              2009 2006 2004 -1 
              2011 2010 2027 -1 
              2012 2011 2026 -1 
              2013 2012 2026 -1 
              2014 2013 2025 -1 
              2015 2014 2023 -1 
              2016 2015 2021 -1 
              2017 2016 2020 -1 
              2018 2017 2019 -1 
              2020 2019 2017 -1 
              2021 2020 2016 -1 
              2022 2021 2015 -1 
              2023 2022 2015 -1 
              2024 2023 2014 -1 
              2025 2024 2014 -1 
              2026 2025 2013 -1 
              2027 2026 2011 -1 
              2049 2045 2048 -1 
              2030 2028 2029 -1 
              2031 2028 2030 -1 
              2032 2028 2031 -1 
              2033 2028 2032 -1 
              2045 2028 2033 -1 
              2044 2033 2034 -1 
              2036 2034 2035 -1 
              2037 2034 2036 -1 
              2038 2034 2037 -1 
              2039 2034 2038 -1 
              2044 2034 2039 -1 
              2044 2039 2040 -1 
              2044 2040 2041 -1 
              2044 2041 2042 -1 
              2044 2045 2033 -1 
              2044 2042 2043 -1 
              2049 2028 2045 -1 
              2047 2045 2046 -1 
              2048 2045 2047 -1 
              2051 2052 2050 -1 
              2053 2050 2052 -1 
              2054 2050 2053 -1 
              2056 2055 2068 -1 
              2057 2056 2067 -1 
              2058 2057 2066 -1 
              2059 2058 2065 -1 
              2060 2059 2064 -1 
              2061 2060 2062 -1 
              2063 2062 2060 -1 
              2064 2063 2060 -1 
              2065 2064 2059 -1 
              2066 2065 2058 -1 
              2067 2066 2057 -1 
              2068 2067 2056 -1 
              2069 2068 2055 -1 
              2074 2069 2055 -1 
              2072 2071 2073 -1 
              2074 2071 2070 -1 
              2074 2070 2069 -1 
              2074 2073 2071 -1 
              2077 2076 2075 -1 
              2079 2077 2075 -1 
              2079 2078 2077 -1 
              2083 2086 2087 -1 
              2082 2085 2081 -1 
              2085 2082 2084 -1 
              2086 2083 2080 -1 
              2085 2080 2081 -1 
              2085 2086 2080 -1 
              2087 2082 2083 -1 
              2087 2084 2082 -1 
              2089 2088 2105 -1 
              2090 2089 2104 -1 
              2091 2090 2104 -1 
              2092 2091 2103 -1 
              2093 2092 2101 -1 
              2094 2093 2099 -1 
              2095 2094 2098 -1 
              2096 2095 2097 -1 
              2098 2097 2095 -1 
              2099 2098 2094 -1 
              2100 2099 2093 -1 
              2101 2100 2093 -1 
              2102 2101 2092 -1 
              2103 2102 2092 -1 
              2104 2103 2091 -1 
              2105 2104 2089 -1 
              2126 2123 2125 -1 
              2108 2106 2107 -1 
              2109 2106 2108 -1 
              2110 2106 2109 -1 
              2111 2106 2110 -1 
              2123 2106 2111 -1 
              2122 2111 2112 -1 
              2114 2112 2113 -1 
              2115 2112 2114 -1 
              2116 2112 2115 -1 
              2117 2112 2116 -1 
              2122 2112 2117 -1 
              2122 2117 2118 -1 
              2122 2118 2119 -1 
              2122 2119 2120 -1 
              2122 2123 2111 -1 
              2122 2120 2121 -1 
              2127 2106 2123 -1 
              2125 2123 2124 -1 
              2127 2123 2126 -1 
              2131 2129 2128 -1 
              2131 2130 2129 -1 
              2132 2131 2128 -1 
              2134 2133 2146 -1 
              2135 2134 2145 -1 
              2136 2135 2144 -1 
              2137 2136 2142 -1 
              2138 2137 2141 -1 
              2139 2138 2140 -1 
              2141 2140 2138 -1 
              2142 2141 2137 -1 
              2143 2142 2136 -1 
              2144 2143 2136 -1 
              2145 2144 2135 -1 
              2146 2145 2134 -1 
              2147 2146 2133 -1 
              2152 2147 2133 -1 
              2150 2149 2151 -1 
              2152 2149 2148 -1 
              2152 2148 2147 -1 
              2152 2151 2149 -1 
              2154 2157 2153 -1 
              2156 2154 2155 -1 
              2157 2154 2156 -1 
              2180 2177 2158 -1 
              2179 2158 2159 -1 
              2216 2163 2215 -1 
              2217 2178 2161 -1 
              2217 2161 2162 -1 
              2211 2166 2167 -1 
              2207 2208 2171 -1 
              2179 2159 2178 -1 
              2178 2159 2160 -1 
              2178 2160 2161 -1 
              2181 2176 2177 -1 
              2182 2175 2176 -1 
              2180 2158 2179 -1 
              2181 2177 2180 -1 
              2184 2174 2175 -1 
              2182 2176 2181 -1 
              2185 2173 2174 -1 
              2183 2175 2182 -1 
              2185 2172 2173 -1 
              2184 2175 2183 -1 
              2207 2171 2172 -1 
              2185 2174 2184 -1 
              2205 2188 2204 -1 
              2207 2172 2185 -1 
              2202 2190 2191 -1 
              2198 2193 2194 -1 
              2197 2194 2195 -1 
              2199 2192 2193 -1 
              2197 2195 2196 -1 
              2200 2191 2192 -1 
              2198 2194 2197 -1 
              2199 2193 2198 -1 
              2200 2192 2199 -1 
              2203 2189 2190 -1 
              2201 2191 2200 -1 
              2204 2188 2189 -1 
              2202 2191 2201 -1 
              2205 2187 2188 -1 
              2203 2190 2202 -1 
              2206 2186 2187 -1 
              2204 2189 2203 -1 
              2206 2185 2186 -1 
              2208 2170 2171 -1 
              2206 2187 2205 -1 
              2208 2169 2170 -1 
              2207 2185 2206 -1 
              2209 2168 2169 -1 
              2210 2167 2168 -1 
              2209 2169 2208 -1 
              2212 2165 2166 -1 
              2210 2168 2209 -1 
              2214 2164 2165 -1 
              2211 2167 2210 -1 
              2212 2213 2165 -1 
              2212 2166 2211 -1 
              2216 2162 2163 -1 
              2215 2163 2164 -1 
              2214 2165 2213 -1 
              2215 2164 2214 -1 
              2217 2162 2216 -1 
              2223 2224 2218 -1 
              2223 2219 2220 -1 
              2223 2221 2222 -1 
              2223 2218 2219 -1 
              2223 2220 2221 -1 
              2225 2218 2224 -1 
              2245 2218 2225 -1 
              2240 2233 2239 -1 
              2241 2230 2231 -1 
              2239 2233 2234 -1 
              2238 2234 2235 -1 
              2237 2235 2236 -1 
              2240 2232 2233 -1 
              2238 2235 2237 -1 
              2241 2231 2232 -1 
              2239 2234 2238 -1 
              2242 2229 2230 -1 
              2243 2228 2229 -1 
              2241 2232 2240 -1 
              2244 2227 2228 -1 
              2242 2230 2241 -1 
              2244 2226 2227 -1 
              2243 2229 2242 -1 
              2244 2228 2243 -1 
              2245 2225 2226 -1 
              2245 2226 2244 -1 
              2248 2247 2246 -1 
              2249 2248 2246 -1 
              2250 2249 2246 -1 
              2251 2250 2246 -1 
              2252 2251 2246 -1 
              2253 2252 2246 -1 
              2254 2253 2246 -1 
              2255 2254 2246 -1 
              2256 2255 2246 -1 
              2257 2256 2246 -1 
              2258 2257 2246 -1 
              2259 2258 2246 -1 
              2260 2259 2246 -1 
              2261 2260 2246 -1 
              2262 2261 2246 -1 
              2263 2262 2246 -1 
              2264 2263 2246 -1 
              2265 2264 2246 -1 
              2266 2265 2246 -1 
              2267 2266 2246 -1 
              2268 2267 2246 -1 
              2269 2268 2246 -1 
              2270 2269 2246 -1 
              2271 2270 2246 -1 
              2272 2271 2246 -1 
              2273 2272 2246 -1 
              2274 2273 2246 -1 
              2275 2274 2246 -1 
              2276 2275 2246 -1 
              2277 2276 2246 -1 
              2278 2277 2246 -1 
              2279 2278 2246 -1 
              2280 2279 2246 -1 
              2281 2280 2246 -1 
              2335 2317 2282 -1 
              2334 2282 2283 -1 
              2334 2283 2284 -1 
              2382 2292 2293 -1 
              2334 2284 2285 -1 
              2334 2285 2286 -1 
              2323 2286 2287 -1 
              2289 2321 2288 -1 
              2383 2320 2289 -1 
              2383 2289 2290 -1 
              2383 2290 2291 -1 
              2382 2291 2292 -1 
              2294 2373 2293 -1 
              2295 2373 2294 -1 
              2296 2373 2295 -1 
              2297 2373 2296 -1 
              2298 2373 2297 -1 
              2299 2373 2298 -1 
              2373 2299 2300 -1 
              2372 2300 2301 -1 
              2372 2301 2302 -1 
              2372 2302 2303 -1 
              2306 2372 2305 -1 
              2362 2308 2309 -1 
              2361 2309 2310 -1 
              2361 2310 2311 -1 
              2348 2311 2312 -1 
              2347 2312 2313 -1 
              2317 2335 2316 -1 
              2322 2287 2288 -1 
              2319 2383 2318 -1 
              2320 2383 2319 -1 
              2321 2289 2320 -1 
              2335 2315 2316 -1 
              2322 2288 2321 -1 
              2323 2287 2322 -1 
              2324 2286 2323 -1 
              2334 2286 2324 -1 
              2334 2324 2325 -1 
              2334 2325 2326 -1 
              2328 2326 2327 -1 
              2393 2318 2383 -1 
              2329 2326 2328 -1 
              2335 2314 2315 -1 
              2330 2326 2329 -1 
              2331 2326 2330 -1 
              2332 2326 2331 -1 
              2333 2326 2332 -1 
              2334 2335 2282 -1 
              2334 2326 2333 -1 
              2346 2313 2314 -1 
              2345 2314 2335 -1 
              2337 2335 2336 -1 
              2338 2335 2337 -1 
              2339 2335 2338 -1 
              2340 2335 2339 -1 
              2341 2335 2340 -1 
              2342 2335 2341 -1 
              2343 2335 2342 -1 
              2362 2307 2308 -1 
              2344 2335 2343 -1 
              2345 2335 2344 -1 
              2372 2306 2307 -1 
              2346 2314 2345 -1 
              2347 2313 2346 -1 
              2348 2312 2347 -1 
              2349 2311 2348 -1 
              2361 2311 2349 -1 
              2361 2349 2350 -1 
              2361 2350 2351 -1 
              2361 2351 2352 -1 
              2354 2352 2353 -1 
              2355 2352 2354 -1 
              2356 2352 2355 -1 
              2357 2352 2356 -1 
              2358 2352 2357 -1 
              2359 2352 2358 -1 
              2360 2352 2359 -1 
              2361 2362 2309 -1 
              2361 2352 2360 -1 
              2372 2303 2304 -1 
              2372 2304 2305 -1 
              2372 2307 2362 -1 
              2364 2362 2363 -1 
              2365 2362 2364 -1 
              2366 2362 2365 -1 
              2367 2362 2366 -1 
              2368 2362 2367 -1 
              2369 2362 2368 -1 
              2370 2362 2369 -1 
              2371 2362 2370 -1 
              2372 2373 2300 -1 
              2372 2362 2371 -1 
              2382 2293 2373 -1 
              2375 2373 2374 -1 
              2376 2373 2375 -1 
              2377 2373 2376 -1 
              2378 2373 2377 -1 
              2379 2373 2378 -1 
              2380 2373 2379 -1 
              2381 2373 2380 -1 
              2382 2383 2291 -1 
              2382 2373 2381 -1 
              2385 2383 2384 -1 
              2386 2383 2385 -1 
              2387 2383 2386 -1 
              2388 2383 2387 -1 
              2389 2383 2388 -1 
              2390 2383 2389 -1 
              2391 2383 2390 -1 
              2392 2383 2391 -1 
              2393 2383 2392 -1 
              2395 2479 2394 -1 
              2396 2478 2395 -1 
              2397 2478 2396 -1 
              2398 2478 2397 -1 
              2399 2478 2398 -1 
              2400 2478 2399 -1 
              2401 2478 2400 -1 
              2402 2478 2401 -1 
              2403 2478 2402 -1 
              2404 2478 2403 -1 
              2477 2404 2405 -1 
              2477 2405 2406 -1 
              2477 2406 2407 -1 
              2477 2407 2408 -1 
              2477 2408 2409 -1 
              2487 2485 2486 -1 
              2453 2416 2417 -1 
              2453 2417 2418 -1 
              2453 2418 2419 -1 
              2451 2419 2420 -1 
              2451 2420 2421 -1 
              2451 2421 2422 -1 
              2450 2422 2423 -1 
              2450 2423 2424 -1 
              2426 2450 2425 -1 
              2427 2450 2426 -1 
              2449 2427 2428 -1 
              2449 2428 2429 -1 
              2449 2429 2430 -1 
              2433 2449 2432 -1 
              2449 2434 2435 -1 
              2449 2436 2448 -1 
              2449 2435 2436 -1 
              2448 2436 2437 -1 
              2448 2438 2439 -1 
              2442 2439 2440 -1 
              2442 2440 2441 -1 
              2443 2439 2442 -1 
              2449 2433 2434 -1 
              2448 2439 2443 -1 
              2445 2448 2444 -1 
              2446 2448 2445 -1 
              2447 2448 2446 -1 
              2448 2437 2438 -1 
              2448 2443 2444 -1 
              2449 2430 2431 -1 
              2449 2431 2432 -1 
              2450 2424 2425 -1 
              2449 2450 2427 -1 
              2451 2422 2450 -1 
              2453 2419 2451 -1 
              2453 2451 2452 -1 
              2454 2416 2453 -1 
              2460 2415 2416 -1 
              2455 2416 2454 -1 
              2456 2416 2455 -1 
              2457 2416 2456 -1 
              2458 2416 2457 -1 
              2459 2416 2458 -1 
              2460 2416 2459 -1 
              2468 2415 2467 -1 
              2466 2460 2461 -1 
              2465 2461 2462 -1 
              2464 2462 2463 -1 
              2474 2413 2414 -1 
              2465 2462 2464 -1 
              2467 2415 2460 -1 
              2466 2461 2465 -1 
              2474 2414 2415 -1 
              2467 2460 2466 -1 
              2474 2412 2413 -1 
              2469 2415 2468 -1 
              2476 2411 2412 -1 
              2470 2415 2469 -1 
              2476 2410 2411 -1 
              2471 2415 2470 -1 
              2472 2415 2471 -1 
              2477 2409 2476 -1 
              2473 2415 2472 -1 
              2474 2415 2473 -1 
              2476 2412 2474 -1 
              2476 2409 2410 -1 
              2476 2474 2475 -1 
              2477 2478 2404 -1 
              2479 2395 2478 -1 
              2481 2479 2480 -1 
              2482 2479 2481 -1 
              2483 2479 2482 -1 
              2489 2394 2479 -1 
              2484 2479 2483 -1 
              2488 2479 2484 -1 
              2488 2484 2485 -1 
              2488 2485 2487 -1 
              2489 2479 2488 -1 
              2493 2491 2490 -1 
              2493 2492 2491 -1 
              2497 2494 2495 -1 
              2497 2495 2496 -1 
              2498 2494 2497 -1 
              2512 2500 2501 -1 
              2512 2501 2502 -1 
              2512 2502 2503 -1 
              2512 2503 2504 -1 
              2512 2504 2505 -1 
              2512 2506 2507 -1 
              2512 2507 2508 -1 
              2516 2513 2514 -1 
              2512 2508 2509 -1 
              2511 2509 2510 -1 
              2512 2505 2506 -1 
              2512 2509 2511 -1 
              2512 2499 2500 -1 
              2512 2513 2499 -1 
              2516 2514 2515 -1 
              2517 2513 2516 -1 
              2518 2513 2517 -1 
              2519 2513 2518 -1 
              2520 2513 2519 -1 
              2521 2513 2520 -1 
              2522 2513 2521 -1 
              2523 2524 2513 -1 
              2523 2513 2522 -1 
              2527 2494 2498 -1 
              2526 2498 2499 -1 
              2525 2513 2524 -1 
              2526 2499 2513 -1 
              2526 2513 2525 -1 
              2527 2498 2526 -1 
              2530 2529 2531 -1 
              2531 2529 2528 -1 
              2534 2532 2533 -1 
              2535 2532 2534 -1 
              2538 2536 2537 -1 
              2539 2536 2538 -1 
              2542 2543 2540 -1 
              2542 2540 2541 -1 
              2547 2545 2544 -1 
              2547 2546 2545 -1 
              2551 2548 2549 -1 
              2551 2549 2550 -1 
              2552 2548 2551 -1 
              2566 2554 2555 -1 
              2566 2555 2556 -1 
              2566 2556 2557 -1 
              2566 2557 2558 -1 
              2566 2558 2559 -1 
              2566 2560 2561 -1 
              2566 2561 2562 -1 
              2570 2567 2568 -1 
              2566 2562 2563 -1 
              2565 2563 2564 -1 
              2566 2559 2560 -1 
              2566 2563 2565 -1 
              2566 2553 2554 -1 
              2566 2567 2553 -1 
              2570 2568 2569 -1 
              2571 2567 2570 -1 
              2572 2567 2571 -1 
              2573 2567 2572 -1 
              2574 2567 2573 -1 
              2575 2567 2574 -1 
              2576 2567 2575 -1 
              2577 2578 2567 -1 
              2577 2567 2576 -1 
              2581 2548 2552 -1 
              2580 2552 2553 -1 
              2579 2567 2578 -1 
              2580 2553 2567 -1 
              2580 2567 2579 -1 
              2581 2552 2580 -1 
              2585 2583 2582 -1 
              2585 2584 2583 -1 
              2588 2586 2587 -1 
              2589 2586 2588 -1 
              2591 2592 2590 -1 
              2593 2590 2592 -1 
              2596 2597 2594 -1 
              2596 2594 2595 -1 
              2600 2598 2599 -1 
              2601 2598 2600 -1 
              2604 2602 2603 -1 
              2605 2602 2604 -1 
              2608 2606 2607 -1 
              2609 2606 2608 -1 
              2612 2610 2611 -1 
              2613 2610 2612 -1 
              2616 2614 2615 -1 
              2617 2614 2616 -1 
              2620 2618 2619 -1 
              2621 2618 2620 -1 
              2624 2622 2623 -1 
              2625 2622 2624 -1 
              2628 2626 2627 -1 
              2629 2626 2628 -1 
              2632 2630 2631 -1 
              2633 2630 2632 -1 
              2636 2634 2635 -1 
              2637 2634 2636 -1 
              2640 2638 2639 -1 
              2641 2638 2640 -1 
              2644 2642 2643 -1 
              2645 2642 2644 -1 
              2648 2646 2647 -1 
              2649 2646 2648 -1 
              2652 2650 2651 -1 
              2653 2650 2652 -1 
              2656 2654 2655 -1 
              2657 2654 2656 -1 
              2660 2658 2659 -1 
              2661 2658 2660 -1 
              2664 2662 2663 -1 
              2665 2662 2664 -1 
              2668 2666 2667 -1 
              2669 2666 2668 -1 
              2672 2670 2671 -1 
              2673 2670 2672 -1 
              2676 2674 2675 -1 
              2677 2674 2676 -1 
              2680 2679 2678 -1 
              2695 2680 2678 -1 
              2694 2681 2680 -1 
              2693 2682 2681 -1 
              2692 2683 2682 -1 
              2691 2684 2683 -1 
              2690 2685 2684 -1 
              2689 2686 2685 -1 
              2688 2687 2686 -1 
              2689 2688 2686 -1 
              2690 2689 2685 -1 
              2691 2690 2684 -1 
              2692 2691 2683 -1 
              2693 2692 2682 -1 
              2694 2693 2681 -1 
              2695 2694 2680 -1 
              2698 2697 2696 -1 
              2699 2698 2696 -1 
              2701 2700 2704 -1 
              2702 2701 2703 -1 
              2704 2703 2701 -1 
              2705 2704 2700 -1 
              2708 2707 2706 -1 
              2709 2708 2706 -1 
              2712 2711 2710 -1 
              2727 2712 2710 -1 
              2726 2713 2712 -1 
              2725 2714 2713 -1 
              2717 2716 2722 -1 
              2718 2717 2721 -1 
              2719 2718 2720 -1 
              2724 2715 2714 -1 
              2723 2716 2715 -1 
              2721 2720 2718 -1 
              2722 2721 2717 -1 
              2723 2722 2716 -1 
              2724 2723 2715 -1 
              2725 2724 2714 -1 
              2726 2725 2713 -1 
              2727 2726 2712 -1 
              2730 2729 2728 -1 
              2731 2730 2728 -1 
              2734 2733 2732 -1 
              2749 2734 2732 -1 
              2748 2735 2734 -1 
              2747 2736 2735 -1 
              2746 2737 2736 -1 
              2745 2738 2737 -1 
              2744 2739 2738 -1 
              2743 2740 2739 -1 
              2742 2741 2740 -1 
              2743 2742 2740 -1 
              2744 2743 2739 -1 
              2745 2744 2738 -1 
              2746 2745 2737 -1 
              2747 2746 2736 -1 
              2748 2747 2735 -1 
              2749 2748 2734 -1 
              2752 2751 2750 -1 
              2753 2752 2750 -1 
              2756 2755 2754 -1 
              2761 2756 2754 -1 
              2760 2757 2756 -1 
              2759 2758 2757 -1 
              2760 2759 2757 -1 
              2761 2760 2756 -1 
              2764 2763 2762 -1 
              2765 2764 2762 -1 
              2768 2767 2766 -1 
              2783 2768 2766 -1 
              2782 2769 2768 -1 
              2781 2770 2769 -1 
              2780 2771 2770 -1 
              2779 2772 2771 -1 
              2778 2773 2772 -1 
              2777 2774 2773 -1 
              2776 2775 2774 -1 
              2777 2776 2774 -1 
              2778 2777 2773 -1 
              2779 2778 2772 -1 
              2780 2779 2771 -1 
              2781 2780 2770 -1 
              2782 2781 2769 -1 
              2783 2782 2768 -1 
              2786 2785 2784 -1 
              2787 2786 2784 -1 
              2826 2788 2789 -1 
              2826 2789 2790 -1 
              2825 2790 2791 -1 
              2824 2791 2792 -1 
              2823 2792 2793 -1 
              2822 2793 2794 -1 
              2821 2794 2795 -1 
              2820 2795 2796 -1 
              2816 2799 2800 -1 
              2815 2800 2801 -1 
              2814 2801 2802 -1 
              2813 2802 2803 -1 
              2812 2803 2804 -1 
              2811 2804 2805 -1 
              2810 2805 2806 -1 
              2809 2806 2807 -1 
              2817 2798 2799 -1 
              2809 2807 2808 -1 
              2818 2797 2798 -1 
              2810 2806 2809 -1 
              2819 2796 2797 -1 
              2811 2805 2810 -1 
              2812 2804 2811 -1 
              2813 2803 2812 -1 
              2814 2802 2813 -1 
              2815 2801 2814 -1 
              2816 2800 2815 -1 
              2817 2799 2816 -1 
              2818 2798 2817 -1 
              2819 2797 2818 -1 
              2820 2796 2819 -1 
              2821 2795 2820 -1 
              2822 2794 2821 -1 
              2823 2793 2822 -1 
              2824 2792 2823 -1 
              2825 2791 2824 -1 
              2826 2790 2825 -1 
              2829 2827 2828 -1 
              2830 2827 2829 -1 
              2833 2831 2832 -1 
              2850 2831 2833 -1 
              2849 2833 2834 -1 
              2848 2834 2835 -1 
              2842 2843 2840 -1 
              2845 2837 2838 -1 
              2841 2842 2840 -1 
              2844 2838 2839 -1 
              2843 2839 2840 -1 
              2847 2835 2836 -1 
              2846 2836 2837 -1 
              2844 2839 2843 -1 
              2845 2838 2844 -1 
              2846 2837 2845 -1 
              2847 2836 2846 -1 
              2848 2835 2847 -1 
              2849 2834 2848 -1 
              2850 2833 2849 -1 
              2853 2851 2852 -1 
              2854 2851 2853 -1 
              2857 2855 2856 -1 
              2858 2855 2857 -1 
              2861 2859 2860 -1 
              2878 2859 2861 -1 
              2877 2861 2862 -1 
              2876 2862 2863 -1 
              2875 2863 2864 -1 
              2874 2864 2865 -1 
              2873 2865 2866 -1 
              2872 2866 2867 -1 
              2871 2867 2868 -1 
              2870 2868 2869 -1 
              2871 2868 2870 -1 
              2872 2867 2871 -1 
              2873 2866 2872 -1 
              2874 2865 2873 -1 
              2875 2864 2874 -1 
              2876 2863 2875 -1 
              2877 2862 2876 -1 
              2878 2861 2877 -1 
              2881 2879 2880 -1 
              2882 2879 2881 -1 
              2885 2883 2884 -1 
              2894 2883 2885 -1 
              2893 2885 2886 -1 
              2892 2886 2887 -1 
              2891 2887 2888 -1 
              2890 2888 2889 -1 
              2891 2888 2890 -1 
              2892 2887 2891 -1 
              2893 2886 2892 -1 
              2894 2885 2893 -1 
              2897 2895 2896 -1 
              2898 2895 2897 -1 
              2901 2899 2900 -1 
              2910 2899 2901 -1 
              2909 2901 2902 -1 
              2908 2902 2903 -1 
              2907 2903 2904 -1 
              2906 2904 2905 -1 
              2907 2904 2906 -1 
              2908 2903 2907 -1 
              2909 2902 2908 -1 
              2910 2901 2909 -1 
              2913 2911 2912 -1 
              2914 2911 2913 -1 
              2917 2915 2916 -1 
              2926 2915 2917 -1 
              2925 2917 2918 -1 
              2924 2918 2919 -1 
              2923 2919 2920 -1 
              2922 2920 2921 -1 
              2923 2920 2922 -1 
              2924 2919 2923 -1 
              2925 2918 2924 -1 
              2926 2917 2925 -1 
              2929 2927 2928 -1 
              2930 2927 2929 -1 
              2933 2931 2932 -1 
              2942 2933 2941 -1 
              2940 2935 2939 -1 
              2939 2936 2938 -1 
              2939 2935 2936 -1 
              2938 2936 2937 -1 
              2940 2934 2935 -1 
              2941 2934 2940 -1 
              2941 2933 2934 -1 
              2942 2931 2933 -1 
              2960 2949 2948 -1 
              2959 2950 2949 -1 
              2958 2951 2950 -1 
              2957 2952 2951 -1 
              2956 2953 2952 -1 
              2955 2954 2953 -1 
              2961 2948 2947 -1 
              2956 2955 2953 -1 
              2962 2947 2946 -1 
              2957 2956 2952 -1 
              2963 2946 2945 -1 
              2958 2957 2951 -1 
              2964 2945 2944 -1 
              2959 2958 2950 -1 
              2965 2944 2943 -1 
              2960 2959 2949 -1 
              2961 2960 2948 -1 
              2962 2961 2947 -1 
              2963 2962 2946 -1 
              2964 2963 2945 -1 
              2965 2964 2944 -1 
              2966 2965 2943 -1 
              2969 2968 2967 -1 
              2970 2969 2967 -1 
              2972 2979 2971 -1 
              2973 2978 2972 -1 
              2974 2977 2973 -1 
              2975 2976 2974 -1 
              2977 2974 2976 -1 
              2978 2973 2977 -1 
              2979 2972 2978 -1 
              2980 2971 2979 -1 
              2983 2982 2981 -1 
              2984 2983 2981 -1 
              3001 2992 2991 -1 
              3000 2993 2992 -1 
              2999 2994 2993 -1 
              2998 2995 2994 -1 
              2997 2996 2995 -1 
              3002 2991 2990 -1 
              2998 2997 2995 -1 
              3003 2990 2989 -1 
              2999 2998 2994 -1 
              3004 2989 2988 -1 
              3000 2999 2993 -1 
              3005 2988 2987 -1 
              3001 3000 2992 -1 
              3006 2987 2986 -1 
              3002 3001 2991 -1 
              3007 2986 2985 -1 
              3003 3002 2990 -1 
              3004 3003 2989 -1 
              3005 3004 2988 -1 
              3006 3005 2987 -1 
              3007 3006 2986 -1 
              3008 3007 2985 -1 
              3026 3015 3014 -1 
              3025 3016 3015 -1 
              3024 3017 3016 -1 
              3023 3018 3017 -1 
              3022 3019 3018 -1 
              3021 3020 3019 -1 
              3027 3014 3013 -1 
              3022 3021 3019 -1 
              3028 3013 3012 -1 
              3023 3022 3018 -1 
              3029 3012 3011 -1 
              3024 3023 3017 -1 
              3030 3011 3010 -1 
              3025 3024 3016 -1 
              3031 3010 3009 -1 
              3026 3025 3015 -1 
              3027 3026 3014 -1 
              3028 3027 3013 -1 
              3029 3028 3012 -1 
              3030 3029 3011 -1 
              3031 3030 3010 -1 
              3032 3031 3009 -1 
              3035 3034 3033 -1 
              3036 3035 3033 -1 
              3038 3045 3037 -1 
              3039 3044 3038 -1 
              3040 3043 3039 -1 
              3041 3042 3040 -1 
              3043 3040 3042 -1 
              3044 3039 3043 -1 
              3045 3038 3044 -1 
              3046 3037 3045 -1 
              3049 3048 3047 -1 
              3050 3049 3047 -1 
              3067 3058 3057 -1 
              3066 3059 3058 -1 
              3065 3060 3059 -1 
              3064 3061 3060 -1 
              3063 3062 3061 -1 
              3068 3057 3056 -1 
              3064 3063 3061 -1 
              3069 3056 3055 -1 
              3065 3064 3060 -1 
              3070 3055 3054 -1 
              3066 3065 3059 -1 
              3071 3054 3053 -1 
              3067 3066 3058 -1 
              3072 3053 3052 -1 
              3068 3067 3057 -1 
              3073 3052 3051 -1 
              3069 3068 3056 -1 
              3070 3069 3055 -1 
              3071 3070 3054 -1 
              3072 3071 3053 -1 
              3073 3072 3052 -1 
              3074 3073 3051 -1 
              3085 3075 3076 -1 
              3084 3076 3077 -1 
              3083 3077 3078 -1 
              3082 3078 3079 -1 
              3081 3079 3080 -1 
              3082 3079 3081 -1 
              3083 3078 3082 -1 
              3084 3077 3083 -1 
              3085 3076 3084 -1 
              3086 3075 3085 -1 
              3087 3075 3086 -1 
              3094 3075 3087 -1 
              3093 3087 3088 -1 
              3092 3088 3089 -1 
              3091 3089 3090 -1 
              3092 3089 3091 -1 
              3093 3088 3092 -1 
              3094 3087 3093 -1 
              3151 3100 3101 -1 
              3146 3106 3107 -1 
              3145 3107 3108 -1 
              3183 3114 3182 -1 
              3112 3140 3111 -1 
              3184 3140 3112 -1 
              3184 3112 3113 -1 
              3124 3173 3123 -1 
              3125 3172 3124 -1 
              3165 3131 3132 -1 
              3160 3136 3137 -1 
              3156 3097 3155 -1 
              3139 3158 3138 -1 
              3142 3109 3110 -1 
              3141 3110 3111 -1 
              3143 3108 3109 -1 
              3141 3111 3140 -1 
              3142 3110 3141 -1 
              3143 3109 3142 -1 
              3147 3105 3106 -1 
              3144 3108 3143 -1 
              3148 3104 3105 -1 
              3145 3108 3144 -1 
              3146 3107 3145 -1 
              3148 3103 3104 -1 
              3147 3106 3146 -1 
              3148 3149 3103 -1 
              3148 3105 3147 -1 
              3150 3101 3102 -1 
              3149 3102 3103 -1 
              3152 3099 3100 -1 
              3150 3102 3149 -1 
              3154 3098 3099 -1 
              3151 3101 3150 -1 
              3155 3097 3098 -1 
              3152 3100 3151 -1 
              3156 3096 3097 -1 
              3153 3099 3152 -1 
              3157 3095 3096 -1 
              3154 3099 3153 -1 
              3158 3139 3095 -1 
              3155 3098 3154 -1 
              3157 3158 3095 -1 
              3157 3096 3156 -1 
              3159 3137 3138 -1 
              3161 3135 3136 -1 
              3159 3138 3158 -1 
              3160 3137 3159 -1 
              3162 3134 3135 -1 
              3161 3136 3160 -1 
              3162 3163 3134 -1 
              3162 3135 3161 -1 
              3164 3132 3133 -1 
              3163 3133 3134 -1 
              3166 3130 3131 -1 
              3164 3133 3163 -1 
              3168 3129 3130 -1 
              3165 3132 3164 -1 
              3169 3128 3129 -1 
              3166 3131 3165 -1 
              3167 3130 3166 -1 
              3170 3127 3128 -1 
              3168 3130 3167 -1 
              3171 3126 3127 -1 
              3169 3129 3168 -1 
              3171 3125 3126 -1 
              3170 3128 3169 -1 
              3171 3172 3125 -1 
              3171 3127 3170 -1 
              3174 3122 3123 -1 
              3175 3121 3122 -1 
              3173 3124 3172 -1 
              3177 3120 3121 -1 
              3174 3123 3173 -1 
              3178 3119 3120 -1 
              3175 3122 3174 -1 
              3179 3118 3119 -1 
              3176 3121 3175 -1 
              3180 3117 3118 -1 
              3177 3121 3176 -1 
              3181 3116 3117 -1 
              3178 3120 3177 -1 
              3179 3119 3178 -1 
              3180 3181 3117 -1 
              3180 3118 3179 -1 
              3182 3114 3115 -1 
              3181 3115 3116 -1 
              3183 3113 3114 -1 
              3182 3115 3181 -1 
              3184 3113 3183 -1 
              3188 3261 3189 -1 
              3259 3191 3190 -1 
              3257 3193 3192 -1 
              3267 3266 3235 -1 
              3194 3255 3195 -1 
              3254 3197 3196 -1 
              3253 3198 3197 -1 
              3252 3199 3198 -1 
              3251 3200 3199 -1 
              3204 3203 3205 -1 
              3250 3201 3200 -1 
              3249 3202 3201 -1 
              3254 3196 3195 -1 
              3211 3210 3209 -1 
              3212 3211 3209 -1 
              3248 3187 3186 -1 
              3268 3232 3231 -1 
              3277 3215 3214 -1 
              3276 3216 3215 -1 
              3276 3217 3216 -1 
              3222 3221 3273 -1 
              3223 3272 3224 -1 
              3271 3226 3225 -1 
              3228 3227 3270 -1 
              3229 3269 3230 -1 
              3230 3269 3231 -1 
              3268 3233 3232 -1 
              3267 3234 3233 -1 
              3267 3235 3234 -1 
              3266 3236 3235 -1 
              3266 3237 3236 -1 
              3265 3238 3237 -1 
              3243 3241 3240 -1 
              3243 3242 3241 -1 
              3248 3186 3185 -1 
              3268 3267 3233 -1 
              3271 3227 3226 -1 
              3258 3257 3192 -1 
              3250 3249 3201 -1 
              3256 3194 3193 -1 
              3251 3250 3200 -1 
              3252 3251 3199 -1 
              3253 3252 3198 -1 
              3258 3192 3191 -1 
              3254 3253 3197 -1 
              3255 3254 3195 -1 
              3270 3229 3228 -1 
              3256 3255 3194 -1 
              3260 3190 3189 -1 
              3257 3256 3193 -1 
              3245 3263 3246 -1 
              3259 3258 3191 -1 
              3260 3259 3190 -1 
              3262 3247 3246 -1 
              3261 3260 3189 -1 
              3262 3248 3247 -1 
              3264 3245 3244 -1 
              3262 3246 3263 -1 
              3264 3244 3243 -1 
              3264 3263 3245 -1 
              3266 3265 3237 -1 
              3272 3225 3224 -1 
              3273 3223 3222 -1 
              3274 3221 3220 -1 
              3269 3268 3231 -1 
              3274 3220 3219 -1 
              3270 3269 3229 -1 
              3275 3219 3218 -1 
              3271 3270 3227 -1 
              3275 3218 3217 -1 
              3272 3271 3225 -1 
              3279 3207 3206 -1 
              3273 3272 3223 -1 
              3274 3273 3221 -1 
              3275 3274 3219 -1 
              3279 3208 3207 -1 
              3276 3275 3217 -1 
              3277 3276 3215 -1 
              3278 3209 3208 -1 
              3278 3208 3279 -1 
              3280 3206 3205 -1 
              3279 3206 3280 -1 
              3265 3239 3238 -1 
              3239 3265 3264 -1 
              3240 3239 3264 -1 
              3264 3243 3240 -1 
              3187 3248 3262 -1 
              3262 3261 3188 -1 
              3262 3188 3187 -1 
              3212 3209 3278 -1 
              3213 3277 3214 -1 
              3278 3213 3212 -1 
              3278 3277 3213 -1 
              3280 3202 3249 -1 
              3203 3202 3280 -1 
              3280 3205 3203 -1 
              3264 3265 3263 -1 
              3281 3263 3265 -1 
              3265 3266 3281 -1 
              3282 3281 3266 -1 
              3266 3267 3282 -1 
              3283 3282 3267 -1 
              3267 3268 3283 -1 
              3284 3283 3268 -1 
              3268 3269 3284 -1 
              3285 3284 3269 -1 
              3269 3270 3285 -1 
              3286 3285 3270 -1 
              3270 3271 3286 -1 
              3287 3286 3271 -1 
              3263 3281 3262 -1 
              3261 3262 3281 -1 
              3281 3282 3261 -1 
              3260 3261 3282 -1 
              3282 3283 3260 -1 
              3259 3260 3283 -1 
              3283 3284 3259 -1 
              3258 3259 3284 -1 
              3284 3285 3258 -1 
              3257 3258 3285 -1 
              3285 3286 3257 -1 
              3256 3257 3286 -1 
              3286 3287 3256 -1 
              3255 3256 3287 -1 
              3271 3272 3287 -1 
              3288 3287 3272 -1 
              3272 3273 3288 -1 
              3289 3288 3273 -1 
              3273 3274 3289 -1 
              3290 3289 3274 -1 
              3274 3275 3290 -1 
              3291 3290 3275 -1 
              3275 3276 3291 -1 
              3292 3291 3276 -1 
              3276 3277 3292 -1 
              3293 3292 3277 -1 
              3277 3278 3293 -1 
              3279 3293 3278 -1 
              3287 3288 3255 -1 
              3254 3255 3288 -1 
              3288 3289 3254 -1 
              3253 3254 3289 -1 
              3289 3290 3253 -1 
              3252 3253 3290 -1 
              3290 3291 3252 -1 
              3251 3252 3291 -1 
              3291 3292 3251 -1 
              3250 3251 3292 -1 
              3292 3293 3250 -1 
              3249 3250 3293 -1 
              3293 3279 3249 -1 
              3280 3249 3279 -1 
              3305 3296 3297 -1 
              3299 3297 3298 -1 
              3300 3297 3299 -1 
              3301 3297 3300 -1 
              3302 3297 3301 -1 
              3303 3297 3302 -1 
              3304 3297 3303 -1 
              3305 3297 3304 -1 
              3306 3296 3305 -1 
              3309 3296 3306 -1 
              3308 3306 3307 -1 
              3309 3306 3308 -1 
              3310 3296 3309 -1 
              3320 3294 3295 -1 
              3311 3296 3310 -1 
              3312 3295 3296 -1 
              3312 3296 3311 -1 
              3313 3295 3312 -1 
              3314 3295 3313 -1 
              3315 3295 3314 -1 
              3316 3295 3315 -1 
              3319 3295 3316 -1 
              3318 3316 3317 -1 
              3319 3316 3318 -1 
              3320 3295 3319 -1 
              3321 3294 3320 -1 
              3322 3294 3321 -1 
              3323 3294 3322 -1 
              3324 3294 3323 -1 
              3325 3294 3324 -1 
              3326 3294 3325 -1 
              3327 3294 3326 -1 
              3339 3330 3331 -1 
              3333 3331 3332 -1 
              3334 3331 3333 -1 
              3335 3331 3334 -1 
              3336 3331 3335 -1 
              3337 3331 3336 -1 
              3338 3331 3337 -1 
              3339 3331 3338 -1 
              3340 3330 3339 -1 
              3343 3330 3340 -1 
              3342 3340 3341 -1 
              3343 3340 3342 -1 
              3344 3330 3343 -1 
              3355 3328 3329 -1 
              3345 3330 3344 -1 
              3347 3329 3330 -1 
              3346 3330 3345 -1 
              3347 3330 3346 -1 
              3348 3329 3347 -1 
              3349 3329 3348 -1 
              3350 3329 3349 -1 
              3351 3329 3350 -1 
              3354 3329 3351 -1 
              3353 3351 3352 -1 
              3354 3351 3353 -1 
              3355 3329 3354 -1 
              3356 3328 3355 -1 
              3357 3328 3356 -1 
              3358 3328 3357 -1 
              3359 3328 3358 -1 
              3360 3328 3359 -1 
              3361 3328 3360 -1 
              3362 3328 3361 -1 
              3365 3363 3364 -1 
              3366 3363 3365 -1 
              3369 3367 3368 -1 
              3384 3367 3369 -1 
              3383 3369 3370 -1 
              3382 3370 3371 -1 
              3381 3371 3372 -1 
              3380 3372 3373 -1 
              3379 3373 3374 -1 
              3378 3374 3375 -1 
              3377 3375 3376 -1 
              3378 3375 3377 -1 
              3379 3374 3378 -1 
              3380 3373 3379 -1 
              3381 3372 3380 -1 
              3382 3371 3381 -1 
              3383 3370 3382 -1 
              3384 3369 3383 -1 
              3387 3385 3386 -1 
              3388 3385 3387 -1 
              3391 3389 3390 -1 
              3392 3393 3391 -1 
              3394 3391 3393 -1 
              3394 3389 3391 -1 
              3397 3395 3396 -1 
              3398 3395 3397 -1 
              3401 3399 3400 -1 
              3416 3399 3401 -1 
              3415 3401 3402 -1 
              3414 3402 3403 -1 
              3410 3407 3409 -1 
              3412 3404 3405 -1 
              3411 3405 3406 -1 
              3410 3406 3407 -1 
              3409 3407 3408 -1 
              3413 3403 3404 -1 
              3411 3406 3410 -1 
              3412 3405 3411 -1 
              3413 3404 3412 -1 
              3414 3403 3413 -1 
              3415 3402 3414 -1 
              3416 3401 3415 -1 
              3419 3420 3417 -1 
              3419 3417 3418 -1 
              3423 3421 3422 -1 
              3438 3421 3423 -1 
              3437 3423 3424 -1 
              3436 3424 3425 -1 
              3435 3425 3426 -1 
              3434 3426 3427 -1 
              3433 3427 3428 -1 
              3432 3428 3429 -1 
              3431 3429 3430 -1 
              3432 3429 3431 -1 
              3433 3428 3432 -1 
              3434 3427 3433 -1 
              3435 3426 3434 -1 
              3436 3425 3435 -1 
              3437 3424 3436 -1 
              3438 3423 3437 -1 
              3441 3439 3440 -1 
              3442 3439 3441 -1 
              3445 3443 3444 -1 
              3450 3445 3449 -1 
              3447 3448 3446 -1 
              3449 3446 3448 -1 
              3449 3445 3446 -1 
              3450 3443 3445 -1 
              3453 3451 3452 -1 
              3454 3451 3453 -1 
              3457 3455 3456 -1 
              3472 3457 3471 -1 
              3470 3459 3469 -1 
              3468 3461 3467 -1 
              3466 3463 3465 -1 
              3468 3460 3461 -1 
              3467 3461 3462 -1 
              3466 3462 3463 -1 
              3465 3463 3464 -1 
              3467 3462 3466 -1 
              3469 3459 3460 -1 
              3469 3460 3468 -1 
              3470 3458 3459 -1 
              3471 3458 3470 -1 
              3471 3457 3458 -1 
              3472 3455 3457 -1 
              3475 3474 3473 -1 
              3476 3475 3473 -1 
              3491 3481 3482 -1 
              3490 3482 3483 -1 
              3489 3483 3484 -1 
              3488 3484 3485 -1 
              3487 3485 3486 -1 
              3492 3480 3481 -1 
              3488 3485 3487 -1 
              3493 3479 3480 -1 
              3489 3484 3488 -1 
              3494 3478 3479 -1 
              3490 3483 3489 -1 
              3495 3477 3478 -1 
              3491 3482 3490 -1 
              3492 3481 3491 -1 
              3493 3480 3492 -1 
              3494 3479 3493 -1 
              3495 3478 3494 -1 
              3496 3477 3495 -1 
              3537 3522 3523 -1 
              3552 3499 3551 -1 
              3550 3500 3501 -1 
              3504 3546 3547 -1 
              3546 3504 3505 -1 
              3507 3505 3506 -1 
              3550 3501 3549 -1 
              3546 3505 3507 -1 
              3532 3498 3552 -1 
              3502 3503 3548 -1 
              3551 3499 3500 -1 
              3545 3508 3509 -1 
              3542 3518 3541 -1 
              3517 3515 3516 -1 
              3542 3515 3517 -1 
              3540 3520 3539 -1 
              3523 3536 3537 -1 
              3526 3524 3525 -1 
              3536 3523 3524 -1 
              3530 3534 3529 -1 
              3521 3522 3538 -1 
              3539 3520 3521 -1 
              3531 3533 3530 -1 
              3532 3497 3498 -1 
              3534 3528 3529 -1 
              3535 3527 3528 -1 
              3534 3530 3533 -1 
              3536 3526 3527 -1 
              3535 3528 3534 -1 
              3536 3524 3526 -1 
              3536 3527 3535 -1 
              3540 3519 3520 -1 
              3545 3509 3510 -1 
              3538 3522 3537 -1 
              3541 3518 3519 -1 
              3539 3521 3538 -1 
              3543 3513 3542 -1 
              3541 3519 3540 -1 
              3543 3512 3513 -1 
              3542 3517 3518 -1 
              3542 3513 3514 -1 
              3542 3514 3515 -1 
              3544 3510 3511 -1 
              3544 3511 3512 -1 
              3544 3512 3543 -1 
              3549 3501 3502 -1 
              3547 3503 3504 -1 
              3545 3510 3544 -1 
              3546 3507 3508 -1 
              3546 3508 3545 -1 
              3548 3503 3547 -1 
              3549 3502 3548 -1 
              3552 3498 3499 -1 
              3551 3500 3550 -1 
              3552 3533 3531 -1 
              3552 3531 3532 -1 
              3542 3541 3543 -1 
              3553 3543 3541 -1 
              3543 3553 3544 -1 
              3554 3544 3553 -1 
              3541 3540 3553 -1 
              3555 3553 3540 -1 
              3553 3555 3554 -1 
              3556 3554 3555 -1 
              3540 3539 3555 -1 
              3557 3555 3539 -1 
              3555 3557 3556 -1 
              3558 3556 3557 -1 
              3544 3554 3545 -1 
              3559 3545 3554 -1 
              3545 3559 3546 -1 
              3547 3546 3559 -1 
              3554 3556 3559 -1 
              3560 3559 3556 -1 
              3559 3560 3547 -1 
              3548 3547 3560 -1 
              3556 3558 3560 -1 
              3561 3560 3558 -1 
              3560 3561 3548 -1 
              3549 3548 3561 -1 
              3539 3538 3557 -1 
              3562 3557 3538 -1 
              3557 3562 3558 -1 
              3563 3558 3562 -1 
              3538 3537 3562 -1 
              3564 3562 3537 -1 
              3562 3564 3563 -1 
              3565 3563 3564 -1 
              3537 3536 3564 -1 
              3535 3564 3536 -1 
              3564 3535 3565 -1 
              3534 3565 3535 -1 
              3558 3563 3561 -1 
              3566 3561 3563 -1 
              3561 3566 3549 -1 
              3550 3549 3566 -1 
              3563 3565 3566 -1 
              3567 3566 3565 -1 
              3566 3567 3550 -1 
              3551 3550 3567 -1 
              3565 3534 3567 -1 
              3533 3567 3534 -1 
              3567 3533 3551 -1 
              3552 3551 3533 -1 
              3583 3571 3572 -1 
              3582 3572 3573 -1 
              3581 3573 3574 -1 
              3580 3574 3575 -1 
              3579 3575 3576 -1 
              3578 3576 3577 -1 
              3584 3570 3571 -1 
              3579 3576 3578 -1 
              3585 3569 3570 -1 
              3580 3575 3579 -1 
              3581 3574 3580 -1 
              3586 3568 3569 -1 
              3582 3573 3581 -1 
              3583 3572 3582 -1 
              3584 3571 3583 -1 
              3585 3570 3584 -1 
              3586 3569 3585 -1 
              3587 3568 3586 -1 
              3613 3588 3589 -1 
              3619 3590 3591 -1 
              3617 3592 3593 -1 
              3616 3593 3594 -1 
              3615 3594 3595 -1 
              3598 3596 3597 -1 
              3614 3598 3599 -1 
              3614 3599 3600 -1 
              3602 3600 3601 -1 
              3614 3603 3615 -1 
              3603 3604 3615 -1 
              3604 3616 3615 -1 
              3605 3617 3616 -1 
              3618 3607 3619 -1 
              3611 3609 3610 -1 
              3606 3618 3617 -1 
              3620 3612 3613 -1 
              3620 3611 3612 -1 
              3618 3591 3592 -1 
              3602 3614 3600 -1 
              3614 3602 3603 -1 
              3604 3605 3616 -1 
              3616 3594 3615 -1 
              3605 3606 3617 -1 
              3617 3593 3616 -1 
              3606 3607 3618 -1 
              3614 3615 3595 -1 
              3596 3614 3595 -1 
              3614 3596 3598 -1 
              3618 3592 3617 -1 
              3607 3608 3619 -1 
              3619 3591 3618 -1 
              3620 3619 3608 -1 
              3609 3620 3608 -1 
              3620 3609 3611 -1 
              3589 3620 3613 -1 
              3620 3590 3619 -1 
              3620 3589 3590 -1 
              3623 3621 3622 -1 
              3640 3621 3623 -1 
              3639 3623 3624 -1 
              3638 3624 3625 -1 
              3637 3625 3626 -1 
              3633 3630 3632 -1 
              3635 3627 3628 -1 
              3634 3628 3629 -1 
              3633 3629 3630 -1 
              3632 3630 3631 -1 
              3636 3626 3627 -1 
              3634 3629 3633 -1 
              3635 3628 3634 -1 
              3636 3627 3635 -1 
              3637 3626 3636 -1 
              3638 3625 3637 -1 
              3639 3624 3638 -1 
              3640 3623 3639 -1 
              3676 3641 3642 -1 
              3680 3676 3642 -1 
              3680 3642 3643 -1 
              3679 3643 3644 -1 
              3678 3645 3646 -1 
              3677 3646 3647 -1 
              3650 3648 3649 -1 
              3696 3648 3650 -1 
              3696 3647 3648 -1 
              3678 3644 3645 -1 
              3656 3690 3691 -1 
              3690 3656 3657 -1 
              3659 3657 3658 -1 
              3690 3657 3659 -1 
              3654 3655 3692 -1 
              3689 3660 3661 -1 
              3686 3665 3666 -1 
              3669 3667 3668 -1 
              3686 3666 3667 -1 
              3686 3667 3669 -1 
              3686 3669 3670 -1 
              3681 3675 3680 -1 
              3676 3680 3675 -1 
              3695 3651 3652 -1 
              3694 3652 3653 -1 
              3678 3646 3677 -1 
              3683 3672 3673 -1 
              3679 3644 3678 -1 
              3673 3674 3682 -1 
              3680 3643 3679 -1 
              3681 3674 3675 -1 
              3684 3671 3672 -1 
              3688 3662 3663 -1 
              3682 3674 3681 -1 
              3685 3670 3671 -1 
              3683 3673 3682 -1 
              3684 3672 3683 -1 
              3688 3663 3664 -1 
              3685 3671 3684 -1 
              3687 3665 3686 -1 
              3686 3670 3685 -1 
              3687 3664 3665 -1 
              3689 3661 3662 -1 
              3688 3664 3687 -1 
              3693 3653 3654 -1 
              3691 3655 3656 -1 
              3689 3662 3688 -1 
              3690 3659 3660 -1 
              3690 3660 3689 -1 
              3692 3655 3691 -1 
              3693 3654 3692 -1 
              3694 3653 3693 -1 
              3696 3650 3651 -1 
              3695 3652 3694 -1 
              3696 3651 3695 -1 
              3696 3677 3647 -1 
              3686 3685 3687 -1 
              3697 3687 3685 -1 
              3687 3697 3688 -1 
              3698 3688 3697 -1 
              3685 3684 3697 -1 
              3699 3697 3684 -1 
              3697 3699 3698 -1 
              3700 3698 3699 -1 
              3684 3683 3699 -1 
              3701 3699 3683 -1 
              3699 3701 3700 -1 
              3702 3700 3701 -1 
              3688 3698 3689 -1 
              3703 3689 3698 -1 
              3689 3703 3690 -1 
              3691 3690 3703 -1 
              3698 3700 3703 -1 
              3704 3703 3700 -1 
              3703 3704 3691 -1 
              3692 3691 3704 -1 
              3700 3702 3704 -1 
              3705 3704 3702 -1 
              3704 3705 3692 -1 
              3693 3692 3705 -1 
              3683 3682 3701 -1 
              3706 3701 3682 -1 
              3701 3706 3702 -1 
              3707 3702 3706 -1 
              3682 3681 3706 -1 
              3708 3706 3681 -1 
              3706 3708 3707 -1 
              3709 3707 3708 -1 
              3681 3680 3708 -1 
              3679 3708 3680 -1 
              3708 3679 3709 -1 
              3678 3709 3679 -1 
              3702 3707 3705 -1 
              3710 3705 3707 -1 
              3705 3710 3693 -1 
              3694 3693 3710 -1 
              3707 3709 3710 -1 
              3711 3710 3709 -1 
              3710 3711 3694 -1 
              3695 3694 3711 -1 
              3709 3678 3711 -1 
              3677 3711 3678 -1 
              3711 3677 3695 -1 
              3696 3695 3677 -1 
              3726 3716 3717 -1 
              3725 3717 3718 -1 
              3724 3718 3719 -1 
              3723 3719 3720 -1 
              3722 3720 3721 -1 
              3727 3715 3716 -1 
              3723 3720 3722 -1 
              3728 3714 3715 -1 
              3724 3719 3723 -1 
              3729 3713 3714 -1 
              3725 3718 3724 -1 
              3730 3712 3713 -1 
              3726 3717 3725 -1 
              3727 3716 3726 -1 
              3728 3715 3727 -1 
              3729 3714 3728 -1 
              3730 3713 3729 -1 
              3731 3712 3730 -1 
              3772 3757 3758 -1 
              3787 3734 3786 -1 
              3785 3735 3736 -1 
              3739 3781 3782 -1 
              3781 3739 3740 -1 
              3742 3740 3741 -1 
              3785 3736 3784 -1 
              3781 3740 3742 -1 
              3767 3733 3787 -1 
              3737 3738 3783 -1 
              3786 3734 3735 -1 
              3780 3743 3744 -1 
              3777 3748 3749 -1 
              3777 3749 3750 -1 
              3752 3750 3751 -1 
              3777 3750 3752 -1 
              3777 3752 3753 -1 
              3758 3771 3772 -1 
              3771 3758 3759 -1 
              3761 3759 3760 -1 
              3774 3755 3756 -1 
              3756 3757 3773 -1 
              3765 3769 3764 -1 
              3767 3732 3733 -1 
              3766 3768 3765 -1 
              3769 3763 3764 -1 
              3770 3762 3763 -1 
              3769 3765 3768 -1 
              3771 3761 3762 -1 
              3770 3763 3769 -1 
              3771 3759 3761 -1 
              3771 3762 3770 -1 
              3775 3754 3755 -1 
              3779 3745 3746 -1 
              3773 3757 3772 -1 
              3776 3753 3754 -1 
              3774 3756 3773 -1 
              3775 3755 3774 -1 
              3779 3746 3747 -1 
              3776 3754 3775 -1 
              3778 3748 3777 -1 
              3777 3753 3776 -1 
              3778 3747 3748 -1 
              3780 3744 3745 -1 
              3779 3747 3778 -1 
              3784 3736 3737 -1 
              3782 3738 3739 -1 
              3780 3745 3779 -1 
              3781 3742 3743 -1 
              3781 3743 3780 -1 
              3783 3738 3782 -1 
              3784 3737 3783 -1 
              3787 3733 3734 -1 
              3786 3735 3785 -1 
              3787 3768 3766 -1 
              3787 3766 3767 -1 
              3777 3776 3778 -1 
              3788 3778 3776 -1 
              3778 3788 3779 -1 
              3789 3779 3788 -1 
              3776 3775 3788 -1 
              3790 3788 3775 -1 
              3788 3790 3789 -1 
              3791 3789 3790 -1 
              3775 3774 3790 -1 
              3792 3790 3774 -1 
              3790 3792 3791 -1 
              3793 3791 3792 -1 
              3779 3789 3780 -1 
              3794 3780 3789 -1 
              3780 3794 3781 -1 
              3782 3781 3794 -1 
              3789 3791 3794 -1 
              3795 3794 3791 -1 
              3794 3795 3782 -1 
              3783 3782 3795 -1 
              3791 3793 3795 -1 
              3796 3795 3793 -1 
              3795 3796 3783 -1 
              3784 3783 3796 -1 
              3774 3773 3792 -1 
              3797 3792 3773 -1 
              3792 3797 3793 -1 
              3798 3793 3797 -1 
              3773 3772 3797 -1 
              3799 3797 3772 -1 
              3797 3799 3798 -1 
              3800 3798 3799 -1 
              3772 3771 3799 -1 
              3770 3799 3771 -1 
              3799 3770 3800 -1 
              3769 3800 3770 -1 
              3793 3798 3796 -1 
              3801 3796 3798 -1 
              3796 3801 3784 -1 
              3785 3784 3801 -1 
              3798 3800 3801 -1 
              3802 3801 3800 -1 
              3801 3802 3785 -1 
              3786 3785 3802 -1 
              3800 3769 3802 -1 
              3768 3802 3769 -1 
              3802 3768 3786 -1 
              3787 3786 3768 -1 
              3818 3806 3807 -1 
              3817 3807 3808 -1 
              3816 3808 3809 -1 
              3815 3809 3810 -1 
              3814 3810 3811 -1 
              3813 3811 3812 -1 
              3819 3805 3806 -1 
              3814 3811 3813 -1 
              3820 3804 3805 -1 
              3815 3810 3814 -1 
              3816 3809 3815 -1 
              3821 3803 3804 -1 
              3817 3808 3816 -1 
              3818 3807 3817 -1 
              3819 3806 3818 -1 
              3820 3805 3819 -1 
              3821 3804 3820 -1 
              3822 3803 3821 -1 
              3825 3826 3853 -1 
              3851 3827 3828 -1 
              3850 3828 3829 -1 
              3849 3829 3830 -1 
              3833 3831 3832 -1 
              3852 3826 3827 -1 
              3848 3834 3835 -1 
              3837 3835 3836 -1 
              3848 3838 3849 -1 
              3838 3839 3849 -1 
              3839 3840 3850 -1 
              3840 3851 3850 -1 
              3852 3842 3853 -1 
              3846 3844 3845 -1 
              3847 3823 3824 -1 
              3848 3833 3834 -1 
              3839 3850 3849 -1 
              3837 3848 3835 -1 
              3848 3837 3838 -1 
              3841 3851 3840 -1 
              3841 3852 3851 -1 
              3841 3842 3852 -1 
              3850 3829 3849 -1 
              3842 3843 3853 -1 
              3851 3828 3850 -1 
              3848 3849 3830 -1 
              3831 3848 3830 -1 
              3848 3831 3833 -1 
              3852 3827 3851 -1 
              3853 3826 3852 -1 
              3854 3846 3847 -1 
              3854 3853 3843 -1 
              3844 3854 3843 -1 
              3854 3844 3846 -1 
              3824 3854 3847 -1 
              3854 3825 3853 -1 
              3854 3824 3825 -1 
              3870 3858 3859 -1 
              3869 3859 3860 -1 
              3868 3860 3861 -1 
              3867 3861 3862 -1 
              3866 3862 3863 -1 
              3865 3863 3864 -1 
              3871 3857 3858 -1 
              3866 3863 3865 -1 
              3872 3856 3857 -1 
              3867 3862 3866 -1 
              3868 3861 3867 -1 
              3873 3855 3856 -1 
              3869 3860 3868 -1 
              3870 3859 3869 -1 
              3871 3858 3870 -1 
              3872 3857 3871 -1 
              3873 3856 3872 -1 
              3874 3855 3873 -1 
              3910 3875 3876 -1 
              3914 3910 3876 -1 
              3914 3876 3877 -1 
              3913 3877 3878 -1 
              3912 3879 3880 -1 
              3911 3880 3881 -1 
              3884 3882 3883 -1 
              3930 3882 3884 -1 
              3930 3881 3882 -1 
              3912 3878 3879 -1 
              3890 3924 3925 -1 
              3924 3890 3891 -1 
              3893 3891 3892 -1 
              3924 3891 3893 -1 
              3888 3889 3926 -1 
              3923 3894 3895 -1 
              3920 3899 3900 -1 
              3903 3901 3902 -1 
              3920 3900 3901 -1 
              3920 3901 3903 -1 
              3920 3903 3904 -1 
              3915 3909 3914 -1 
              3910 3914 3909 -1 
              3929 3885 3886 -1 
              3928 3886 3887 -1 
              3912 3880 3911 -1 
              3917 3906 3907 -1 
              3913 3878 3912 -1 
              3907 3908 3916 -1 
              3914 3877 3913 -1 
              3915 3908 3909 -1 
              3918 3905 3906 -1 
              3922 3896 3897 -1 
              3916 3908 3915 -1 
              3919 3904 3905 -1 
              3917 3907 3916 -1 
              3918 3906 3917 -1 
              3922 3897 3898 -1 
              3919 3905 3918 -1 
              3921 3899 3920 -1 
              3920 3904 3919 -1 
              3921 3898 3899 -1 
              3923 3895 3896 -1 
              3922 3898 3921 -1 
              3927 3887 3888 -1 
              3925 3889 3890 -1 
              3923 3896 3922 -1 
              3924 3893 3894 -1 
              3924 3894 3923 -1 
              3926 3889 3925 -1 
              3927 3888 3926 -1 
              3928 3887 3927 -1 
              3930 3884 3885 -1 
              3929 3886 3928 -1 
              3930 3885 3929 -1 
              3930 3911 3881 -1 
              3920 3919 3921 -1 
              3931 3921 3919 -1 
              3921 3931 3922 -1 
              3932 3922 3931 -1 
              3919 3918 3931 -1 
              3933 3931 3918 -1 
              3931 3933 3932 -1 
              3934 3932 3933 -1 
              3918 3917 3933 -1 
              3935 3933 3917 -1 
              3933 3935 3934 -1 
              3936 3934 3935 -1 
              3922 3932 3923 -1 
              3937 3923 3932 -1 
              3923 3937 3924 -1 
              3925 3924 3937 -1 
              3932 3934 3937 -1 
              3938 3937 3934 -1 
              3937 3938 3925 -1 
              3926 3925 3938 -1 
              3934 3936 3938 -1 
              3939 3938 3936 -1 
              3938 3939 3926 -1 
              3927 3926 3939 -1 
              3917 3916 3935 -1 
              3940 3935 3916 -1 
              3935 3940 3936 -1 
              3941 3936 3940 -1 
              3916 3915 3940 -1 
              3942 3940 3915 -1 
              3940 3942 3941 -1 
              3943 3941 3942 -1 
              3915 3914 3942 -1 
              3913 3942 3914 -1 
              3942 3913 3943 -1 
              3912 3943 3913 -1 
              3936 3941 3939 -1 
              3944 3939 3941 -1 
              3939 3944 3927 -1 
              3928 3927 3944 -1 
              3941 3943 3944 -1 
              3945 3944 3943 -1 
              3944 3945 3928 -1 
              3929 3928 3945 -1 
              3943 3912 3945 -1 
              3911 3945 3912 -1 
              3945 3911 3929 -1 
              3930 3929 3911 -1 
              3948 3946 3947 -1 
              3949 3946 3948 -1 
              3950 3946 3949 -1 
              3951 3946 3950 -1 
              3952 3946 3951 -1 
              3953 3946 3952 -1 
              3954 3946 3953 -1 
              3955 3946 3954 -1 
              3956 3946 3955 -1 
              3957 3946 3956 -1 
              3967 3946 3957 -1 
              3959 3957 3958 -1 
              3960 3957 3959 -1 
              3961 3957 3960 -1 
              3962 3957 3961 -1 
              3963 3957 3962 -1 
              3964 3957 3963 -1 
              3965 3957 3964 -1 
              3966 3957 3965 -1 
              3967 3957 3966 -1 
              3968 3946 3967 -1 
              3999 3946 3968 -1 
              3970 3968 3969 -1 
              3971 3968 3970 -1 
              3972 3968 3971 -1 
              3995 3968 3972 -1 
              3994 3972 3973 -1 
              3975 3973 3974 -1 
              3976 3973 3975 -1 
              3977 3973 3976 -1 
              3978 3973 3977 -1 
              3979 3973 3978 -1 
              3980 3973 3979 -1 
              3981 3973 3980 -1 
              3982 3973 3981 -1 
              3983 3973 3982 -1 
              3984 3973 3983 -1 
              3994 3973 3984 -1 
              3986 3984 3985 -1 
              3987 3984 3986 -1 
              3988 3984 3987 -1 
              3989 3984 3988 -1 
              3990 3984 3989 -1 
              3991 3984 3990 -1 
              3992 3984 3991 -1 
              3993 3984 3992 -1 
              3994 3984 3993 -1 
              3995 3972 3994 -1 
              3996 3968 3995 -1 
              3997 3968 3996 -1 
              3998 3968 3997 -1 
              3999 3968 3998 -1 
            ]
          }
        }
        DEF KMR221NGLFS_2 Shape {
          appearance DEF __8 Appearance {
            material DEF __9 Material {
              ambientIntensity 0.320933669806
              diffuseColor 0.647058844566 0.61960786581 0.588235318661
              shininess 0
            }
          }
          geometry DEF __10 IndexedFaceSet {
            solid FALSE
            coord Coordinate {
              point [
                -0.00206443549823 0.000608247582878 -1.23196735501e-18,
                -0.00207408646812 0.000587551011147 0.00011480502971,
                -0.00197380471952 0.000565985756705 -2.55894232208e-19,
                -0.00198345568942 0.000545289184973 0.000114805029709,
                -0.00185 0.00142 0.00112235407106,
                -0.00185 0.00142 0.00135,
                -0.00185 0.00132 0.00112235407106,
                -0.00185 0.00132 0.00135,
                -0.00134142135624 0.00142 0.00135,
                -0.00134142135624 0.00132 0.00135,
                -0.0012 0.00132 0.00125,
                -0.0013 0.00132 0.00128819660113,
                -0.0012 0.00142 0.00125,
                -0.00201088037566 0.00132150456051 0.000975413665961,
                -0.00187 0.00142 0.00104752092332,
                -0.00191696012522 0.00128716818684 0.000975413665961,
                -0.0019 0.00131 0.000993845701541,
                -0.0019 0.00132 0.000999298427935,
                -0.00187 0.00132 0.00104752092332,
                0.00185 0.00142 0.00135,
                0.00185 0.00142 0.00112235407106,
                0.00185 0.00132 0.00135,
                0.00185 0.00132 0.00112235407106,
                0.00187 0.00142 0.00104752092332,
                0.00187 0.00132 0.00104752092332,
                0.00191696012522 0.00128716818684 0.000975413665961,
                0.0019 0.00130999999999 0.000993845701531,
                0.00201088037566 0.00132150456051 0.00097541366596,
                0.0019 0.00132 0.000999298427935,
                0.0012 0.00142 0.00125,
                0.00134142135624 0.00142 0.00135,
                0.0012 0.00132 0.00125,
                0.0013 0.00132 0.00128819660113,
                0.00134142135624 0.00132 0.00135,
                0.00187 0.00142 0.000376986841536,
                0.00187 0.00132 0.000376986841536,
                0.0019 0.00132 0.000405609988437,
                0.0019 0.00131 0.000409407604171,
                0.00192000041285 0.00126999998956 0.000424992317186,
                0.00202000000755 0.00127000004153 0.000424992467506,
                0.00201088037566 0.00132150456051 -0.000975413665961,
                0.00187 0.00142 -0.00104752092332,
                0.00191696012522 0.00128716818684 -0.000975413665961,
                0.0019 0.00131 -0.000993845701541,
                0.0019 0.00132 -0.000999298427938,
                0.00187 0.00132 -0.00104752092332,
                0.0019 0.00130999999999 -0.000409407604179,
                0.0019 0.00132 -0.000405609988437,
                0.00187 0.00132 -0.000376986841536,
                0.00187 0.00142 -0.000376986841536,
                0.00202000002148 0.00126999997749 -0.000424992464529,
                0.00192000009697 0.00126999997339 -0.000424992327374,
                0.00185 0.00142 -0.00112235407106,
                0.00185 0.00142 -0.00135,
                0.00185 0.00132 -0.00112235407106,
                0.00185 0.00132 -0.00135,
                0.000971860446907 0.00142 -0.00135,
                0.000971860446907 0.00132 -0.00135,
                0.00082489106234 0.00142 -0.00123,
                0.00082489106234 0.00132 -0.00123,
                0.000896913532211 0.00132 -0.00124842202375,
                -0.00185 0.00142 -0.00135,
                -0.00185 0.00142 -0.00112235407106,
                -0.00185 0.00132 -0.00135,
                -0.00185 0.00132 -0.00112235407106,
                -0.00187 0.00142 -0.00104752092332,
                -0.00187 0.00132 -0.00104752092332,
                -0.00191696012522 0.00128716818684 -0.000975413665961,
                -0.0019 0.00130999999999 -0.000993845701531,
                -0.00201088037566 0.00132150456051 -0.00097541366596,
                -0.0019 0.00132 -0.000999298427935,
                -0.000971860446907 0.00142 -0.00135,
                -0.000971860446907 0.00132 -0.00135,
                -0.000896913532211 0.00132 -0.00124842202375,
                -0.00082489106234 0.00132 -0.00123,
                -0.00082489106234 0.00142 -0.00123,
                -0.00187 0.00142 -0.000376986841536,
                -0.00187 0.00132 -0.000376986841536,
                -0.0019 0.00132 -0.000405609988437,
                -0.0019 0.00131 -0.000409407604171,
                -0.00192000041285 0.00126999998956 -0.00042499231678,
                -0.00202000000805 0.00127000004529 -0.000424992103266,
                -0.0019 0.00130999999999 0.000409407604179,
                -0.0019 0.00132 0.000405609988437,
                -0.00187 0.00132 0.000376986841536,
                -0.00187 0.00142 0.000376986841536,
                -0.00202000002148 0.00126999997749 0.000424992464529,
                -0.00192000009697 0.00126999997339 0.000424992326968,
                -0.000193457906736 0.00142 -0.000837958255715,
                -0.000722475527172 0.00142 -0.000715824914612,
                0 0.00142 -0.00086,
                0.000193457906736 0.00142 -0.000837958255715,
                0.000722475527172 0.00142 -0.000715824914612,
                0.00111 0.00142 -0.000228639882219,
                0.00111 0.00142 0.000228639882219,
                0.000722475527172 0.00142 0.000715824914612,
                0.000193457906736 0.00142 0.000837958255715,
                -0.000193457906736 0.00142 0.000837958255715,
                -0.000722475527172 0.00142 0.000715824914612,
                -0.00111 0.00142 0.000228639882219,
                -0.00111 0.00142 -0.000228639882219,
                0.00065 0.00142 -0.00123,
                0.000523114224596 0.00142 -0.0013,
                -0.000523114224596 0.00142 -0.0013,
                -0.00065 0.00142 -0.00123,
                -0.0018 0.00142 -0.000225,
                -0.0018 0.00142 0.000225,
                -0.000514575131106 0.00142 0.00125,
                -0.000382287565553 0.00142 0.0013,
                -0.00025 0.00142 0.00135,
                0.00025 0.00142 0.00135,
                0.000382287565553 0.00142 0.0013,
                0.000514575131106 0.00142 0.00125,
                0.0018 0.00142 0.000225,
                0.0018 0.00142 -0.000225,
                -0.00117149110641 0.00132 0.00125,
                -0.000514575131106 0.00132 0.00125,
                -0.00202 0.00126999998791 0.000969530291605,
                -0.00192 0.00126999999258 0.000969530292562,
                0.00192 0.00127 0.000969530294084,
                0.00202 0.00127 0.000969530294084,
                0.000514575131106 0.00132 0.00125,
                0.00117149110641 0.00132 0.00125,
                0.0018 0.00132 0.000225,
                0.00192 0.00099853981634 0.000425,
                0.00202 0.00099853981634 0.000425,
                0.0018 0.00132 -0.000225,
                0.00202 0.00126999998791 -0.000969530291605,
                0.00192 0.00126999999258 -0.000969530292562,
                0.00202000003359 0.00099853981634 -0.000425,
                0.00192 0.00099853981634 -0.000425,
                0.00065 0.00132 -0.00123,
                -0.00192 0.00127 -0.000969530294084,
                -0.00202 0.00127 -0.000969530294084,
                -0.00065 0.00132 -0.00123,
                -0.0018 0.00132 -0.000225,
                -0.00192 0.00099853981634 -0.000425,
                -0.00202 0.00099853981634 -0.000425,
                -0.0018 0.00132 0.000225,
                -0.00202000003359 0.00099853981634 0.000425,
                -0.00192 0.00099853981634 0.000425,
                0.000523114224596 0.00132 -0.0013,
                -0.000523114224596 0.00132 -0.0013,
                -0.000382287565553 0.00132 0.0013,
                -0.00025 0.00132 0.00135,
                0.00025 0.00132 0.00135,
                0.000382287565553 0.00132 0.0013,
                -0.001045 0.00132 0.00135,
                -0.00192 0.00070353981634 0.000853333333333,
                -0.00202 0.00070353981634 0.000853333333333,
                0.001435 0.00132 0.001,
                0.001435 0.00107 0.001,
                0.001175 0.00132 0.001,
                0.001175 0.00107 0.001,
                0.001175 0.00132 0.00122,
                0.001175 0.00107 0.00122,
                0.001045 0.00132 0.00135,
                0.001045 0.00107 0.00135,
                -0.001175 0.00132 0.00122,
                -0.001175 0.00107 0.00122,
                -0.001045 0.00107 0.00135,
                -0.001175 0.00132 0.001,
                -0.001175 0.00107 0.001,
                0.00202 0.00070353981634 0.000853333333333,
                0.00192 0.00070353981634 0.000853333333333,
                0.00192 0.00070353981634 -0.000853333333333,
                0.00202 0.00070353981634 -0.000853333333333,
                -0.00202 0.00070353981634 -0.000853333333333,
                -0.00192 0.00070353981634 -0.000853333333333,
                -0.00202 0.00070353981634 0.000850484330484,
                -0.0019293692213 0.000661277990166 0.000850484330484,
                -8.70282484093e-06 0.00107 -0.000494313652751,
                8.70289975775e-06 0.00107 0.000494317924266,
                0.001565 0.00107 0.00087,
                -0.001435 0.00107 0.001,
                -0.001565 0.00107 0.00087,
                -0.001565 0.00107 -0.000381152236892,
                -0.00152692388155 0.00107 -0.000473076118446,
                -0.00103807611845 0.00107 -0.000961923881554,
                -0.000946152236891 0.00107 -0.001,
                0.000946152236891 0.00107 -0.001,
                0.00103807611845 0.00107 -0.000961923881554,
                0.00152692388155 0.00107 -0.000473076118446,
                0.001565 0.00107 -0.000381152236891,
                0.0019293692213 0.000661277990165 0.000850484330484,
                0.00202 0.00070353981634 0.000850484330484,
                0.00202 0.00070353981634 -0.000850484330484,
                0.0019293692213 0.000661277990166 -0.000850484330484,
                0.00202 0.000761895412975 0.000405602917757,
                0.00202 0.000719786098322 0.000336635870077,
                0.00202 0.000761895412975 -0.000405602917757,
                0.00202 0.000719786098322 -0.000336635870077,
                0.00202 0.000772 -0.000210580360501,
                0.00202 0.000772 0.000210580360501,
                -0.0019293692213 0.000661277990165 -0.000850484330484,
                -0.00202 0.00070353981634 -0.000850484330484,
                -0.00202 0.000761895412975 -0.000405602917757,
                -0.00202 0.000719786098322 -0.000336635870077,
                -0.00202 0.000761895412975 0.000405602917757,
                -0.00202 0.000719786098322 0.000336635870077,
                -0.00202 0.000772 0.000210580360501,
                -0.00202 0.000772 -0.000210580360501,
                0.00202270237087 0.00069774456331 0.000849172668079,
                0.00193207159216 0.000655482737138 0.000849172668079,
                0.00203338027127 0.000438225573689 0.000555291857886,
                0.00212401104997 0.000480487399864 0.000555291857886,
                0.00212401104997 0.000480487399864 0.000459673710214,
                0.00203338027127 0.000438225573689 0.000459673710214,
                0.00211436008008 0.000501183971595 0.000344868680504,
                0.00202372930137 0.000458922145421 0.000344868680505,
                0.00207408646812 0.000587551011147 0.00011480502971,
                0.00198345568942 0.000545289184973 0.000114805029709,
                0.00198345568942 0.000545289184973 -0.000114805029709,
                0.00207408646812 0.000587551011147 -0.00011480502971,
                0.00211436008008 0.000501183971595 -0.000344868680504,
                0.00202372930137 0.000458922145421 -0.000344868680505,
                0.00203338027127 0.000438225573689 -0.000459673710214,
                0.00212401104997 0.000480487399864 -0.000459673710214,
                0.00212401104997 0.000480487399864 -0.000555291857886,
                0.00203338027127 0.000438225573689 -0.000555291857886,
                0.00193207159216 0.000655482737138 -0.000849172668079,
                0.00202270237087 0.00069774456331 -0.000849172668079,
                -0.00202270237087 0.00069774456331 -0.000849172668079,
                -0.00193207159216 0.000655482737138 -0.000849172668079,
                -0.00203338027127 0.000438225573689 -0.000555291857886,
                -0.00212401104997 0.000480487399864 -0.000555291857886,
                -0.00212401104997 0.000480487399864 -0.000459673710214,
                -0.00203338027127 0.000438225573689 -0.000459673710214,
                -0.00211436008008 0.000501183971595 -0.000344868680504,
                -0.00202372930137 0.000458922145421 -0.000344868680505,
                -0.00207408646812 0.000587551011147 -0.00011480502971,
                -0.00198345568942 0.000545289184973 -0.000114805029709,
                -0.00211436008008 0.000501183971595 0.000344868680504,
                -0.00202372930137 0.000458922145421 0.000344868680505,
                -0.00203338027127 0.000438225573689 0.000459673710214,
                -0.00212401104997 0.000480487399864 0.000459673710214,
                -0.00212401104997 0.000480487399864 0.000555291857886,
                -0.00203338027127 0.000438225573689 0.000555291857886,
                -0.00193207159216 0.000655482737138 0.000849172668079,
                -0.00202270237087 0.00069774456331 0.000849172668079,
                -0.00206552016557 0.000605921506252 3.9157857666e-05,
                -0.00206875560864 0.000598983076187 7.76457135307e-05,
                -0.00197812482994 0.000556721250013 7.76457135306e-05,
                -0.00197488938687 0.000563659680078 3.9157857666e-05,
                -0.00122181419606 0.00132 0.00125159467378,
                -0.00124316457177 0.00132 0.00125634478866,
                -0.00126359716866 0.00132 0.0012641493462,
                -0.00128267754239 0.00132 0.00127484240341,
                -0.00131720052223 0.00132 0.00130638356133,
                -0.00133113701779 0.00132 0.00132717773305,
                -0.00133208734011 0.00142 0.00132891600334,
                -0.00131963219541 0.00142 0.00130951167025,
                -0.00130435022821 0.00142 0.00129224551113,
                -0.00128660254038 0.00142 0.00127752551286,
                -0.00126680849698 0.00142 0.00126569949839,
                -0.00124543581698 0.00142 0.00125704690792,
                -0.00122298952139 0.00142 0.00125177219591,
                -0.00200071507055 0.00134354545162 0.000978771891542,
                -0.00198728537805 0.00136351010692 0.000983417677027,
                -0.00197096537202 0.0013809114447 0.000989467342108,
                -0.00195246412429 0.00139529831685 0.000996994763601,
                -0.0019319126444 0.00140660692061 0.00100642498628,
                -0.00191068972918 0.00141437571104 0.00101776583963,
                -0.00188962288028 0.00141868828992 0.00103138099642,
                -0.00187953843029 0.00141968386775 0.00103912736368,
                -0.00190537477171 0.00130533194134 0.000987548164873,
                -0.00190796049494 0.0013025399866 0.000984690483858,
                -0.00191041239602 0.00129944211691 0.000982066492898,
                -0.00191402310944 0.00129369778403 0.000978336835648,
                -0.00191559278978 0.00129052037805 0.000976762044989,
                -0.00187758119115 0.00132 0.00102939562157,
                -0.00188228942367 0.00132 0.00102077266187,
                -0.00188770014349 0.00132 0.00101260876886,
                -0.00189345357341 0.00132 0.00100558225341,
                -0.00185900224472 0.00142 0.00107117172053,
                -0.00185226770277 0.00142 0.00109637006917,
                -0.00185226770277 0.00132 0.00109637006917,
                -0.00185900224472 0.00132 0.00107117172053,
                0.00185226770277 0.00142 0.00109637006917,
                0.00185900224472 0.00142 0.00107117172053,
                0.00185900224472 0.00132 0.00107117172053,
                0.00185226770277 0.00132 0.00109637006917,
                0.00191548872896 0.00129074867831 0.000976865574282,
                0.00191378739604 0.00129412842748 0.00097857574325,
                0.00191189755053 0.00129728224731 0.000980513996361,
                0.00190986061652 0.00130018495074 0.000982650157113,
                0.00190507128428 0.00130563414549 0.000987890013954,
                0.00187960162786 0.00141967950761 0.00103907562439,
                0.00188975552443 0.001418670148 0.00103128546916,
                0.00191096610916 0.00141429753255 0.00101760516442,
                0.00193260973489 0.00140628721871 0.00100608328364,
                0.00195352353743 0.00139459461744 0.0009965420532,
                0.0019635435524 0.0013872442844 0.000992394264711,
                0.00197305628946 0.00137896519085 0.000988663913131,
                0.00198192829891 0.00136984344326 0.000985349162015,
                0.00199002613102 0.0013599651481 0.00098244817492,
                0.002001813836 0.00134156799954 0.000978404295923,
                0.00189352910796 0.00132 0.00100550718314,
                0.00188780603646 0.00132 0.0010124800703,
                0.00188277692132 0.00132 0.00102000650254,
                0.00187838789836 0.00132 0.001027875893,
                0.00122298952139 0.00142 0.00125177219591,
                0.00124543581698 0.00142 0.00125704690792,
                0.00126680849698 0.00142 0.00126569949839,
                0.00128660254038 0.00142 0.00127752551286,
                0.00130435022821 0.00142 0.00129224551113,
                0.00131963219541 0.00142 0.00130951167025,
                0.00133208734011 0.00142 0.00132891600334,
                0.00128267754239 0.00132 0.00127484240341,
                0.00126359716866 0.00132 0.0012641493462,
                0.00124316457177 0.00132 0.00125634478866,
                0.00122181419606 0.00132 0.00125159467378,
                0.00133113701779 0.00132 0.00132717773305,
                0.00131720052223 0.00132 0.00130638356133,
                0.00187955155514 0.00132 0.000388870550495,
                0.00188489896399 0.00132 0.000394305966987,
                0.00189065545066 0.00132 0.000399272912505,
                0.00191986388817 0.0012736498101 0.000424857626966,
                0.00191946160954 0.00127728280027 0.0004245414375,
                0.00191789983178 0.0012843389719 0.000423387306388,
                0.00191539656425 0.00129094670807 0.000421568029377,
                0.00191209402352 0.00129698320188 0.000419131311128,
                0.00190793658412 0.0013025654575 0.000415952253957,
                0.00190326905037 0.00130732519641 0.000412187425801,
                0.00201795539697 0.00129459026456 0.000424439161084,
                0.00201194789578 0.00131848499647 0.000422974282938,
                0.0020021093873 0.00134101169335 0.000420575707553,
                0.00198881509098 0.00136155858319 0.000417233444633,
                0.00197228937746 0.00137969236623 0.000412867960507,
                0.00195321696852 0.00139479958393 0.000407469206487,
                0.0019317736415 0.00140667252454 0.000400850222022,
                0.00190903296523 0.00141483241221 0.000393034894585,
                0.00188949285556 0.00141872057938 0.00038549156429,
                0.00200071507055 0.00134354545162 -0.000978771891542,
                0.00198728537805 0.00136351010692 -0.000983417677027,
                0.00197096537202 0.0013809114447 -0.000989467342108,
                0.00195246412429 0.00139529831685 -0.000996994763601,
                0.0019319126444 0.00140660692061 -0.00100642498628,
                0.00191068972918 0.00141437571104 -0.00101776583963,
                0.00188962288028 0.00141868828992 -0.00103138099642,
                0.00187953843029 0.00141968386775 -0.00103912736368,
                0.00191549275296 0.0012907399102 -0.000976861568571,
                0.00191379653396 0.00129411192473 -0.000978566469891,
                0.00191191258551 0.00129725918837 -0.000980498412928,
                0.00190988202493 0.0013001566591 -0.000982627440688,
                0.0019050829892 0.00130562258935 -0.000987876801985,
                0.00187758119115 0.00132 -0.00102939562157,
                0.00188228942367 0.00132 -0.00102077266187,
                0.00188770014349 0.00132 -0.00101260876886,
                0.00189345357341 0.00132 -0.00100558225342,
                0.00189355537488 0.00132 -0.000401433428038,
                0.00188751517629 0.00132 -0.000396640112541,
                0.00187671854352 0.00132 -0.000385648983973,
                0.00189522180197 0.00141784362814 -0.000387795159721,
                0.00190786422211 0.00141513060076 -0.000392608404961,
                0.0019203080457 0.00141131206791 -0.000397027365999,
                0.00193236222482 0.0014064090898 -0.000401043635861,
                0.00194408033684 0.00140040659023 -0.00040472956767,
                0.00195530793488 0.00139336563598 -0.000408083519306,
                0.00196589057206 0.00138534729382 -0.00041110384865,
                0.0019753199353 0.00137679268182 -0.000413690410762,
                0.00198405798101 0.00136739296177 -0.000416005238252,
                0.00199199927662 0.00135725342678 -0.000418046918084,
                0.00199903838953 0.00134647936994 -0.000419814037223,
                0.00200495956546 0.00133544585871 -0.00042127533589,
                0.00200996774085 0.00132388999696 -0.000422495689117,
                0.00201400812531 0.00131193939125 -0.000423473571584,
                0.00201702592842 0.00129972164819 -0.000424207457973,
                0.00201925217217 0.00128493917304 -0.000424767519191,
                0.0019055471107 0.0013051567315 -0.000414049522634,
                0.00190814272722 0.00130232503379 -0.000416112195888,
                0.00191056239753 0.00129923511427 -0.000417977287283,
                0.00191278792584 0.00129586029524 -0.000419649308163,
                0.00191477863184 0.00129222832275 -0.000421117349204,
                0.00191649349247 0.00128838267401 -0.000422366344229,
                0.00191789148467 0.00128436682623 -0.000423381227056,
                0.00191945937998 0.00127729738031 -0.000424539778157,
                0.00191986319492 0.00127365714149 -0.000424857165885,
                0.000964602062122 0.00142 -0.00132540296217,
                0.000953259779392 0.00142 -0.00130240185258,
                0.000938165145445 0.00142 -0.00128166901762,
                0.000919759392145 0.00142 -0.00126381049961,
                0.000898580538819 0.00142 -0.00124934832165,
                0.000875247665393 0.00142 -0.00123870522823,
                0.000850442816045 0.00142 -0.00123219232807,
                0.000918572725674 0.00132 -0.00126285160712,
                0.000937411753251 0.00132 -0.00128080779205,
                0.000952863490267 0.00132 -0.00130175003073,
                0.000964462782069 0.00132 -0.00132504788401,
                0.000849816183215 0.00132 -0.00123208536803,
                0.000874048263418 0.00132 -0.00123828348867,
                0.00185900224472 0.00142 -0.00107117172053,
                0.00185226770277 0.00142 -0.00109637006917,
                0.00185226770277 0.00132 -0.00109637006917,
                0.00185900224472 0.00132 -0.00107117172053,
                -0.00185226770277 0.00142 -0.00109637006917,
                -0.00185900224472 0.00142 -0.00107117172053,
                -0.00185900224472 0.00132 -0.00107117172053,
                -0.00185226770277 0.00132 -0.00109637006917,
                -0.00191548872896 0.00129074867831 -0.000976865574282,
                -0.00191378739604 0.00129412842748 -0.00097857574325,
                -0.00191189755053 0.00129728224731 -0.000980513996361,
                -0.00190986061652 0.00130018495074 -0.000982650157113,
                -0.00190507128428 0.00130563414549 -0.000987890013954,
                -0.00187960162786 0.00141967950761 -0.00103907562439,
                -0.00188975552443 0.001418670148 -0.00103128546916,
                -0.00191096610916 0.00141429753255 -0.00101760516442,
                -0.00193260973489 0.00140628721871 -0.00100608328364,
                -0.00195352353743 0.00139459461744 -0.0009965420532,
                -0.0019635435524 0.0013872442844 -0.000992394264711,
                -0.00197305628946 0.00137896519085 -0.000988663913131,
                -0.00198192829891 0.00136984344326 -0.000985349162015,
                -0.00199002613102 0.0013599651481 -0.00098244817492,
                -0.002001813836 0.00134156799954 -0.000978404295923,
                -0.00189352910796 0.00132 -0.00100550718314,
                -0.00188780603646 0.00132 -0.0010124800703,
                -0.00188277692132 0.00132 -0.00102000650254,
                -0.00187838789836 0.00132 -0.001027875893,
                -0.000964462782069 0.00132 -0.00132504788401,
                -0.000952863490267 0.00132 -0.00130175003073,
                -0.000937411753251 0.00132 -0.00128080779205,
                -0.000918572725674 0.00132 -0.00126285160712,
                -0.000874048263418 0.00132 -0.00123828348867,
                -0.000849816183215 0.00132 -0.00123208536803,
                -0.000850442816045 0.00142 -0.00123219232807,
                -0.000875247665393 0.00142 -0.00123870522823,
                -0.000898580538819 0.00142 -0.00124934832165,
                -0.000919759392145 0.00142 -0.00126381049961,
                -0.000938165145445 0.00142 -0.00128166901762,
                -0.000953259779392 0.00142 -0.00130240185258,
                -0.000964602062122 0.00142 -0.00132540296217,
                -0.00187955155514 0.00132 -0.000388870550495,
                -0.00188489896399 0.00132 -0.000394305966986,
                -0.00189065545066 0.00132 -0.000399272912505,
                -0.00191986388817 0.00127364981011 -0.000424857626794,
                -0.00191946160954 0.00127728280028 -0.000424541437448,
                -0.00191789983178 0.00128433897191 -0.000423387306387,
                -0.00191539656425 0.00129094670808 -0.000421568029375,
                -0.00191209402352 0.00129698320189 -0.000419131311125,
                -0.00190793658412 0.00130256545751 -0.000415952253953,
                -0.00190326905037 0.00130732519642 -0.000412187425796,
                -0.00201795539618 0.00129459026952 -0.000424439115343,
                -0.0020119478941 0.00131848500141 -0.00042297428253,
                -0.00200210938483 0.00134101169793 -0.000420575706946,
                -0.00198881508781 0.0013615585873 -0.00041723344382,
                -0.00197228937366 0.00137969236977 -0.000412867959474,
                -0.00195321696422 0.0013947995868 -0.00040746920522,
                -0.00193177363678 0.00140667252667 -0.000400850220492,
                -0.00190903296025 0.00141483241355 -0.00039303489277,
                -0.00188949285305 0.00141872057971 -0.000385491563264,
                -0.00189355537488 0.00132 0.000401433428038,
                -0.00188751517629 0.00132 0.000396640112541,
                -0.00187671854352 0.00132 0.000385648983973,
                -0.00189522180197 0.00141784362814 0.000387795159721,
                -0.00190786422211 0.00141513060076 0.000392608404961,
                -0.0019203080457 0.00141131206791 0.000397027365999,
                -0.00193236222482 0.0014064090898 0.000401043635861,
                -0.00194408033684 0.00140040659023 0.00040472956767,
                -0.00195530793488 0.00139336563598 0.000408083519306,
                -0.00196589057206 0.00138534729382 0.00041110384865,
                -0.0019753199353 0.00137679268182 0.000413690410762,
                -0.00198405798101 0.00136739296177 0.000416005238252,
                -0.00199199927662 0.00135725342678 0.000418046918084,
                -0.00199903838953 0.00134647936994 0.000419814037223,
                -0.00200495956546 0.00133544585871 0.00042127533589,
                -0.00200996774085 0.00132388999696 0.000422495689117,
                -0.00201400812531 0.00131193939125 0.000423473571584,
                -0.00201702592842 0.00129972164819 0.000424207457973,
                -0.00201925217217 0.00128493917304 0.000424767519191,
                -0.0019055471107 0.0013051567315 0.000414049522634,
                -0.00190814272722 0.00130232503379 0.000416112195888,
                -0.00191056239753 0.00129923511427 0.000417977287283,
                -0.00191278792584 0.00129586029524 0.000419649308163,
                -0.00191477863184 0.00129222832275 0.000421117349204,
                -0.00191649349247 0.00128838267401 0.000422366344229,
                -0.00191789148467 0.00128436682623 0.000423381227056,
                -0.00191945937998 0.00127729738031 0.000424539778106,
                -0.00191986319493 0.00127365714149 0.000424857165714,
                -9.73547638404e-05 0.00142 -0.000854471795882,
                9.73547638404e-05 0.00142 -0.000854471795882,
                0.00110296158831 0.00142 -0.000312239358598,
                0.0010820445102 0.00142 -0.00039348520485,
                0.00104783765769 0.00142 -0.000470090054119,
                0.00100130407843 0.00142 -0.000539897200538,
                0.000943753862365 0.00142 -0.000600941318365,
                0.000876807257958 0.00142 -0.000651503793071,
                0.000802349056257 0.00142 -0.000690161106603,
                0.000802349056257 0.00142 0.000690161106603,
                0.000876807257958 0.00142 0.000651503793071,
                0.000943753862365 0.00142 0.000600941318365,
                0.00100130407843 0.00142 0.000539897200538,
                0.00104783765769 0.00142 0.000470090054119,
                0.0010820445102 0.00142 0.00039348520485,
                0.00110296158831 0.00142 0.000312239358598,
                -6.49806134933e-05 0.00142 0.000857541555769,
                6.49806134933e-05 0.00142 0.000857541555769,
                -0.00110296158831 0.00142 0.000312239358598,
                -0.0010820445102 0.00142 0.00039348520485,
                -0.00104783765769 0.00142 0.000470090054119,
                -0.00100130407843 0.00142 0.000539897200538,
                -0.000943753862365 0.00142 0.000600941318365,
                -0.000876807257958 0.00142 0.000651503793071,
                -0.000802349056257 0.00142 0.000690161106603,
                -0.000802349056257 0.00142 -0.000690161106603,
                -0.000876807257958 0.00142 -0.000651503793071,
                -0.000943753862365 0.00142 -0.000600941318365,
                -0.00100130407843 0.00142 -0.000539897200538,
                -0.00104783765769 0.00142 -0.000470090054119,
                -0.0010820445102 0.00142 -0.00039348520485,
                -0.00110296158831 0.00142 -0.000312239358598,
                0.000538281835224 0.00142 -0.00127990478703,
                0.000556596789833 0.00142 -0.00126262947418,
                0.000577543116269 0.00142 -0.00124866074463,
                0.000600530710903 0.00142 -0.00123839212792,
                0.000624911963136 0.00142 -0.00123211291332,
                -0.000624911963136 0.00142 -0.00123211291332,
                -0.000600530710903 0.00142 -0.00123839212792,
                -0.000577543116269 0.00142 -0.00124866074463,
                -0.000556596789833 0.00142 -0.00126262947418,
                -0.000538281835224 0.00142 -0.00127990478703,
                -0.00180297314341 0.00142 -0.000259357208585,
                -0.00181180417782 0.00142 -0.000292692928088,
                -0.00182623054391 0.00142 -0.000324016039761,
                -0.00184582332513 0.00142 -0.000352395262575,
                -0.00184582332513 0.00142 0.000352395262575,
                -0.00182623054391 0.00142 0.000324016039761,
                -0.00181180417782 0.00142 0.000292692928088,
                -0.00180297314341 0.00142 0.000259357208585,
                -0.000405273758369 0.00142 0.00128250907512,
                -0.000430539697772 0.00142 0.00126851158179,
                -0.000457558401002 0.00142 0.00125829947186,
                -0.000485766327135 0.00142 0.00125208574378,
                -0.000278808803971 0.00142 0.00134791425622,
                -0.000307016730105 0.00142 0.00134170052814,
                -0.000334035433334 0.00142 0.00133148841821,
                -0.000359301372737 0.00142 0.00131749092488,
                0.000359301372737 0.00142 0.00131749092488,
                0.000334035433334 0.00142 0.00133148841821,
                0.000307016730105 0.00142 0.00134170052814,
                0.000278808803971 0.00142 0.00134791425622,
                0.000485766327135 0.00142 0.00125208574378,
                0.000457558401002 0.00142 0.00125829947186,
                0.000430539697772 0.00142 0.00126851158179,
                0.000405273758369 0.00142 0.00128250907512,
                0.00180297314341 0.00142 0.000259357208585,
                0.00181180417782 0.00142 0.000292692928088,
                0.00182623054391 0.00142 0.000324016039761,
                0.00184582332513 0.00142 0.000352395262575,
                0.00184582332513 0.00142 -0.000352395262575,
                0.00182623054391 0.00142 -0.000324016039761,
                0.00181180417782 0.00142 -0.000292692928088,
                0.00180297314341 0.00142 -0.000259357208585,
                -0.00201942125298 0.00128312626401 0.000971001136007,
                -0.00201769670593 0.00129615182778 0.000972471979713,
                -0.00201484389982 0.00130897761476 0.000973942822953,
                -0.00191923223531 0.0012787172755 0.000972471979832,
                0.00191923223531 0.00127871727643 0.000972471980022,
                0.00201484389982 0.00130897761495 0.000973942822991,
                0.00201769670593 0.00129615182929 0.000972471980022,
                0.00201942125298 0.0012831262691 0.000971001137053,
                0.00180297314341 0.00132 0.000259357208585,
                0.00181180417782 0.00132 0.000292692928088,
                0.00182623054391 0.00132 0.000324016039761,
                0.00184582332513 0.00132 0.000352395262575,
                0.00184582332513 0.00132 -0.000352395262575,
                0.00182623054391 0.00132 -0.000324016039761,
                0.00181180417782 0.00132 -0.000292692928088,
                0.00180297314341 0.00132 -0.000259357208585,
                0.00201942125298 0.00128312626401 -0.000971001136007,
                0.00201769670593 0.00129615182778 -0.000972471979713,
                0.00201484389982 0.00130897761476 -0.000973942822953,
                0.00191923223531 0.0012787172755 -0.000972471979832,
                -0.00191923223531 0.00127871727643 -0.000972471980022,
                -0.00201484389982 0.00130897761495 -0.000973942822991,
                -0.00201769670593 0.00129615182929 -0.000972471980022,
                -0.00201942125298 0.0012831262691 -0.000971001137053,
                -0.00180297314341 0.00132 -0.000259357208585,
                -0.00181180417782 0.00132 -0.000292692928088,
                -0.00182623054391 0.00132 -0.000324016039761,
                -0.00184582332513 0.00132 -0.000352395262575,
                -0.00184582332513 0.00132 0.000352395262575,
                -0.00182623054391 0.00132 0.000324016039761,
                -0.00181180417782 0.00132 0.000292692928088,
                -0.00180297314341 0.00132 0.000259357208585,
                0.000538281835224 0.00132 -0.00127990478703,
                0.000556596789833 0.00132 -0.00126262947418,
                0.000577543116269 0.00132 -0.00124866074463,
                0.000600530710903 0.00132 -0.00123839212792,
                0.000624911963136 0.00132 -0.00123211291332,
                -0.000624911963136 0.00132 -0.00123211291332,
                -0.000600530710903 0.00132 -0.00123839212792,
                -0.000577543116269 0.00132 -0.00124866074463,
                -0.000556596789833 0.00132 -0.00126262947418,
                -0.000538281835224 0.00132 -0.00127990478703,
                -0.000405273758369 0.00132 0.00128250907512,
                -0.000430539697772 0.00132 0.00126851158179,
                -0.000457558401002 0.00132 0.00125829947186,
                -0.000485766327135 0.00132 0.00125208574378,
                -0.000359301372737 0.00132 0.00131749092488,
                -0.000334035433334 0.00132 0.00133148841821,
                -0.000307016730105 0.00132 0.00134170052814,
                -0.000278808803971 0.00132 0.00134791425622,
                0.000278808803971 0.00132 0.00134791425622,
                0.000307016730105 0.00132 0.00134170052814,
                0.000334035433334 0.00132 0.00133148841821,
                0.000359301372737 0.00132 0.00131749092488,
                0.000485766327135 0.00132 0.00125208574378,
                0.000457558401002 0.00132 0.00125829947186,
                0.000430539697772 0.00132 0.00126851158179,
                0.000405273758369 0.00132 0.00128250907512,
                -0.00116473240048 0.00132 0.0012706374592,
                -0.00115463263045 0.00132 0.00128986190908,
                -0.00114147362461 0.00132 0.00130713690237,
                -0.00112562257748 0.00132 0.00132198039027,
                -0.00110752180347 0.00132 0.00133397817375,
                -0.00108767639432 0.00132 0.00134279546151,
                -0.00106664012481 0.00132 0.0013481862122,
                0.00117411979676 0.00132 0.00123510225425,
                0.00116473240048 0.00132 0.0012706374592,
                0.00115463263045 0.00132 0.00128986190908,
                0.00114147362461 0.00132 0.00130713690237,
                0.00112562257748 0.00132 0.00132198039027,
                0.00110752180347 0.00132 0.00133397817375,
                0.00108767639432 0.00132 0.00134279546151,
                0.00106664012481 0.00132 0.0013481862122,
                0.0010675742631 0.00107 0.00134802500789,
                0.00108946261863 0.00107 0.0013421600407,
                0.00111 0.00107 0.00133258330249,
                0.00112856238926 0.00107 0.00131958577761,
                0.00114458577761 0.00107 0.00130356238926,
                0.00115758330249 0.00107 0.001285,
                0.0011671600407 0.00107 0.00126446261863,
                0.00117302500789 0.00107 0.0012425742631,
                -0.00117411979676 0.00132 0.00123510225425,
                -0.00117302500789 0.00107 0.0012425742631,
                -0.0011671600407 0.00107 0.00126446261863,
                -0.00115758330249 0.00107 0.001285,
                -0.00114458577761 0.00107 0.00130356238926,
                -0.00112856238926 0.00107 0.00131958577761,
                -0.00111 0.00107 0.00133258330249,
                -0.00108946261863 0.00107 0.0013421600407,
                -0.0010675742631 0.00107 0.00134802500789,
                -0.00192059955644 0.000692654161159 0.000852621082621,
                -0.0019223795856 0.000681897891503 0.000851908831909,
                -0.00192531212729 0.000671397127721 0.000851196581197,
                -5.54607480825e-05 0.00107 -0.000491310166369,
                -0.000101260244843 0.00107 -0.000483995102378,
                -0.000145505202227 0.00107 -0.000472631453317,
                -0.000190731401472 0.00107 -0.000456115049871,
                -0.000236519758726 0.00107 -0.000434215705743,
                -0.000279340195135 0.00107 -0.000408054221411,
                -0.000319224021822 0.00107 -0.000377604200796,
                -0.000356202549913 0.00107 -0.000342839247818,
                -0.000389532632546 0.00107 -0.000304539407955,
                -0.000418450248773 0.00107 -0.000263502324071,
                -0.000443157678582 0.00107 -0.000219134292265,
                -0.000462811077179 0.00107 -0.000173853551275,
                -0.000477230717101 0.00107 -0.000129304277272,
                -0.000487285090378 0.00107 -8.40726391178e-05,
                -0.00049297733909 0.00107 -3.80895397964e-05,
                -0.000494310605315 0.00107 8.71411770575e-06,
                -0.000491308572124 0.00107 5.54718546149e-05,
                -0.000483992827866 0.00107 0.000101271127481,
                -0.000472627938596 0.00107 0.000145516440796,
                -0.000456110300719 0.00107 0.0001907427553,
                -0.000434209860053 0.00107 0.000236530470273,
                -0.000408047229186 0.00107 0.000279350312649,
                -0.000377596153786 0.00107 0.000319233458288,
                -0.00034283037952 0.00107 0.000356211083051,
                -0.000304529882368 0.00107 0.000389540106126,
                -0.000263492141195 0.00107 0.000418456662797,
                -0.000219106039205 0.00107 0.000443169873272,
                -0.000173865346649 0.00107 0.000462806216541,
                -0.000129359138929 0.00107 0.000477193206952,
                -8.40836498443e-05 0.00107 0.000487240910891,
                -3.80569475606e-05 0.00107 0.000492949194586,
                5.53747524669e-05 0.00107 0.000491349728966,
                0.000101152244612 0.00107 0.000484041571275,
                0.000145462850849 0.00107 0.000472649806992,
                0.00019074843215 0.00107 0.00045610792605,
                0.000236534461696 0.00107 0.000434207694435,
                0.00027935279691 0.00107 0.000408045528344,
                0.000319234612469 0.00107 0.000377595174473,
                0.000356211083051 0.00107 0.00034283037952,
                0.000389539171943 0.00107 0.000304531073075,
                0.000418455059315 0.00107 0.000263494686929,
                0.000443160937051 0.00107 0.000219127702389,
                0.000462813070609 0.00107 0.000173848240704,
                0.00047723181923 0.00107 0.000129300230365,
                0.000487285563235 0.00107 8.40698968879e-05,
                0.000492977444603 0.00107 3.80881457162e-05,
                0.000494310605315 0.00107 -8.71411770574e-06,
                0.000491308726971 0.00107 -5.54704655188e-05,
                0.000483993396517 0.00107 -0.000101268406827,
                0.000472629269599 0.00107 -0.000145512182195,
                0.000456112675325 0.00107 -0.000190737078407,
                0.000434213540215 0.00107 -0.000236523750215,
                0.000408052520625 0.00107 -0.000279342679444,
                0.000377603221508 0.00107 -0.000319225176031,
                0.000342839247818 0.00107 -0.000356202549913,
                0.000304540598642 0.00107 -0.00038953169833,
                0.000263504869766 0.00107 -0.000418448645227,
                0.000219138226858 0.00107 -0.000443155739437,
                0.000173858861835 0.00107 -0.000462809083687,
                0.000129311100774 0.00107 -0.000477228926667,
                8.40810714059e-05 0.00107 -0.000487284032838,
                3.80995155833e-05 0.00107 -0.000492977806699,
                0.0014575742631 0.00107 0.000998025007892,
                0.00147946261863 0.00107 0.000992160040702,
                0.0015 0.00107 0.000982583302492,
                0.00151856238926 0.00107 0.000969585777605,
                0.00153458577761 0.00107 0.000953562389259,
                0.00154758330249 0.00107 0.000935,
                0.0015571600407 0.00107 0.000914462618632,
                0.00156302500789 0.00107 0.000892574263097,
                -0.00156302500789 0.00107 0.000892574263097,
                -0.0015571600407 0.00107 0.000914462618632,
                -0.00154758330249 0.00107 0.000935,
                -0.00153458577761 0.00107 0.000953562389259,
                -0.00151856238926 0.00107 0.000969585777605,
                -0.0015 0.00107 0.000982583302492,
                -0.00147946261863 0.00107 0.000992160040702,
                -0.0014575742631 0.00107 0.000998025007892,
                -0.00154017220927 0.00107 -0.00045756431969,
                -0.00155083084814 0.00107 -0.000440171001858,
                -0.00155863734712 0.00107 -0.00042132444616,
                -0.00156339948428 0.00107 -0.000401488717347,
                -0.000966488717347 0.00107 -0.000998399484277,
                -0.00098632444616 0.00107 -0.000993637347118,
                -0.00100517100186 0.00107 -0.000985830848144,
                -0.00102256431969 0.00107 -0.000975172209269,
                0.00102256431969 0.00107 -0.000975172209269,
                0.00100517100186 0.00107 -0.000985830848144,
                0.00098632444616 0.00107 -0.000993637347118,
                0.000966488717347 0.00107 -0.000998399484277,
                0.00156339948428 0.00107 -0.000401488717347,
                0.00155863734712 0.00107 -0.00042132444616,
                0.00155083084814 0.00107 -0.000440171001858,
                0.00154017220927 0.00107 -0.00045756431969,
                0.00192531212729 0.000671397127721 0.000851196581197,
                0.0019223795856 0.000681897891503 0.000851908831909,
                0.00192059955644 0.000692654161159 0.000852621082621,
                0.00192059955644 0.000692654161159 -0.000852621082621,
                0.0019223795856 0.000681897891503 -0.000851908831909,
                0.00192531212729 0.000671397127721 -0.000851196581197,
                0.00202 0.000753471904855 0.000404180223279,
                0.00202 0.000745413532978 0.000401344347521,
                0.00202 0.000737955535881 0.000397178074855,
                0.00202 0.000731315626069 0.000391803026362,
                0.00202 0.000725687634589 0.000385376109486,
                0.00202 0.000721235852754 0.000378084937624,
                0.00202 0.000718090236174 0.00037014235335,
                0.00202 0.000716342611121 0.000361780215149,
                0.00202 0.000716043993951 0.000353242629049,
                0.00202 0.00071720310184 0.000344778822723,
                0.00202 0.000753471904855 -0.000404180223279,
                0.00202 0.000745413532978 -0.000401344347521,
                0.00202 0.000737955535881 -0.000397178074855,
                0.00202 0.000731315626069 -0.000391803026362,
                0.00202 0.000725687634589 -0.000385376109486,
                0.00202 0.000721235852754 -0.000378084937624,
                0.00202 0.000718090236174 -0.00037014235335,
                0.00202 0.000716342611121 -0.000361780215149,
                0.00202 0.000716043993951 -0.000353242629049,
                0.00202 0.00071720310184 -0.000344778822723,
                -0.00192531212729 0.000671397127721 -0.000851196581197,
                -0.0019223795856 0.000681897891503 -0.000851908831909,
                -0.00192059955644 0.000692654161159 -0.000852621082621,
                -0.00202 0.000753471904855 -0.000404180223279,
                -0.00202 0.000745413532978 -0.000401344347521,
                -0.00202 0.000737955535881 -0.000397178074855,
                -0.00202 0.000731315626069 -0.000391803026362,
                -0.00202 0.000725687634589 -0.000385376109486,
                -0.00202 0.000721235852754 -0.000378084937624,
                -0.00202 0.000718090236174 -0.00037014235335,
                -0.00202 0.000716342611121 -0.000361780215149,
                -0.00202 0.000716043993951 -0.000353242629049,
                -0.00202 0.00071720310184 -0.000344778822723,
                -0.00202 0.000753471904855 0.000404180223279,
                -0.00202 0.000745413532978 0.000401344347521,
                -0.00202 0.000737955535881 0.000397178074855,
                -0.00202 0.000731315626069 0.000391803026362,
                -0.00202 0.000725687634589 0.000385376109486,
                -0.00202 0.000721235852754 0.000378084937624,
                -0.00202 0.000718090236174 0.00037014235335,
                -0.00202 0.000716342611121 0.000361780215149,
                -0.00202 0.000716043993951 0.000353242629049,
                -0.00202 0.00071720310184 0.000344778822723,
                0.00203152983629 0.000442193844303 0.000606359754082,
                0.00202603254559 0.000453982822269 0.000655936977648,
                0.00201704886514 0.000473248387147 0.000702576368712,
                0.00200484102873 0.000499428176822 0.000744916522771,
                0.00198976538326 0.000531758002853 0.000781721530117,
                0.00197226198706 0.000569294157151 0.000811917052053,
                0.0019528417645 0.000610940958827 0.000834621680854,
                0.002122160615 0.000484455670477 0.000606359754082,
                0.00211666332429 0.000496244648443 0.000655936977648,
                0.00210767964385 0.000515510213321 0.000702576368711,
                0.00209547180743 0.000541690002996 0.000744916522771,
                0.00208039616197 0.000574019829026 0.000781721530117,
                0.00206289276576 0.000611555983324 0.000811917052052,
                0.0020434725432 0.000653202784999 0.000834621680854,
                0.00211969093955 0.000489751906555 0.000382027996683,
                0.00212292638263 0.00048281347649 0.000420515852548,
                0.00202906016085 0.000447490080381 0.000382027996683,
                0.00203229560392 0.000440551650316 0.000420515852548,
                0.00197730781239 0.000558473349815 -7.00336091567e-05,
                0.00197419555684 0.000565147603372 -2.35377287183e-05,
                0.00197419555684 0.000565147603372 2.35377287183e-05,
                0.00197730781239 0.000558473349815 7.00336091567e-05,
                0.00206793859109 0.000600735175988 7.00336091567e-05,
                0.00206482633554 0.000607409429546 2.35377287183e-05,
                0.00206482633554 0.000607409429546 -2.35377287183e-05,
                0.00206793859109 0.000600735175988 -7.00336091567e-05,
                0.00203229560392 0.000440551650316 -0.000420515852548,
                0.00202906016085 0.000447490080381 -0.000382027996683,
                0.00212292638263 0.00048281347649 -0.000420515852548,
                0.00211969093955 0.000489751906555 -0.000382027996683,
                0.0019528417645 0.000610940958827 -0.000834621680854,
                0.00197226198706 0.00056929415715 -0.000811917052053,
                0.00198976538326 0.000531758002853 -0.000781721530117,
                0.00200484102873 0.000499428176822 -0.000744916522771,
                0.00201704886514 0.000473248387147 -0.000702576368712,
                0.00202603254559 0.000453982822268 -0.000655936977648,
                0.00203152983629 0.000442193844303 -0.000606359754082,
                0.0020434725432 0.000653202785 -0.000834621680854,
                0.00206289276576 0.000611555983324 -0.000811917052052,
                0.00208039616197 0.000574019829027 -0.000781721530117,
                0.00209547180743 0.000541690002996 -0.000744916522771,
                0.00210767964385 0.000515510213321 -0.000702576368711,
                0.00211666332429 0.000496244648443 -0.000655936977648,
                0.002122160615 0.000484455670478 -0.000606359754082,
                -0.00203152983629 0.000442193844303 -0.000606359754082,
                -0.00202603254559 0.000453982822269 -0.000655936977648,
                -0.00201704886514 0.000473248387147 -0.000702576368712,
                -0.00200484102873 0.000499428176822 -0.000744916522771,
                -0.00198976538326 0.000531758002853 -0.000781721530117,
                -0.00197226198706 0.000569294157151 -0.000811917052053,
                -0.0019528417645 0.000610940958827 -0.000834621680854,
                -0.002122160615 0.000484455670477 -0.000606359754082,
                -0.00211666332429 0.000496244648443 -0.000655936977648,
                -0.00210767964385 0.000515510213321 -0.000702576368711,
                -0.00209547180743 0.000541690002996 -0.000744916522771,
                -0.00208039616197 0.000574019829026 -0.000781721530117,
                -0.00206289276576 0.000611555983324 -0.000811917052052,
                -0.0020434725432 0.000653202784999 -0.000834621680854,
                -0.00211969093955 0.000489751906555 -0.000382027996683,
                -0.00212292638263 0.00048281347649 -0.000420515852548,
                -0.00202906016085 0.000447490080381 -0.000382027996683,
                -0.00203229560392 0.000440551650316 -0.000420515852548,
                -0.00197488938687 0.000563659680078 -3.9157857666e-05,
                -0.00197812482994 0.000556721250013 -7.76457135306e-05,
                -0.00206875560864 0.000598983076187 -7.76457135307e-05,
                -0.00206552016557 0.000605921506252 -3.9157857666e-05,
                -0.00203229560392 0.000440551650316 0.000420515852548,
                -0.00202906016085 0.000447490080381 0.000382027996683,
                -0.00212292638263 0.00048281347649 0.000420515852548,
                -0.00211969093955 0.000489751906555 0.000382027996683,
                -0.0019528417645 0.000610940958827 0.000834621680854,
                -0.00197226198706 0.00056929415715 0.000811917052053,
                -0.00198976538326 0.000531758002853 0.000781721530117,
                -0.00200484102873 0.000499428176822 0.000744916522771,
                -0.00201704886514 0.000473248387147 0.000702576368712,
                -0.00202603254559 0.000453982822268 0.000655936977648,
                -0.00203152983629 0.000442193844303 0.000606359754082,
                -0.0020434725432 0.000653202785 0.000834621680854,
                -0.00206289276576 0.000611555983324 0.000811917052052,
                -0.00208039616197 0.000574019829027 0.000781721530117,
                -0.00209547180743 0.000541690002996 0.000744916522771,
                -0.00210767964385 0.000515510213321 0.000702576368711,
                -0.00211666332429 0.000496244648443 0.000655936977648,
                -0.002122160615 0.000484455670478 0.000606359754082,
                -0.00189258727041 0.00136742935102 0.00102189705994,
                -0.00191930169034 0.00135700624799 0.00100074485627,
                -0.00193274122564 0.00134781126107 0.000992157957506,
                -0.00194520478301 0.00133583310542 0.000985024189705,
                -0.00195585682913 0.0013212085026 0.00097942082531,
                0.00189258760417 0.00136743079826 0.00102189705983,
                0.00191930242269 0.00135700754043 0.00100074485627,
                0.00193274215855 0.00134781241851 0.0009921579574,
                0.00194520590122 0.00133583408585 0.000985024189517,
                0.00195585810496 0.00132120926446 0.000979420825218,
                0.00188679577802 0.00136856269757 0.000387767970828,
                0.00190412937336 0.00136397433337 0.00039730348203,
                0.00192116749481 0.00135591047264 0.000405522005152,
                0.00193695324801 0.0013442867767 0.000412358925146,
                0.00195052324555 0.00132919887746 0.000417756536111,
                0.0019610222161 0.00131123891978 0.000421679133739,
                0.00196768374458 0.00129117884407 0.000424098628407,
                0.00189258727041 0.00136742935102 -0.00102189705994,
                0.00191930169034 0.00135700624799 -0.00100074485627,
                0.00193274122564 0.00134781126107 -0.000992157957506,
                0.00194520478301 0.00133583310542 -0.000985024189705,
                0.00195585682913 0.0013212085026 -0.00097942082531,
                0.00196768439289 0.00129117894681 -0.000424098631335,
                0.00196102282654 0.00131123916183 -0.000421679138544,
                0.00195052378901 0.00132919924466 -0.000417756541956,
                0.00193695370124 0.0013442872498 -0.000412358931257,
                0.00192116784154 0.00135591102835 -0.000405522010812,
                0.00190412960461 0.00136397494649 -0.000397303486506,
                0.00188679589192 0.00136856334271 -0.000387767973386,
                -0.00189258760417 0.00136743079826 -0.00102189705983,
                -0.00191930242269 0.00135700754043 -0.00100074485627,
                -0.00193274215855 0.00134781241851 -0.0009921579574,
                -0.00194520590122 0.00133583408585 -0.000985024189517,
                -0.00195585810496 0.00132120926446 -0.000979420825218,
                -0.00188679577768 0.00136856269763 -0.000387767970622,
                -0.00190412937265 0.00136397433362 -0.000397303481669,
                -0.0019211674938 0.00135591047324 -0.000405522004692,
                -0.0019369532468 0.00134428677779 -0.000412358924649,
                -0.00195052324431 0.00132919887915 -0.000417756535637,
                -0.00196102221504 0.00131123892212 -0.000421679133352,
                -0.00196768374393 0.00129117884703 -0.000424098628171,
                -0.00196768439289 0.00129117894681 0.000424098631335,
                -0.00196102282654 0.00131123916183 0.000421679138544,
                -0.00195052378901 0.00132919924466 0.000417756541956,
                -0.00193695370124 0.0013442872498 0.000412358931257,
                -0.00192116784154 0.00135591102835 0.000405522010812,
                -0.00190412960461 0.00136397494649 0.000397303486506,
                -0.00188679589192 0.00136856334271 0.000387767973386,
                -0.0019711897928 0.000692718853922 0.000851908831909,
                -0.0019955948964 0.000698129335131 0.000851908831909,
                -0.0020077974482 0.000700834575736 0.000851908831909,
                -0.0020138987241 0.000702187196038 0.000851908831909,
                -0.00201694936205 0.000702863506189 0.000851908831909,
                -0.00201847468103 0.000703201661265 0.000851908831909,
                0.00201847468103 0.000703201661265 0.000851908831909,
                0.00201694936205 0.000702863506189 0.000851908831909,
                0.0020138987241 0.000702187196038 0.000851908831909,
                0.0020077974482 0.000700834575735 0.000851908831909,
                0.0019955948964 0.000698129335131 0.000851908831909,
                0.0019711897928 0.000692718853921 0.000851908831909,
                0.0019711897928 0.000692718853922 -0.000851908831909,
                0.0019955948964 0.000698129335131 -0.000851908831909,
                0.0020077974482 0.000700834575736 -0.000851908831909,
                0.0020138987241 0.000702187196038 -0.000851908831909,
                0.00201694936205 0.000702863506189 -0.000851908831909,
                0.00201847468103 0.000703201661265 -0.000851908831909,
                -0.00201847468103 0.000703201661265 -0.000851908831909,
                -0.00201694936205 0.000702863506189 -0.000851908831909,
                -0.0020138987241 0.000702187196038 -0.000851908831909,
                -0.0020077974482 0.000700834575735 -0.000851908831909,
                -0.0019955948964 0.000698129335131 -0.000851908831909,
                -0.0019711897928 0.000692718853921 -0.000851908831909

              ]
            }
            normal Normal {
              vector [
                -0.39044836 -0.8373192 -0.38268343,
                -0.39044836 -0.8373192 -0.38268343,
                -0.40821791 -0.87542611 -0.25881904,
                -0.41900271 -0.89855421 -0.13052619,
                -0.42261827 -0.90630782 1.7763568e-15,
                -0.42261827 -0.90630782 -7.8886091e-31,
                -0.41900271 -0.89855421 -0.13052619,
                -0.40821791 -0.87542611 -0.25881904,
                -1 -0 -0,
                -1 -0 -0,
                -1 -0 -0,
                -1 -0 -0,
                -0 -0 1,
                -0 -0 1,
                -0 -0 1,
                -0 -0 1,
                2.220446e-16 -0 1,
                0.14542797 -0 0.98936886,
                0.2877638 -0 0.95770139,
                0.42398113 -0 0.905671,
                0.55118364 -0 0.83438396,
                0.66666669 -0 0.74535596,
                0.78133684 -0 0.62410957,
                0.87424678 -0 0.48548177,
                0.94280905 -0 0.33333334,
                0.94280905 -0 0.33333334,
                0.88058227 -0 0.47389331,
                0.797548 -0 0.60325551,
                0.69566816 -0 0.71836329,
                0.57735026 -0 0.81649661,
                0.44538999 -0 0.89533669,
                0.30290544 -0 0.95302063,
                0.15326348 -0 0.98818535,
                2.220446e-16 -0 1,
                -0.68787563 -1.4323067e-12 0.72582859,
                -0.94334996 1.4750949e-11 0.33179948,
                -0.88738006 -0.13355057 0.44127187,
                -0.84070539 -0.20489556 0.50123072,
                -0.77587354 -0.27324936 0.56864315,
                -0.69646829 -0.32617837 0.639171,
                -0.59961045 -0.3598178 0.71484154,
                -0.5599184 -0.41975829 0.71434891,
                -0.4402892 -0.43959174 0.78288221,
                -0.37649789 -0.4376151 0.81654292,
                -0.31133124 -0.42578107 0.84957832,
                -0.20536627 -0.38074586 0.901586,
                -0.15515813 -0.34448409 0.92588156,
                -0.10927918 -0.29891124 0.94800323,
                -0.03818598 -0.10445007 0.99379677,
                -0.079878233 -0.14177643 0.98667061,
                -0.13525671 -0.16926543 0.97624528,
                -0.2033589 -0.18488573 0.96148968,
                -0.28162009 -0.18533783 0.94145632,
                -0.37268651 -0.16878921 0.91247737,
                -0.47055492 -0.1321843 0.87241358,
                -0.57702833 -0.075833634 0.81319588,
                -0.63165212 -0.040143158 0.77421194,
                -0.65455574 -0.15089689 0.74080151,
                -0.44281977 -0.25092179 0.86078387,
                -0.32972398 -0.26567817 0.90592343,
                -0.22317687 -0.25436002 0.94100642,
                -0.12953165 -0.21679886 0.96758455,
                -1 -0 -0,
                -1 -0 -0,
                -0.984882 -0 0.17322668,
                -0.93998504 -0 0.34121567,
                -0.86666667 -0 0.49888766,
                -0.86666667 -0 0.49888766,
                -0.93998504 -0 0.34121567,
                -0.984882 -0 0.17322668,
                1 -0 -0,
                1 -0 -0,
                1 -0 -0,
                1 -0 -0,
                0.86666667 -0 0.49888766,
                0.86666667 -0 0.49888766,
                0.93998504 -0 0.34121567,
                0.984882 -0 0.17322668,
                1 -0 2.220446e-16,
                1 -0 2.220446e-16,
                0.984882 -0 0.17322668,
                0.93998504 -0 0.34121567,
                0.5599184 -0.41975829 0.71434891,
                0.59961045 -0.3598178 0.71484154,
                0.69542253 -0.32669455 0.64004546,
                0.77458853 -0.27432585 0.56987536,
                0.83551919 -0.21144858 0.50714612,
                0.88032311 -0.14595321 0.45136335,
                0.94334996 8.180949e-12 0.33179948,
                0.68787563 -2.5387422e-12 0.72582859,
                0.63129807 -0.040386986 0.77448803,
                0.57633257 -0.076262437 0.81364912,
                0.46923158 -0.13278212 0.87303531,
                0.36955729 -0.16966328 0.91358733,
                0.27706385 -0.18571365 0.94273329,
                0.23447691 -0.18694931 0.95397615,
                0.19461776 -0.18379496 0.96350574,
                0.15756896 -0.17627381 0.97164786,
                0.12389038 -0.16493075 0.97849321,
                0.075386234 -0.13867766 0.98746413,
                0.03818598 -0.10445007 0.99379677,
                0.10927918 -0.29891124 0.94800323,
                0.15855899 -0.34733534 0.92423874,
                0.2126635 -0.38509154 0.89804161,
                0.2692782 -0.41219333 0.87039411,
                0.32644638 -0.42947519 0.84201175,
                0.44748461 -0.43925127 0.77898383,
                0.65455043 -0.15089566 0.74080652,
                0.44281489 -0.25091901 0.86078721,
                0.32971996 -0.26567495 0.90592581,
                0.22317393 -0.25435665 0.94100803,
                0.12952985 -0.21679582 0.96758544,
                -0.94280905 -0 0.33333334,
                -0.94280905 -0 0.33333334,
                -0.87424678 -0 0.48548177,
                -0.78133684 -0 0.62410957,
                -0.66666669 -0 0.74535596,
                -0.55118364 -0 0.83438396,
                -0.42398113 -0 0.905671,
                -0.2877638 -0 0.95770139,
                -0.14542797 -0 0.98936886,
                -3.5527137e-15 -0 1,
                -0 -0 1,
                -0.15326348 -0 0.98818535,
                -0.30290544 -0 0.95302063,
                -0.44538999 -0 0.89533669,
                -0.57735026 -0 0.81649661,
                -0.69566816 -0 0.71836329,
                -0.797548 -0 0.60325551,
                -0.88058227 -0 0.47389331,
                -0 -0 1,
                -0 -0 1,
                -0 -0 1,
                -0 -0 1,
                0.42285118 6.0018174e-13 -0.90619916,
                0.81370634 -9.7012014e-13 -0.58127618,
                0.73126608 -0.13843699 -0.66789603,
                0.67137378 -0.19793668 -0.71419764,
                0.59977692 -0.24540074 -0.76160759,
                0.47885427 -0.28578115 -0.83007693,
                0.45686793 -0.34172267 -0.82127786,
                0.39399132 -0.35106546 -0.84942561,
                0.29558629 -0.34496629 -0.89085746,
                0.20172852 -0.31517425 -0.92734611,
                0.12251989 -0.26530856 -0.95634735,
                0.058824629 -0.19582283 -0.97887337,
                0.016159546 -0.1092483 -0.99388313,
                0.0045040795 -0.061284926 -0.99811018,
                1.3876216e-07 -0.012015203 -0.99992782,
                1.080864e-07 -0.0039881044 -0.99999207,
                0.0067297271 -0.040273104 -0.99916607,
                0.025288045 -0.073766604 -0.99695486,
                0.054968242 -0.10213315 -0.99325091,
                0.094386138 -0.12251668 -0.98796809,
                0.14288259 -0.13324985 -0.98072881,
                0.19800159 -0.13181061 -0.97129881,
                0.25826034 -0.11629853 -0.95904964,
                0.32105723 -0.086156376 -0.9431327,
                0.37256864 -0.048701141 -0.92672586,
                0.49646086 -0.084221512 -0.86396372,
                0.40838301 -0.14745469 -0.9008221,
                0.31316 -0.18590523 -0.93132704,
                0.21758397 -0.19609465 -0.95614022,
                0.13064322 -0.17782722 -0.97535115,
                0.061681386 -0.1359302 -0.98879641,
                0.016546303 -0.076001376 -0.99697042,
                0.68787563 -1.4338377e-12 -0.72582859,
                0.94334996 1.4746952e-11 -0.33179948,
                0.88738006 -0.13355057 -0.44127187,
                0.84070539 -0.20489556 -0.50123072,
                0.77587354 -0.27324936 -0.56864315,
                0.69646829 -0.32617837 -0.639171,
                0.59961045 -0.3598178 -0.71484154,
                0.5599184 -0.41975829 -0.71434891,
                0.4472082 -0.43926638 -0.77913404,
                0.3258653 -0.42934421 -0.84230363,
                0.26884249 -0.41202515 -0.87060839,
                0.21238175 -0.38492766 -0.89817852,
                0.15842775 -0.34722647 -0.9243021,
                0.10927918 -0.29891124 -0.94800323,
                0.03818598 -0.10445007 -0.99379677,
                0.079878233 -0.14177643 -0.98667061,
                0.13525671 -0.16926543 -0.97624528,
                0.2033589 -0.18488573 -0.96148968,
                0.28162009 -0.18533783 -0.94145632,
                0.37268651 -0.16878921 -0.91247737,
                0.47055492 -0.1321843 -0.87241358,
                0.57702833 -0.075833634 -0.81319588,
                0.63165212 -0.040143158 -0.77421194,
                0.65455574 -0.15089689 -0.74080151,
                0.44281977 -0.25092179 -0.86078387,
                0.32972398 -0.26567817 -0.90592343,
                0.22317687 -0.25436002 -0.94100642,
                0.12953165 -0.21679886 -0.96758455,
                0.45686793 -0.34172267 0.82127786,
                0.47885427 -0.28578115 0.83007693,
                0.5623486 -0.26257682 0.78410298,
                0.63970375 -0.22153085 0.73600489,
                0.75942099 -0.10130098 0.64266467,
                0.81370634 5.2311488e-12 0.58127618,
                0.42285118 -6.7067805e-12 0.90619916,
                0.35768005 -0.0608203 0.93186152,
                0.32419991 -0.084237032 0.94223064,
                0.29020607 -0.10287722 0.95141828,
                0.25661731 -0.11688976 0.95941877,
                0.22382154 -0.12681653 0.96634442,
                0.19204053 -0.13260838 0.97238648,
                0.16159502 -0.13428396 0.9776783,
                0.13399786 -0.13218178 0.98212653,
                0.10834375 -0.12693267 0.98597652,
                0.084984489 -0.11883546 0.98927033,
                0.064162448 -0.10817537 0.99205911,
                0.046432175 -0.095572755 0.99433893,
                0.031268198 -0.080961175 0.99622667,
                0.018968096 -0.064854637 0.99771446,
                0.0096727507 -0.04763132 0.99881816,
                0.0026347248 -0.026166422 0.99965411,
                1.0637486e-07 -0.0039880085 0.99999207,
                1.3483871e-07 -0.012015059 0.99992782,
                0.0045204619 -0.061383523 0.99810404,
                0.016220747 -0.10943775 0.99386132,
                0.059028935 -0.19611917 0.97880173,
                0.095059663 -0.2399528 0.96611923,
                0.13762759 -0.27716979 0.95091301,
                0.18540807 -0.3071259 0.93343318,
                0.23701072 -0.32946399 0.9139362,
                0.29108188 -0.34410417 0.89267218,
                0.3469373 -0.35112089 0.86968309,
                0.016546141 -0.076000765 0.99697047,
                0.061680906 -0.13592926 0.98879659,
                0.13064231 -0.17782608 0.97535145,
                0.21758257 -0.19609345 0.95614076,
                0.31315812 -0.18590419 0.93132788,
                0.40838081 -0.14745395 0.90082324,
                0.49645844 -0.084221117 0.86396515,
                1 -0 -0,
                1 -0 -0,
                1 -0 -0,
                1 -0 -0,
                -0 -0 -1,
                -0 -0 -1,
                -0 -0 -1,
                -0 -0 -1,
                -0 -0 -1,
                -0.16616747 -0 -0.98609757,
                -0.32771468 -0 -0.94477671,
                -0.48014981 -0 -0.87718654,
                -0.62454444 -0 -0.78098929,
                -0.75013793 -0 -0.66128141,
                -0.85314953 -0 -0.52166647,
                -0.93047816 -0 -0.36634743,
                -0.97979587 -0 -0.2,
                -0.97979587 -0 -0.2,
                -0.93140668 -0 -0.36398026,
                -0.85579145 -0 -0.51732099,
                -0.75516057 -0 -0.65553987,
                -0.63245553 -0 -0.77459669,
                -0.49126318 -0 -0.8710112,
                -0.33571067 -0 -0.94196516,
                -0.17034502 -0 -0.98538446,
                -0 -0 -1,
                1 -0 -2.220446e-16,
                1 -0 -2.220446e-16,
                0.984882 -0 -0.17322668,
                0.93998504 -0 -0.34121567,
                0.86666667 -0 -0.49888766,
                0.86666667 -0 -0.49888766,
                0.93998504 -0 -0.34121567,
                0.984882 -0 -0.17322668,
                -1 -0 -0,
                -1 -0 -0,
                -1 -0 -0,
                -1 -0 -0,
                -0.86666667 -0 -0.49888766,
                -0.86666667 -0 -0.49888766,
                -0.93998504 -0 -0.34121567,
                -0.984882 -0 -0.17322668,
                -1 -0 4.4408921e-16,
                -1 -0 -0,
                -0.984882 -0 -0.17322668,
                -0.93998504 -0 -0.34121567,
                -0.5599184 -0.41975829 -0.71434891,
                -0.59961045 -0.3598178 -0.71484154,
                -0.69542253 -0.32669455 -0.64004546,
                -0.77458853 -0.27432585 -0.56987536,
                -0.83551919 -0.21144858 -0.50714612,
                -0.88032311 -0.14595321 -0.45136335,
                -0.94334996 8.1829448e-12 -0.33179948,
                -0.68787563 -2.5317266e-12 -0.72582859,
                -0.63129807 -0.040386986 -0.77448803,
                -0.57633257 -0.076262437 -0.81364912,
                -0.46923158 -0.13278212 -0.87303531,
                -0.36955729 -0.16966328 -0.91358733,
                -0.27706385 -0.18571365 -0.94273329,
                -0.23447691 -0.18694931 -0.95397615,
                -0.19461776 -0.18379496 -0.96350574,
                -0.15756896 -0.17627381 -0.97164786,
                -0.12389038 -0.16493075 -0.97849321,
                -0.075386234 -0.13867766 -0.98746413,
                -0.03818598 -0.10445007 -0.99379677,
                -0.10927918 -0.29891124 -0.94800323,
                -0.15855899 -0.34733534 -0.92423874,
                -0.2126635 -0.38509154 -0.89804161,
                -0.2692782 -0.41219333 -0.87039411,
                -0.32644638 -0.42947519 -0.84201175,
                -0.44748461 -0.43925127 -0.77898383,
                -0.65455043 -0.15089566 -0.74080652,
                -0.44281489 -0.25091901 -0.86078721,
                -0.32971996 -0.26567495 -0.90592581,
                -0.22317393 -0.25435665 -0.94100803,
                -0.12952985 -0.21679582 -0.96758544,
                0.97979587 -0 -0.2,
                0.97979587 -0 -0.2,
                0.93047816 -0 -0.36634743,
                0.85314953 -0 -0.52166647,
                0.75013793 -0 -0.66128141,
                0.62454444 -0 -0.78098929,
                0.48014981 -0 -0.87718654,
                0.32771468 -0 -0.94477671,
                0.16616747 -0 -0.98609757,
                2.220446e-16 -0 -1,
                2.220446e-16 -0 -1,
                0.17034502 -0 -0.98538446,
                0.33571067 -0 -0.94196516,
                0.49126318 -0 -0.8710112,
                0.63245553 -0 -0.77459669,
                0.75516057 -0 -0.65553987,
                0.85579145 -0 -0.51732099,
                0.93140668 -0 -0.36398026,
                -0 -0 -1,
                -0 -0 -1,
                -0 -0 -1,
                -0 -0 -1,
                -0.42285118 5.997305e-13 0.90619916,
                -0.81370634 -9.6659247e-13 0.58127618,
                -0.73126608 -0.13843699 0.66789603,
                -0.67137378 -0.19793668 0.71419764,
                -0.59977692 -0.24540074 0.76160759,
                -0.47885427 -0.28578115 0.83007693,
                -0.45686793 -0.34172267 0.82127786,
                -0.39399132 -0.35106546 0.84942561,
                -0.29558629 -0.34496629 0.89085746,
                -0.20172852 -0.31517425 0.92734611,
                -0.12251989 -0.26530856 0.95634735,
                -0.058824629 -0.19582283 0.97887337,
                -0.016159546 -0.1092483 0.99388313,
                -0.0045040795 -0.061284926 0.99811018,
                -1.3876381e-07 -0.012015204 0.99992782,
                -1.0822586e-07 -0.0039881119 0.99999207,
                -0.0067297309 -0.040273111 0.99916607,
                -0.025288051 -0.073766612 0.99695486,
                -0.054968249 -0.10213315 0.99325091,
                -0.094386145 -0.12251669 0.98796809,
                -0.1428826 -0.13324985 0.98072881,
                -0.19800161 -0.13181061 0.97129881,
                -0.25826034 -0.11629853 0.95904964,
                -0.32105723 -0.086156368 0.9431327,
                -0.37256864 -0.048701137 0.92672586,
                -0.49646086 -0.084221505 0.86396372,
                -0.40838301 -0.14745469 0.9008221,
                -0.31316 -0.18590523 0.93132704,
                -0.21758398 -0.19609465 0.95614022,
                -0.13064322 -0.17782722 0.97535115,
                -0.061681394 -0.13593021 0.98879641,
                -0.016546309 -0.076001391 0.99697042,
                -0.45686793 -0.34172267 -0.82127786,
                -0.47885427 -0.28578115 -0.83007693,
                -0.5623486 -0.26257682 -0.78410298,
                -0.63970375 -0.22153085 -0.73600489,
                -0.75942099 -0.10130098 -0.64266467,
                -0.81370634 5.2311488e-12 -0.58127618,
                -0.42285118 -6.7067805e-12 -0.90619916,
                -0.35768005 -0.0608203 -0.93186152,
                -0.32419991 -0.084237032 -0.94223064,
                -0.29020607 -0.10287722 -0.95141828,
                -0.25661731 -0.11688976 -0.95941877,
                -0.22382154 -0.12681653 -0.96634442,
                -0.19204053 -0.13260838 -0.97238648,
                -0.16159502 -0.13428396 -0.9776783,
                -0.13399786 -0.13218178 -0.98212653,
                -0.10834375 -0.12693267 -0.98597652,
                -0.084984489 -0.11883546 -0.98927033,
                -0.064162448 -0.10817537 -0.99205911,
                -0.046432175 -0.095572755 -0.99433893,
                -0.031268198 -0.080961175 -0.99622667,
                -0.018968096 -0.064854637 -0.99771446,
                -0.0096727507 -0.04763132 -0.99881816,
                -0.0026347248 -0.026166422 -0.99965411,
                -1.0637486e-07 -0.0039880085 -0.99999207,
                -1.3484006e-07 -0.012015059 -0.99992782,
                -0.0045204619 -0.061383523 -0.99810404,
                -0.016220747 -0.10943775 -0.99386132,
                -0.059028935 -0.19611917 -0.97880173,
                -0.095059663 -0.2399528 -0.96611923,
                -0.13762759 -0.27716979 -0.95091301,
                -0.18540807 -0.3071259 -0.93343318,
                -0.23701072 -0.32946399 -0.9139362,
                -0.29108188 -0.34410417 -0.89267218,
                -0.3469373 -0.35112089 -0.86968309,
                -0.016546141 -0.076000765 -0.99697047,
                -0.061680906 -0.13592926 -0.98879659,
                -0.13064231 -0.17782608 -0.97535145,
                -0.21758257 -0.19609345 -0.95614076,
                -0.31315812 -0.18590419 -0.93132788,
                -0.40838081 -0.14745395 -0.90082324,
                -0.49645844 -0.084221117 -0.86396515,
                -0 1 -0,
                -0 1 -0,
                -0 1 -0,
                -0 1 -0,
                -0 1 -0,
                -0 1 -0,
                -0 1 -0,
                -0 1 -0,
                -0 1 -0,
                -0 1 -0,
                -0 1 -0,
                -0 1 -0,
                -0 1 -0,
                -0 1 -0,
                -0 1 -0,
                -0 1 -0,
                -0 1 -0,
                -0 1 -0,
                -0 1 -0,
                -0 1 -0,
                -0 1 -0,
                -0 1 -0,
                -0 1 -0,
                -0 1 -0,
                -0 1 -0,
                -0 1 -0,
                -0 1 -0,
                -0 1 -0,
                -0 1 -0,
                -0 1 -0,
                -0 1 -0,
                -0 1 -0,
                -0 1 -0,
                -0 1 -0,
                -0 1 -0,
                -0 1 -0,
                -0 1 -0,
                -0 1 -0,
                -0 1 -0,
                -0 1 -0,
                -0 1 -0,
                -0 1 -0,
                -0 1 -0,
                -0 1 -0,
                -0 1 -0,
                -0 1 -0,
                -0 1 -0,
                -0 1 -0,
                -0 1 -0,
                -0 1 -0,
                -0 1 -0,
                -0 1 -0,
                -0 1 -0,
                -0 1 -0,
                -0 1 -0,
                -0 1 -0,
                -0 1 -0,
                -0 1 -0,
                -0 1 -0,
                -0 1 -0,
                -0 1 -0,
                -0 1 -0,
                -0 1 -0,
                -0 1 -0,
                -0 1 -0,
                -0 1 -0,
                -0 1 -0,
                -0 1 -0,
                -0 1 -0,
                -0 1 -0,
                -0 1 -0,
                -0 1 -0,
                -0 1 -0,
                -0 1 -0,
                -0 1 -0,
                -0 1 -0,
                -0 1 -0,
                -0 1 -0,
                -0 1 -0,
                -0 1 -0,
                -0 1 -0,
                -0 1 -0,
                -0 1 -0,
                -0 1 -0,
                -0 1 -0,
                -0 1 -0,
                -0 1 -0,
                -0 1 -0,
                -0 1 -0,
                -0 1 -0,
                -0 1 -0,
                -0 1 -0,
                -0 1 -0,
                -0 1 -0,
                -0 1 -0,
                -0 1 -0,
                -0 1 -0,
                -0 1 -0,
                -0 1 -0,
                -0 1 -0,
                -0 1 -0,
                -0 1 -0,
                -0 1 -0,
                -0 1 -0,
                -0 1 -0,
                -0 1 -0,
                -0 1 -0,
                -0 1 -0,
                -0 1 -0,
                -0 1 -0,
                -0 1 -0,
                -0 1 -0,
                -0 1 -0,
                -0 1 -0,
                -0 1 -0,
                -0 1 -0,
                -0 1 -0,
                -0 1 -0,
                -0 1 -0,
                -0 1 -0,
                -0 1 -0,
                -0 1 -0,
                -0 1 -0,
                -0 1 -0,
                -0 1 -0,
                -0 1 -0,
                -0 1 -0,
                -0 1 -0,
                -0 1 -0,
                -0 1 -0,
                -0 1 -0,
                -0 1 -0,
                -0 1 -0,
                -0 1 -0,
                -0 1 -0,
                -0 1 -0,
                -0 1 -0,
                -0 1 -0,
                -0 1 -0,
                -0 1 -0,
                -0 1 -0,
                -0 1 -0,
                -0 1 -0,
                -0 1 -0,
                -0 1 -0,
                -0 1 -0,
                -0 1 -0,
                -0 1 -0,
                -0 1 -0,
                -0 1 -0,
                -0 1 -0,
                -0 1 -0,
                -0 1 -0,
                -0 1 -0,
                -0 1 -0,
                -0 1 -0,
                -0 1 -0,
                -0 1 -0,
                -0 1 -0,
                -0 1 -0,
                -0 1 -0,
                -0 -0 1,
                -0 -0 1,
                -0 -0 1,
                -0 -0 1,
                -0 -0 1,
                1.7053026e-12 1 0,
                -0.16816716 0.98575848 0,
                -0.25245076 0.96760976 0,
                -0.33538783 0.94208014 0,
                -0.41577548 0.90946728 0,
                -0.49393705 0.86949766 0,
                -0.56876892 0.82249737 0,
                -0.63926876 0.76898342 0,
                -0.70217842 0.71200103 0,
                -0.76047736 0.64936441 0,
                -0.81338692 0.58172303 0,
                -0.86025161 0.50986975 0,
                -0.89978594 0.43633157 0,
                -0.93321991 0.35930571 0,
                -0.96010953 0.27962416 0,
                -0.98019433 0.19803801 0,
                -0.99502683 0.099607386 0,
                -1 -1.5009721e-07 0,
                -1 -1.6116667e-07 0,
                -0.99616361 0.087510355 0,
                -0.98468333 0.17435236 0,
                -0.96564722 0.25985649 0,
                -0.93920249 0.34336373 0,
                -0.87152362 0.49035349 0,
                -0.78189719 0.62340742 0,
                -0.6731723 0.73948568 0,
                -0.54976845 0.83531708 0,
                -0.41279984 0.91082174 0,
                -0.27126288 0.96250528 0,
                -0.13083896 0.99140364 0,
                -0.063594662 0.99797583 0,
                5.6243898e-13 1 0,
                -0.10927918 -0.29891124 0.94800323,
                -0.055489872 -0.3133882 0.94800246,
                4.5361691e-08 -0.3182607 0.94800323,
                -1.6690262e-12 -0.11121145 0.99379677,
                -0.0097324187 -0.11078785 0.99379641,
                -0.019390125 -0.10950891 0.99379665,
                -0.028899811 -0.10739399 0.99379641,
                -0.03818598 -0.10445007 0.99379677,
                0.03818598 -0.10445007 0.99379677,
                0.028899813 -0.10739399 0.99379641,
                0.01939013 -0.10950891 0.99379665,
                0.0097324252 -0.11078785 0.99379641,
                1.6892287e-14 -0.11121145 0.99379677,
                -5.0534604e-13 -0.3182607 0.94800323,
                0.055489894 -0.3133882 0.94800246,
                0.10927918 -0.29891124 0.94800323,
                0.93920249 0.34336373 0,
                0.96564722 0.25985649 0,
                0.98468333 0.17435236 0,
                0.99616361 0.087510385 0,
                1 1.5838442e-12 0,
                1 1.5543122e-15 0,
                0.98646849 0.16395105 0,
                0.94631851 0.3232356 0,
                0.88081676 0.47345737 0,
                0.79210174 0.61038911 0,
                0.68199641 0.73135555 0,
                0.5547806 0.83199668 0,
                0.41186798 0.91124356 0,
                0.26018947 0.96555758 0,
                0.12995844 0.99151945 0,
                -2.1160851e-13 1 0,
                0 1 0,
                0.064016141 0.99794888 0,
                0.13172393 0.99128646 0,
                0.27310103 0.96198535 0,
                0.41745231 0.90869886 0,
                0.55682194 0.83063185 0,
                0.62366921 0.78168839 0,
                0.6871326 0.72653204 0,
                0.74624872 0.66566724 0,
                0.80018687 0.59975076 0,
                0.87882036 0.47715273 0,
                -0 -0 1,
                -0 -0 1,
                -0 -0 1,
                -0 -0 1,
                -0 -0 1,
                1 -0 -1.9428903e-16,
                1 -0 -1.9428903e-16,
                0.9851343 -0 -0.17178604,
                0.94097912 -0 -0.33846465,
                0.86884725 -0 -0.4950802,
                0.77088338 -0 -0.6369763,
                0.64999998 -0 -0.75993419,
                0.64999998 -0 -0.75993419,
                0.77088338 -0 -0.6369763,
                0.86884725 -0 -0.4950802,
                0.94097912 -0 -0.33846465,
                0.9851343 -0 -0.17178604,
                -0 -0 -1,
                -0 -0 -1,
                -0 -0 -1,
                -0 -0 -1,
                1 -0 -0,
                1 -0 -0,
                1 -0 -0,
                1 -0 -0,
                0.64999998 -0 0.75993419,
                0.64999998 -0 0.75993419,
                0.77088338 -0 0.6369763,
                0.86884725 -0 0.4950802,
                0.94097912 -0 0.33846465,
                0.9851343 -0 0.17178604,
                1 -0 -1.9428903e-16,
                1 -0 -1.9428903e-16,
                0.9851343 -0 0.17178604,
                0.94097912 -0 0.33846465,
                0.86884725 -0 0.4950802,
                0.77088338 -0 0.6369763,
                0.10927918 -0.29891124 -0.94800323,
                0.055489872 -0.3133882 -0.94800246,
                -4.5361691e-08 -0.3182607 -0.94800323,
                1.6673346e-12 -0.11121145 -0.99379677,
                0.0097324187 -0.11078785 -0.99379641,
                0.019390125 -0.10950891 -0.99379665,
                0.028899811 -0.10739399 -0.99379641,
                0.03818598 -0.10445007 -0.99379677,
                -1.7053026e-12 1 0,
                0.16816716 0.98575848 0,
                0.25245076 0.96760976 0,
                0.33538783 0.94208014 0,
                0.41577548 0.90946728 0,
                0.49393705 0.86949766 0,
                0.56876892 0.82249737 0,
                0.63926876 0.76898342 0,
                0.70217842 0.71200103 0,
                0.76047736 0.64936441 0,
                0.81338692 0.58172303 0,
                0.86025161 0.50986975 0,
                0.89978594 0.43633157 0,
                0.93321991 0.35930571 0,
                0.96010953 0.27962416 0,
                0.98019433 0.19803801 0,
                0.99502683 0.099607386 0,
                1 -1.5009721e-07 0,
                1 -1.6116667e-07 0,
                0.99616361 0.087510355 0,
                0.98468333 0.17435236 0,
                0.96564722 0.25985649 0,
                0.93920249 0.34336373 0,
                0.87152362 0.49035349 0,
                0.78189719 0.62340742 0,
                0.6731723 0.73948568 0,
                0.54976845 0.83531708 0,
                0.41279984 0.91082174 0,
                0.27126288 0.96250528 0,
                0.13083896 0.99140364 0,
                0.063594662 0.99797583 0,
                -6.2461147e-13 1 0,
                -0 -0 1,
                -0 -0 1,
                -0 -0 1,
                -0 -0 1,
                -0 -0 -1,
                -0 -0 -1,
                -0 -0 -1,
                -0 -0 -1,
                -0.03818598 -0.10445007 -0.99379677,
                -0.028899813 -0.10739399 -0.99379641,
                -0.01939013 -0.10950891 -0.99379665,
                -0.0097324252 -0.11078785 -0.99379641,
                -1.8316857e-14 -0.11121145 -0.99379677,
                5.0616813e-13 -0.3182607 -0.94800323,
                -0.055489894 -0.3133882 -0.94800246,
                -0.10927918 -0.29891124 -0.94800323,
                -0.93920249 0.34336373 0,
                -0.96564722 0.25985649 0,
                -0.98468333 0.17435236 0,
                -0.99616361 0.087510385 0,
                -1 1.5838442e-12 0,
                -1 1.5543122e-15 0,
                -0.98646849 0.16395108 0,
                -0.94631851 0.32323563 0,
                -0.8808167 0.4734574 0,
                -0.79210174 0.61038911 0,
                -0.68199635 0.73135555 0,
                -0.5547806 0.83199668 0,
                -0.41186795 0.91124356 0,
                -0.26018944 0.96555758 0,
                -0.12995841 0.99151945 0,
                2.1160851e-13 1 0,
                0 1 0,
                -0.064016141 0.99794888 0,
                -0.13172393 0.99128646 0,
                -0.27310103 0.96198535 0,
                -0.41745231 0.90869886 0,
                -0.55682194 0.83063185 0,
                -0.62366921 0.78168839 0,
                -0.6871326 0.72653204 0,
                -0.74624872 0.66566724 0,
                -0.80018687 0.59975076 0,
                -0.87882036 0.47715273 0,
                -0 -0 -1,
                -0 -0 -1,
                -0 -0 -1,
                -0 -0 -1,
                -1 -0 5.5511151e-17,
                -1 -0 5.5511151e-17,
                -0.9851343 -0 0.17178604,
                -0.94097912 -0 0.33846465,
                -0.86884725 -0 0.4950802,
                -0.77088338 -0 0.6369763,
                -0.64999998 -0 0.75993419,
                -0.64999998 -0 0.75993419,
                -0.77088338 -0 0.6369763,
                -0.86884725 -0 0.4950802,
                -0.94097912 -0 0.33846465,
                -0.9851343 -0 0.17178604,
                -0 -0 1,
                -0 -0 1,
                -0 -0 1,
                -0 -0 1,
                -1 -0 -0,
                -1 -0 -0,
                -1 -0 -0,
                -1 -0 -0,
                -0.64999998 -0 -0.75993419,
                -0.64999998 -0 -0.75993419,
                -0.77088338 -0 -0.6369763,
                -0.86884725 -0 -0.4950802,
                -0.94097912 -0 -0.33846465,
                -0.9851343 -0 -0.17178604,
                -1 -0 5.5511151e-17,
                -1 -0 5.5511151e-17,
                -0.9851343 -0 -0.17178604,
                -0.94097912 -0 -0.33846465,
                -0.86884725 -0 -0.4950802,
                -0.77088338 -0 -0.6369763,
                -0 -0 -1,
                -0 -0 -1,
                -0 -0 -1,
                -0 -0 -1,
                1.6653345e-15 -0 -1,
                0.16725358 -0 -0.98591393,
                0.32979527 -0 -0.94405246,
                0.48304591 -0 -0.87559503,
                0.62268806 -0 -0.78247017,
                0.74478775 -0 -0.66730142,
                0.84590518 -0 -0.53333336,
                0.84590518 -0 -0.53333336,
                0.74478775 -0 -0.66730142,
                0.62268806 -0 -0.78247017,
                0.48304591 -0 -0.87559503,
                0.32979527 -0 -0.94405246,
                0.16725358 -0 -0.98591393,
                1.6653345e-15 -0 -1,
                -0 -0 -1,
                -0 -0 -1,
                -0 -0 -1,
                -0 -0 -1,
                1.6653345e-15 -0 -1,
                -0.16725358 -0 -0.98591393,
                -0.32979527 -0 -0.94405246,
                -0.48304591 -0 -0.87559503,
                -0.62268806 -0 -0.78247017,
                -0.74478775 -0 -0.66730142,
                -0.84590518 -0 -0.53333336,
                -0.84590518 -0 -0.53333336,
                -0.74478775 -0 -0.66730142,
                -0.62268806 -0 -0.78247017,
                -0.48304591 -0 -0.87559503,
                -0.32979527 -0 -0.94405246,
                -0.16725358 -0 -0.98591393,
                1.6653345e-15 -0 -1,
                -0.66143781 -0 0.75,
                -0.66143781 -0 0.75,
                -0.54650688 -0 0.83745462,
                -0.42017716 -0 0.90744209,
                -0.28508365 -0 0.95850265,
                -0.14404403 -0 0.98957127,
                3.3306691e-16 -0 1,
                -1.110223e-16 -0 1,
                -0.14404403 -0 0.98957127,
                -0.28508365 -0 0.95850265,
                -0.42017716 -0 0.90744209,
                -0.54650688 -0 0.83745462,
                -0.66143781 0 0.75,
                -0.66143781 0 0.75,
                -0.54650688 0 0.83745462,
                -0.42017716 0 0.90744209,
                -0.28508365 0 0.95850265,
                -0.14404403 0 0.98957127,
                -1.110223e-15 0 1,
                -2.220446e-16 0 1,
                -0.14404403 0 0.98957127,
                -0.28508365 0 0.95850265,
                -0.42017716 0 0.90744209,
                -0.54650688 0 0.83745462,
                0 0 1,
                0 0 1,
                0.14404403 0 0.98957127,
                0.28508365 0 0.95850265,
                0.42017716 0 0.90744209,
                0.54650688 0 0.83745462,
                0.66143781 0 0.75,
                0.66143781 0 0.75,
                0.54650688 0 0.83745462,
                0.42017716 0 0.90744209,
                0.28508365 0 0.95850265,
                0.14404403 0 0.98957127,
                -1.110223e-16 -0 1,
                -1.110223e-16 -0 1,
                0.14404403 -0 0.98957127,
                0.28508365 -0 0.95850265,
                0.42017716 -0 0.90744209,
                0.54650688 -0 0.83745462,
                0.66143781 -0 0.75,
                0.66143781 -0 0.75,
                0.54650688 -0 0.83745462,
                0.42017716 -0 0.90744209,
                0.28508365 -0 0.95850265,
                0.14404403 -0 0.98957127,
                -0 1 0,
                -0 1 0,
                -0 1 0,
                -0 1 0,
                -0 1 0,
                -0 1 0,
                -0 1 0,
                -0 1 0,
                -0 1 0,
                -0 1 0,
                -0 1 0,
                -0 1 0,
                -0 1 0,
                -0 1 0,
                -0 1 0,
                -0 1 0,
                -0 1 0,
                -0 1 0,
                -0 1 0,
                -0 1 0,
                -0 -0.20094414 0.97960269,
                -0 -0.20094414 0.97960269,
                -0 -0.20094414 0.97960269,
                -0 -0.20094414 0.97960269,
                0 0 1,
                0 0 1,
                0 0 1,
                0 0 1,
                1 0 0,
                1 0 0,
                0.99322921 0 0.11617119,
                0.97300851 0 0.23076923,
                0.92101848 0 0.38951892,
                0.84332794 0 0.53739929,
                0.74210483 0 0.67028385,
                0.62017369 0 0.78446454,
                0.48093694 0 0.87675518,
                0.32827994 0 0.9445805,
                0.1664625 0 0.9860478,
                1.7763568e-15 0 1,
                0 0 1,
                0.17364818 0 0.98480773,
                0.34202015 0 0.93969262,
                0.5 0 0.86602539,
                0.64278764 0 0.76604444,
                0.76604444 0 0.64278764,
                0.86602539 0 0.5,
                0.93969262 0 0.34202015,
                0.98480773 0 0.17364818,
                -2.220446e-16 0 1,
                -0.1664625 0 0.9860478,
                -0.32827994 0 0.9445805,
                -0.48093694 0 0.87675518,
                -0.62017369 0 0.78446454,
                -0.74210483 0 0.67028385,
                -0.84332794 0 0.53739929,
                -0.92101848 0 0.38951892,
                -0.97300851 0 0.23076923,
                -0.99322921 0 0.11617119,
                -1 0 -2.220446e-16,
                -1 0 -2.220446e-16,
                -0.98480773 0 0.17364818,
                -0.93969262 0 0.34202015,
                -0.86602539 0 0.5,
                -0.76604444 0 0.64278764,
                -0.64278764 0 0.76604444,
                -0.5 0 0.86602539,
                -0.34202015 0 0.93969262,
                -0.17364818 0 0.98480773,
                -2.220446e-16 0 1,
                -1 0 0,
                -1 0 0,
                -1 0 0,
                -1 0 0,
                -0 -0.20094414 0.97960269,
                -0 -0.20094414 0.97960269,
                -0 -0.20094414 0.97960269,
                -0 -0.20094414 0.97960269,
                -0 1 0,
                -0 1 0,
                -0 1 0,
                -0 1 0,
                -0 1 0,
                -0 1 0,
                -0 1 0,
                -0 1 0,
                -0 1 0,
                -0 1 0,
                -0 1 0,
                -0 1 0,
                -0 1 0,
                -0 1 0,
                -0 1 0,
                -0 1 0,
                -0 1 0,
                -0 1 0,
                -0 1 0,
                -0 1 0,
                0 -0.20094414 -0.97960269,
                0 -0.20094414 -0.97960269,
                0 -0.20094414 -0.97960269,
                0 -0.20094414 -0.97960269,
                0 -0.20094414 -0.97960269,
                0 -0.20094414 -0.97960269,
                0 -0.20094414 -0.97960269,
                0 -0.20094414 -0.97960269,
                2.803725e-14 -0.065155596 0.99787509,
                -0.0070934598 -0.06477268 0.99787486,
                -0.014102516 -0.063612342 0.99787503,
                -0.02094526 -0.061701808 0.99787486,
                -0.027535943 -0.059051022 0.99787509,
                -0.42261827 -0.90630782 -3.5443103e-11,
                2.3925026e-12 -1 -3.4157069e-10,
                -0.028027117 -0.12642215 0.99158055,
                -0.054695405 -0.24671504 0.96754336,
                -0.1002119 -0.45202667 0.88635743,
                -0.15635644 -0.70527834 0.69147319,
                -0.19523233 -0.88063616 0.43169931,
                -0.21049669 -0.94948924 0.23272598,
                0 -1 -0,
                0 -1 -0,
                0 -1 -0,
                0 -1 -0,
                0 -1 -0,
                0 -1 -0,
                0 -1 -0,
                0 -1 -0,
                0 -1 -0,
                0 -1 -0,
                0 -1 -0,
                0 -1 -0,
                0 -1 -0,
                0 -1 -0,
                0 -1 -0,
                0 -1 -0,
                0 -1 -0,
                0 -1 -0,
                0 -1 -0,
                0 -1 -0,
                0 -1 -0,
                0 -1 -0,
                0 -1 -0,
                0 -1 -0,
                0 -1 -0,
                0 -1 -0,
                0 -1 -0,
                0 -1 -0,
                0 -1 -0,
                0 -1 -0,
                0 -1 -0,
                0 -1 -0,
                0 -1 -0,
                0 -1 -0,
                0 -1 -0,
                0 -1 -0,
                0 -1 -0,
                0 -1 -0,
                0 -1 -0,
                0 -1 -0,
                0 -1 -0,
                0 -1 -0,
                0 -1 -0,
                0 -1 -0,
                0 -1 -0,
                0 -1 -0,
                0 -1 -0,
                0 -1 -0,
                0 -1 -0,
                0 -1 -0,
                0 -1 -0,
                0 -1 -0,
                0 -1 -0,
                0 -1 -0,
                0 -1 -0,
                0 -1 -0,
                0 -1 -0,
                0 -1 -0,
                0 -1 -0,
                0 -1 -0,
                0 -1 -0,
                0 -1 -0,
                0 -1 -0,
                0 -1 -0,
                0 -1 -0,
                0 -1 -0,
                0 -1 -0,
                0 -1 -0,
                0 -1 -0,
                0 -1 -0,
                0 -1 -0,
                0 -1 -0,
                0 -1 -0,
                0 -1 -0,
                0 -1 -0,
                0 -1 -0,
                0 -1 -0,
                0 -1 -0,
                0 -1 -0,
                0 -1 -0,
                0 -1 -0,
                0 -1 -0,
                0 -1 -0,
                0 -1 -0,
                0 -1 -0,
                0 -1 -0,
                0 -1 -0,
                0 -1 -0,
                0 -1 -0,
                0 -1 -0,
                0 -1 -0,
                0 -1 -0,
                0 -1 -0,
                0 -1 -0,
                0 -1 -0,
                0 -1 -0,
                0 -1 -0,
                0 -1 -0,
                0 -1 -0,
                0 -1 -0,
                0 -1 -0,
                0 -1 -0,
                0 -1 -0,
                0 -1 -0,
                0 -1 -0,
                0 -1 -0,
                0 -1 -0,
                0 -1 -0,
                0 -1 -0,
                0 -1 -0,
                0 -1 -0,
                0 -1 -0,
                0 -1 -0,
                0 -1 -0,
                0 -1 -0,
                0 -1 -0,
                0 -1 -0,
                0 -1 -0,
                0 -1 -0,
                0 -1 -0,
                0 -1 -0,
                0 -1 -0,
                0 -1 -0,
                0 -1 -0,
                0 -1 -0,
                0 -1 -0,
                0 -1 -0,
                0 -1 -0,
                0 -1 -0,
                0 -1 -0,
                4.0285497e-13 -1 -2.9805627e-10,
                0.42261827 -0.90630782 1.3060875e-10,
                0.027535943 -0.059051022 0.99787509,
                0.02094526 -0.061701808 0.99787486,
                0.014102516 -0.063612342 0.99787503,
                0.0070934598 -0.06477268 0.99787486,
                3.7052979e-14 -0.065155596 0.99787509,
                0.21049669 -0.94948924 0.23272598,
                0.19523233 -0.88063616 0.43169931,
                0.15635644 -0.70527834 0.69147319,
                0.1002119 -0.45202667 0.88635743,
                0.054695405 -0.24671504 0.96754336,
                0.028027117 -0.12642215 0.99158055,
                -2.8315151e-14 -0.065155596 -0.99787509,
                0.0070934598 -0.06477268 -0.99787486,
                0.014102516 -0.063612342 -0.99787503,
                0.02094526 -0.061701808 -0.99787486,
                0.027535943 -0.059051022 -0.99787509,
                0.42261827 -0.90630782 3.5009315e-11,
                -2.3351019e-12 -1 3.4204675e-10,
                0.028027117 -0.12642215 -0.99158055,
                0.054695405 -0.24671504 -0.96754336,
                0.1002119 -0.45202667 -0.88635743,
                0.15635644 -0.70527834 -0.69147319,
                0.19523233 -0.88063616 -0.43169931,
                0.21049669 -0.94948924 -0.23272598,
                1 -0 -0,
                1 -0 -0,
                1 -0 -0,
                1 -0 -0,
                1 -0 -0,
                1 -0 -0,
                1 -0 -0,
                1 -0 -0,
                1 -0 -0,
                1 -0 -0,
                1 -0 -0,
                1 -0 -0,
                1 -0 -0,
                1 -0 -0,
                1 -0 -0,
                1 -0 -0,
                1 -0 -0,
                1 -0 -0,
                1 -0 -0,
                1 -0 -0,
                1 -0 -0,
                1 -0 -0,
                1 -0 -0,
                1 -0 -0,
                1 -0 -0,
                1 -0 -0,
                1 -0 -0,
                1 -0 -0,
                1 -0 -0,
                1 -0 -0,
                1 -0 -0,
                1 -0 -0,
                1 -0 -0,
                1 -0 -0,
                1 -0 -0,
                1 -0 -0,
                -3.8043776e-13 -1 2.9737715e-10,
                -0.42261827 -0.90630782 -1.3007151e-10,
                -0.027535943 -0.059051022 -0.99787509,
                -0.02094526 -0.061701808 -0.99787486,
                -0.014102516 -0.063612342 -0.99787503,
                -0.0070934598 -0.06477268 -0.99787486,
                -5.3945336e-14 -0.065155596 -0.99787509,
                -0.21049669 -0.94948924 -0.23272598,
                -0.19523233 -0.88063616 -0.43169931,
                -0.15635644 -0.70527834 -0.69147319,
                -0.1002119 -0.45202667 -0.88635743,
                -0.054695405 -0.24671504 -0.96754336,
                -0.028027117 -0.12642215 -0.99158055,
                -1 -0 -0,
                -1 -0 -0,
                -1 -0 -0,
                -1 -0 -0,
                -1 -0 -0,
                -1 -0 -0,
                -1 -0 -0,
                -1 -0 -0,
                -1 -0 -0,
                -1 -0 -0,
                -1 -0 -0,
                -1 -0 -0,
                -1 -0 -0,
                -1 -0 -0,
                -1 -0 -0,
                -1 -0 -0,
                -1 -0 -0,
                -1 -0 -0,
                -1 -0 -0,
                -1 -0 -0,
                -1 -0 -0,
                -1 -0 -0,
                -1 -0 -0,
                -1 -0 -0,
                -1 -0 -0,
                -1 -0 -0,
                -1 -0 -0,
                -1 -0 -0,
                -1 -0 -0,
                -1 -0 -0,
                -1 -0 -0,
                -1 -0 -0,
                -1 -0 -0,
                -1 -0 -0,
                -1 -0 -0,
                -1 -0 -0,
                -0 -0 1,
                -0 -0 1,
                -0 -0 1,
                -0 -0 1,
                -0 -0 1,
                -0 -0 1,
                -0 -0 1,
                -0 -0 1,
                0.084922664 -0.18211724 0.97960269,
                0.084922664 -0.18211724 0.97960269,
                0.084922664 -0.18211724 0.97960269,
                0.084922664 -0.18211724 0.97960269,
                0.084922664 -0.18211724 0.97960269,
                0.15415657 -0.33058983 0.93109941,
                0.21889065 -0.46941251 0.85541731,
                0.2772353 -0.59453303 0.75476557,
                0.32748744 -0.70229912 0.63208222,
                0.36818025 -0.78956509 0.49094838,
                0.39812586 -0.85378361 0.33548373,
                0.41645014 -0.89308023 0.17022632,
                0.42261827 -0.90630782 1.110223e-16,
                0.42261827 -0.90630782 1.110223e-16,
                0.41645014 -0.89308023 0.17022632,
                0.39812586 -0.85378361 0.33548373,
                0.36818025 -0.78956509 0.49094838,
                0.32748744 -0.70229912 0.63208222,
                0.2772353 -0.59453303 0.75476557,
                0.21889065 -0.46941251 0.85541731,
                0.15415657 -0.33058983 0.93109941,
                0.084922664 -0.18211724 0.97960269,
                0.42261827 -0.90630782 -0,
                0.42261827 -0.90630782 -0,
                0.42261827 -0.90630782 -0,
                0.42261827 -0.90630782 -0,
                0.39044836 -0.8373192 -0.38268343,
                0.40821791 -0.87542611 -0.25881904,
                0.41900271 -0.89855421 -0.13052619,
                0.42261827 -0.90630782 -2.220446e-16,
                0.42261827 -0.90630782 -2.220446e-16,
                0.41900271 -0.89855421 -0.13052619,
                0.40821791 -0.87542611 -0.25881904,
                0.39044836 -0.8373192 -0.38268343,
                0.39044836 -0.8373192 -0.38268343,
                0.39044836 -0.8373192 -0.38268343,
                0.39044836 -0.8373192 -0.38268343,
                0.39044836 -0.8373192 -0.38268343,
                0.39044836 -0.8373192 -0.38268343,
                0.41094127 -0.88126642 -0.23344536,
                0.42131546 -0.90351397 -0.078459099,
                0.42131546 -0.90351397 0.078459099,
                0.41094127 -0.88126642 0.23344536,
                0.39044836 -0.8373192 0.38268343,
                0.39044836 -0.8373192 0.38268343,
                0.41094127 -0.88126642 0.23344536,
                0.42131546 -0.90351397 0.078459099,
                0.42131546 -0.90351397 -0.078459099,
                0.41094127 -0.88126642 -0.23344536,
                0.39044836 -0.8373192 -0.38268343,
                0.39044836 -0.8373192 0.38268343,
                0.39044836 -0.8373192 0.38268343,
                0.39044836 -0.8373192 0.38268343,
                0.39044836 -0.8373192 0.38268343,
                0.39044836 -0.8373192 0.38268343,
                0.40821791 -0.87542611 0.25881904,
                0.41900271 -0.89855421 0.13052619,
                0.42261827 -0.90630782 1.110223e-16,
                0.42261827 -0.90630782 5.5511151e-16,
                0.41900271 -0.89855421 0.13052619,
                0.40821791 -0.87542611 0.25881904,
                0.39044836 -0.8373192 0.38268343,
                0.42261827 -0.90630782 -0,
                0.42261827 -0.90630782 -0,
                0.42261827 -0.90630782 -0,
                0.42261827 -0.90630782 -0,
                0.42261827 -0.90630782 1.110223e-16,
                0.41645014 -0.89308023 -0.17022632,
                0.39812586 -0.85378361 -0.33548373,
                0.36818025 -0.78956509 -0.49094838,
                0.32748744 -0.70229912 -0.63208222,
                0.2772353 -0.59453303 -0.75476557,
                0.21889065 -0.46941251 -0.85541731,
                0.15415657 -0.33058983 -0.93109941,
                0.084922664 -0.18211724 -0.97960269,
                0.084922664 -0.18211724 -0.97960269,
                0.15415657 -0.33058983 -0.93109941,
                0.21889065 -0.46941251 -0.85541731,
                0.2772353 -0.59453303 -0.75476557,
                0.32748744 -0.70229912 -0.63208222,
                0.36818025 -0.78956509 -0.49094838,
                0.39812586 -0.85378361 -0.33548373,
                0.41645014 -0.89308023 -0.17022632,
                0.42261827 -0.90630782 1.110223e-16,
                0.084922664 -0.18211724 -0.97960269,
                0.084922664 -0.18211724 -0.97960269,
                0.084922664 -0.18211724 -0.97960269,
                0.084922664 -0.18211724 -0.97960269,
                0.90630782 0.42261827 -0,
                0.90630782 0.42261827 -0,
                0.90630782 0.42261827 -0,
                0.90630782 0.42261827 -0,
                0.90630782 0.42261827 -0,
                0.90630782 0.42261827 -0,
                0.90630782 0.42261827 -0,
                0.90630782 0.42261827 -0,
                0.90630782 0.42261827 -0,
                0.90630782 0.42261827 -0,
                0.90630782 0.42261827 -0,
                0.90630782 0.42261827 -0,
                0.90630782 0.42261827 -0,
                0.90630782 0.42261827 -0,
                0.90630782 0.42261827 -0,
                0.90630782 0.42261827 -0,
                0.90630782 0.42261827 -0,
                0.90630782 0.42261827 -0,
                0.90630782 0.42261827 -0,
                0.90630782 0.42261827 -0,
                0.90630782 0.42261827 -0,
                0.90630782 0.42261827 -0,
                0.90630782 0.42261827 -0,
                0.90630782 0.42261827 -0,
                0.90630782 0.42261827 -0,
                0.90630782 0.42261827 -0,
                0.90630782 0.42261827 -0,
                0.90630782 0.42261827 -0,
                0.90630782 0.42261827 -0,
                0.90630782 0.42261827 -0,
                0.90630782 0.42261827 -0,
                0.90630782 0.42261827 -0,
                0.90630782 0.42261827 -0,
                0.90630782 0.42261827 -0,
                -0.084922664 -0.18211724 -0.97960269,
                -0.084922664 -0.18211724 -0.97960269,
                -0.084922664 -0.18211724 -0.97960269,
                -0.084922664 -0.18211724 -0.97960269,
                -0.084922664 -0.18211724 -0.97960269,
                -0.15415657 -0.33058983 -0.93109941,
                -0.21889065 -0.46941251 -0.85541731,
                -0.2772353 -0.59453303 -0.75476557,
                -0.32748744 -0.70229912 -0.63208222,
                -0.36818025 -0.78956509 -0.49094838,
                -0.39812586 -0.85378361 -0.33548373,
                -0.41645014 -0.89308023 -0.17022632,
                -0.42261827 -0.90630782 -2.220446e-16,
                -0.42261827 -0.90630782 -2.220446e-16,
                -0.41645014 -0.89308023 -0.17022632,
                -0.39812586 -0.85378361 -0.33548373,
                -0.36818025 -0.78956509 -0.49094838,
                -0.32748744 -0.70229912 -0.63208222,
                -0.2772353 -0.59453303 -0.75476557,
                -0.21889065 -0.46941251 -0.85541731,
                -0.15415657 -0.33058983 -0.93109941,
                -0.084922664 -0.18211724 -0.97960269,
                -0.42261827 -0.90630782 -0,
                -0.42261827 -0.90630782 -0,
                -0.42261827 -0.90630782 -0,
                -0.42261827 -0.90630782 -0,
                -0.39044836 -0.8373192 0.38268343,
                -0.40821791 -0.87542611 0.25881904,
                -0.41900271 -0.89855421 0.13052619,
                -0.42261827 -0.90630782 1.110223e-16,
                -0.42261827 -0.90630782 5.5511151e-16,
                -0.41900271 -0.89855421 0.13052619,
                -0.40821791 -0.87542611 0.25881904,
                -0.39044836 -0.8373192 0.38268343,
                -0.39044836 -0.8373192 0.38268343,
                -0.39044836 -0.8373192 0.38268343,
                -0.39044836 -0.8373192 0.38268343,
                -0.39044836 -0.8373192 0.38268343,
                -0.42261827 -0.90630782 2.4492937e-16,
                -0.41900271 -0.89855421 0.13052619,
                -0.40821791 -0.87542611 0.25881904,
                -0.39044836 -0.8373192 0.38268343,
                -0.39044836 -0.8373192 0.38268343,
                -0.40821791 -0.87542611 0.25881904,
                -0.41900271 -0.89855421 0.13052619,
                -0.42261827 -0.90630782 1.1331077e-15,
                -0.39044836 -0.8373192 -0.38268343,
                -0.39044836 -0.8373192 -0.38268343,
                -0.39044836 -0.8373192 -0.38268343,
                -0.39044836 -0.8373192 -0.38268343,
                -0.39044836 -0.8373192 -0.38268343,
                -0.40821791 -0.87542611 -0.25881904,
                -0.41900271 -0.89855421 -0.13052619,
                -0.42261827 -0.90630782 -2.220446e-16,
                -0.42261827 -0.90630782 -2.220446e-16,
                -0.41900271 -0.89855421 -0.13052619,
                -0.40821791 -0.87542611 -0.25881904,
                -0.39044836 -0.8373192 -0.38268343,
                -0.42261827 -0.90630782 -0,
                -0.42261827 -0.90630782 -0,
                -0.42261827 -0.90630782 -0,
                -0.42261827 -0.90630782 -0,
                -0.42261827 -0.90630782 -1.8651747e-14,
                -0.41645014 -0.89308023 0.17022632,
                -0.39812586 -0.85378361 0.33548373,
                -0.36818025 -0.78956509 0.49094838,
                -0.32748744 -0.70229912 0.63208222,
                -0.2772353 -0.59453303 0.75476557,
                -0.21889065 -0.46941251 0.85541731,
                -0.15415657 -0.33058983 0.93109941,
                -0.084922664 -0.18211724 0.97960269,
                -0.084922664 -0.18211724 0.97960269,
                -0.15415657 -0.33058983 0.93109941,
                -0.21889065 -0.46941251 0.85541731,
                -0.2772353 -0.59453303 0.75476557,
                -0.32748744 -0.70229912 0.63208222,
                -0.36818025 -0.78956509 0.49094838,
                -0.39812586 -0.85378361 0.33548373,
                -0.41645014 -0.89308023 0.17022632,
                -0.42261827 -0.90630782 -1.4210855e-14,
                -0.90630782 0.42261827 -0,
                -0.90630782 0.42261827 -0,
                -0.90630782 0.42261827 -0,
                -0.90630782 0.42261827 -0,
                -0.90630782 0.42261827 -0,
                -0.90630782 0.42261827 -0,
                -0.90630782 0.42261827 -0,
                -0.90630782 0.42261827 -0,
                -0.90630782 0.42261827 -0,
                -0.90630782 0.42261827 -0,
                -0.90630782 0.42261827 -0,
                -0.90630782 0.42261827 -0,
                -0.90630782 0.42261827 -0,
                -0.90630782 0.42261827 -0,
                -0.90630782 0.42261827 -0,
                -0.90630782 0.42261827 -0,
                -0.90630782 0.42261827 -0,
                -0.90630782 0.42261827 -0,
                -0.90630782 0.42261827 -0,
                -0.90630782 0.42261827 -0,
                -0.90630782 0.42261827 -0,
                -0.90630782 0.42261827 -0,
                -0.90630782 0.42261827 -0,
                -0.90630782 0.42261827 -0,
                -0.90630782 0.42261827 -0,
                -0.90630782 0.42261827 -0,
                -0.90630782 0.42261827 -0,
                -0.90630782 0.42261827 -0,
                -0.90630782 0.42261827 -0,
                -0.90630782 0.42261827 -0,
                -0.90630782 0.42261827 -0,
                -0.90630782 0.42261827 -0,
                -0.90630782 0.42261827 -0,
                -0.90630782 0.42261827 -0,
                -0.90630782 0.42261827 -0

              ]
            }
            coordIndex [
              242 3 1 -1 
              241 240 242 -1 
              240 243 242 -1 
              0 2 243 -1 
              240 0 243 -1 
              241 242 1 -1 
              6 7 5 -1 
              4 6 5 -1 
              7 9 8 -1 
              5 7 8 -1 
              244 10 12 -1 
              245 244 256 -1 
              246 245 255 -1 
              247 246 254 -1 
              11 247 253 -1 
              248 11 252 -1 
              249 248 251 -1 
              9 249 250 -1 
              250 8 9 -1 
              251 250 249 -1 
              252 251 248 -1 
              253 252 11 -1 
              254 253 247 -1 
              255 254 246 -1 
              256 255 245 -1 
              12 256 244 -1 
              264 872 14 -1 
              18 872 270 -1 
              872 272 271 -1 
              873 874 17 -1 
              265 874 875 -1 
              266 265 875 -1 
              267 875 876 -1 
              267 266 875 -1 
              268 267 876 -1 
              876 257 13 -1 
              872 873 273 -1 
              873 17 273 -1 
              875 259 258 -1 
              872 273 272 -1 
              874 260 259 -1 
              873 261 260 -1 
              872 271 270 -1 
              14 872 18 -1 
              264 263 872 -1 
              872 262 261 -1 
              872 263 262 -1 
              876 258 257 -1 
              873 872 261 -1 
              268 876 269 -1 
              874 873 260 -1 
              16 17 874 -1 
              874 265 16 -1 
              876 15 269 -1 
              875 874 259 -1 
              876 13 15 -1 
              876 875 258 -1 
              276 6 4 -1 
              275 276 4 -1 
              14 18 277 -1 
              274 14 277 -1 
              275 274 277 -1 
              277 276 275 -1 
              21 22 20 -1 
              19 21 20 -1 
              280 24 23 -1 
              278 20 281 -1 
              20 22 281 -1 
              279 280 23 -1 
              281 280 279 -1 
              279 278 281 -1 
              878 297 28 -1 
              877 298 297 -1 
              300 299 877 -1 
              24 300 877 -1 
              877 23 24 -1 
              877 287 23 -1 
              877 299 298 -1 
              290 289 877 -1 
              878 290 877 -1 
              878 291 290 -1 
              878 879 291 -1 
              291 879 292 -1 
              879 880 293 -1 
              285 284 881 -1 
              294 880 295 -1 
              294 293 880 -1 
              295 880 881 -1 
              881 282 25 -1 
              881 283 282 -1 
              881 284 283 -1 
              286 285 880 -1 
              877 288 287 -1 
              877 289 288 -1 
              878 877 297 -1 
              292 879 293 -1 
              295 881 296 -1 
              879 878 28 -1 
              881 27 296 -1 
              881 25 27 -1 
              881 880 285 -1 
              879 286 880 -1 
              26 286 879 -1 
              879 28 26 -1 
              307 33 30 -1 
              307 312 33 -1 
              306 313 312 -1 
              305 32 313 -1 
              310 309 302 -1 
              29 311 301 -1 
              301 311 310 -1 
              29 31 311 -1 
              304 308 32 -1 
              303 309 308 -1 
              302 301 310 -1 
              303 302 309 -1 
              304 303 308 -1 
              305 304 32 -1 
              306 305 313 -1 
              307 306 312 -1 
              33 21 19 -1 
              30 33 19 -1 
              882 35 34 -1 
              332 882 34 -1 
              882 316 315 -1 
              323 37 36 -1 
              884 885 36 -1 
              883 884 36 -1 
              321 322 886 -1 
              887 321 886 -1 
              319 887 888 -1 
              319 320 887 -1 
              318 319 888 -1 
              320 321 887 -1 
              888 325 324 -1 
              322 885 886 -1 
              883 36 316 -1 
              885 328 327 -1 
              882 883 316 -1 
              885 329 328 -1 
              884 330 329 -1 
              882 314 35 -1 
              883 331 330 -1 
              882 315 314 -1 
              882 332 331 -1 
              886 327 326 -1 
              883 882 331 -1 
              887 326 325 -1 
              884 883 330 -1 
              888 324 39 -1 
              885 884 329 -1 
              323 36 885 -1 
              885 322 323 -1 
              318 888 317 -1 
              886 885 327 -1 
              888 38 317 -1 
              887 886 326 -1 
              888 39 38 -1 
              888 887 325 -1 
              340 889 41 -1 
              45 889 346 -1 
              889 348 347 -1 
              890 891 44 -1 
              345 891 892 -1 
              344 345 892 -1 
              343 344 893 -1 
              893 344 892 -1 
              342 343 893 -1 
              893 333 40 -1 
              889 890 349 -1 
              890 44 349 -1 
              892 335 334 -1 
              889 349 348 -1 
              891 336 335 -1 
              890 337 336 -1 
              889 347 346 -1 
              41 889 45 -1 
              340 339 889 -1 
              889 338 337 -1 
              889 339 338 -1 
              893 334 333 -1 
              890 889 337 -1 
              342 893 341 -1 
              891 890 336 -1 
              43 44 891 -1 
              891 345 43 -1 
              893 42 341 -1 
              892 891 335 -1 
              893 40 42 -1 
              893 892 334 -1 
              47 898 899 -1 
              350 47 899 -1 
              351 350 899 -1 
              351 899 900 -1 
              897 898 47 -1 
              900 354 353 -1 
              899 355 354 -1 
              898 357 356 -1 
              371 896 370 -1 
              897 359 358 -1 
              897 360 359 -1 
              897 361 360 -1 
              896 371 372 -1 
              361 896 362 -1 
              362 896 363 -1 
              363 895 364 -1 
              364 895 365 -1 
              365 895 366 -1 
              894 368 367 -1 
              894 50 368 -1 
              894 51 50 -1 
              894 377 51 -1 
              894 367 366 -1 
              895 375 894 -1 
              895 374 375 -1 
              895 373 374 -1 
              369 47 46 -1 
              895 372 373 -1 
              895 896 372 -1 
              894 376 377 -1 
              894 375 376 -1 
              898 358 357 -1 
              895 894 366 -1 
              899 356 355 -1 
              896 895 363 -1 
              900 353 49 -1 
              897 896 361 -1 
              897 370 896 -1 
              369 370 897 -1 
              897 47 369 -1 
              351 900 352 -1 
              898 897 358 -1 
              900 48 352 -1 
              899 898 356 -1 
              900 49 48 -1 
              900 899 354 -1 
              54 55 53 -1 
              52 54 53 -1 
              55 57 56 -1 
              53 55 56 -1 
              380 387 386 -1 
              379 388 387 -1 
              378 57 388 -1 
              378 56 57 -1 
              381 386 385 -1 
              379 378 388 -1 
              382 385 60 -1 
              380 379 387 -1 
              383 60 390 -1 
              381 380 386 -1 
              384 390 389 -1 
              382 381 385 -1 
              58 389 59 -1 
              383 382 60 -1 
              384 383 390 -1 
              58 384 389 -1 
              393 54 52 -1 
              392 393 52 -1 
              41 45 394 -1 
              391 41 394 -1 
              392 391 394 -1 
              394 393 392 -1 
              63 64 62 -1 
              61 63 62 -1 
              397 66 65 -1 
              396 395 397 -1 
              395 62 398 -1 
              62 64 398 -1 
              395 398 397 -1 
              396 397 65 -1 
              902 414 70 -1 
              901 415 414 -1 
              417 416 901 -1 
              66 417 901 -1 
              901 65 66 -1 
              901 404 65 -1 
              901 416 415 -1 
              407 406 901 -1 
              902 407 901 -1 
              902 408 407 -1 
              902 903 408 -1 
              408 903 409 -1 
              903 904 410 -1 
              402 401 905 -1 
              411 904 412 -1 
              411 410 904 -1 
              412 904 905 -1 
              905 399 67 -1 
              905 400 399 -1 
              905 401 400 -1 
              403 402 904 -1 
              901 405 404 -1 
              901 406 405 -1 
              902 901 414 -1 
              409 903 410 -1 
              412 905 413 -1 
              903 902 70 -1 
              905 69 413 -1 
              905 67 69 -1 
              905 904 402 -1 
              903 403 904 -1 
              68 403 903 -1 
              903 70 68 -1 
              430 72 71 -1 
              429 428 419 -1 
              427 426 421 -1 
              425 424 422 -1 
              424 75 423 -1 
              426 73 421 -1 
              425 422 73 -1 
              424 423 422 -1 
              75 74 423 -1 
              427 421 420 -1 
              426 425 73 -1 
              428 420 419 -1 
              428 427 420 -1 
              429 419 418 -1 
              430 429 418 -1 
              430 418 72 -1 
              72 63 61 -1 
              71 72 61 -1 
              906 77 76 -1 
              449 906 76 -1 
              906 433 432 -1 
              440 79 78 -1 
              908 909 78 -1 
              907 908 78 -1 
              438 439 910 -1 
              911 438 910 -1 
              436 911 912 -1 
              436 437 911 -1 
              435 436 912 -1 
              437 438 911 -1 
              912 442 441 -1 
              439 909 910 -1 
              907 78 433 -1 
              909 445 444 -1 
              906 907 433 -1 
              909 446 445 -1 
              908 447 446 -1 
              906 431 77 -1 
              907 448 447 -1 
              906 432 431 -1 
              906 449 448 -1 
              910 444 443 -1 
              907 906 448 -1 
              911 443 442 -1 
              908 907 447 -1 
              912 441 81 -1 
              909 908 446 -1 
              440 78 909 -1 
              909 439 440 -1 
              435 912 434 -1 
              910 909 444 -1 
              912 80 434 -1 
              911 910 443 -1 
              912 81 80 -1 
              912 911 442 -1 
              83 917 918 -1 
              450 83 918 -1 
              451 450 918 -1 
              451 918 919 -1 
              916 917 83 -1 
              919 454 453 -1 
              918 455 454 -1 
              917 457 456 -1 
              471 915 470 -1 
              916 459 458 -1 
              916 460 459 -1 
              916 461 460 -1 
              915 471 472 -1 
              461 915 462 -1 
              462 915 463 -1 
              463 914 464 -1 
              464 914 465 -1 
              465 914 466 -1 
              913 468 467 -1 
              913 86 468 -1 
              913 87 86 -1 
              913 477 87 -1 
              913 467 466 -1 
              914 475 913 -1 
              914 474 475 -1 
              914 473 474 -1 
              469 83 82 -1 
              914 472 473 -1 
              914 915 472 -1 
              913 476 477 -1 
              913 475 476 -1 
              917 458 457 -1 
              914 913 466 -1 
              918 456 455 -1 
              915 914 463 -1 
              919 453 85 -1 
              916 915 461 -1 
              916 470 915 -1 
              469 470 916 -1 
              916 83 469 -1 
              451 919 452 -1 
              917 916 458 -1 
              919 84 452 -1 
              918 917 456 -1 
              919 85 84 -1 
              919 918 454 -1 
              427 505 504 -1 
              524 85 14 -1 
              520 100 509 -1 
              526 497 496 -1 
              524 498 497 -1 
              14 499 498 -1 
              12 502 501 -1 
              112 29 95 -1 
              305 306 20 -1 
              544 94 493 -1 
              114 93 94 -1 
              551 480 93 -1 
              550 481 480 -1 
              548 482 481 -1 
              41 483 482 -1 
              485 484 381 -1 
              486 485 383 -1 
              92 486 58 -1 
              513 91 92 -1 
              102 479 91 -1 
              515 104 89 -1 
              391 484 483 -1 
              384 58 486 -1 
              383 384 486 -1 
              382 383 485 -1 
              381 382 485 -1 
              71 61 62 -1 
              380 381 484 -1 
              391 380 484 -1 
              396 65 506 -1 
              392 379 380 -1 
              52 378 379 -1 
              52 56 378 -1 
              52 53 56 -1 
              392 52 379 -1 
              391 392 380 -1 
              41 391 483 -1 
              545 493 492 -1 
              548 41 482 -1 
              547 492 491 -1 
              548 49 41 -1 
              549 548 481 -1 
              550 549 481 -1 
              551 550 480 -1 
              23 491 490 -1 
              114 551 93 -1 
              29 488 487 -1 
              113 114 94 -1 
              544 113 94 -1 
              545 544 493 -1 
              546 545 492 -1 
              547 546 492 -1 
              23 547 491 -1 
              23 34 547 -1 
              302 23 490 -1 
              303 279 23 -1 
              304 278 279 -1 
              305 20 278 -1 
              30 19 20 -1 
              301 490 489 -1 
              307 30 20 -1 
              29 489 488 -1 
              306 307 20 -1 
              29 487 95 -1 
              304 305 278 -1 
              110 96 495 -1 
              303 304 279 -1 
              112 95 96 -1 
              302 303 23 -1 
              301 302 490 -1 
              110 495 494 -1 
              29 301 489 -1 
              109 494 97 -1 
              107 97 98 -1 
              540 112 96 -1 
              541 540 96 -1 
              542 541 96 -1 
              543 542 96 -1 
              111 543 96 -1 
              110 111 96 -1 
              537 536 111 -1 
              538 537 111 -1 
              539 538 111 -1 
              110 539 111 -1 
              12 98 502 -1 
              109 110 494 -1 
              108 109 97 -1 
              533 532 109 -1 
              534 533 109 -1 
              535 534 109 -1 
              108 535 109 -1 
              12 501 500 -1 
              528 108 97 -1 
              529 528 97 -1 
              530 529 97 -1 
              531 530 97 -1 
              107 531 97 -1 
              256 500 499 -1 
              12 107 98 -1 
              256 12 500 -1 
              527 496 99 -1 
              255 256 499 -1 
              14 255 499 -1 
              14 254 255 -1 
              274 253 254 -1 
              275 252 253 -1 
              4 251 252 -1 
              8 250 4 -1 
              106 99 100 -1 
              4 250 251 -1 
              521 509 508 -1 
              4 5 8 -1 
              275 4 252 -1 
              274 275 253 -1 
              14 498 524 -1 
              14 274 254 -1 
              65 507 506 -1 
              523 508 507 -1 
              525 524 497 -1 
              526 525 497 -1 
              527 526 496 -1 
              106 527 99 -1 
              396 506 505 -1 
              105 106 100 -1 
              425 504 503 -1 
              520 105 100 -1 
              521 520 509 -1 
              522 521 508 -1 
              523 522 508 -1 
              65 523 507 -1 
              65 76 523 -1 
              428 396 505 -1 
              428 395 396 -1 
              429 62 395 -1 
              75 503 89 -1 
              430 71 62 -1 
              429 430 62 -1 
              103 478 90 -1 
              428 429 395 -1 
              103 88 478 -1 
              427 428 505 -1 
              516 89 88 -1 
              426 427 504 -1 
              425 426 504 -1 
              424 425 503 -1 
              102 90 479 -1 
              75 424 503 -1 
              104 75 89 -1 
              516 515 89 -1 
              517 516 88 -1 
              518 517 88 -1 
              519 518 88 -1 
              103 519 88 -1 
              102 103 90 -1 
              510 102 91 -1 
              511 510 91 -1 
              512 511 91 -1 
              513 512 91 -1 
              514 513 92 -1 
              101 92 58 -1 
              101 514 92 -1 
              115 116 107 -1 
              12 115 107 -1 
              12 10 115 -1 
              262 453 454 -1 
              262 454 455 -1 
              261 455 456 -1 
              261 456 457 -1 
              260 457 458 -1 
              260 458 459 -1 
              259 459 460 -1 
              258 460 461 -1 
              258 461 462 -1 
              257 462 463 -1 
              257 463 464 -1 
              13 464 465 -1 
              13 465 466 -1 
              554 466 467 -1 
              553 467 468 -1 
              552 468 86 -1 
              263 85 453 -1 
              552 86 117 -1 
              553 468 552 -1 
              554 467 553 -1 
              13 466 554 -1 
              257 464 13 -1 
              258 462 257 -1 
              259 460 258 -1 
              260 459 259 -1 
              261 457 260 -1 
              262 455 261 -1 
              263 453 262 -1 
              264 85 263 -1 
              14 85 264 -1 
              554 555 15 -1 
              552 118 555 -1 
              552 117 118 -1 
              553 552 555 -1 
              554 553 555 -1 
              13 554 15 -1 
              25 557 27 -1 
              556 558 557 -1 
              556 559 558 -1 
              119 120 559 -1 
              556 119 559 -1 
              25 556 557 -1 
              325 27 557 -1 
              324 557 558 -1 
              324 558 559 -1 
              39 559 120 -1 
              324 559 39 -1 
              325 557 324 -1 
              326 27 325 -1 
              291 329 330 -1 
              289 330 331 -1 
              289 331 332 -1 
              287 332 34 -1 
              287 34 23 -1 
              292 328 329 -1 
              288 332 287 -1 
              289 332 288 -1 
              290 330 289 -1 
              294 327 328 -1 
              291 330 290 -1 
              292 329 291 -1 
              293 328 292 -1 
              295 326 327 -1 
              294 328 293 -1 
              295 327 294 -1 
              296 27 326 -1 
              296 326 295 -1 
              112 122 29 -1 
              112 121 122 -1 
              29 122 31 -1 
              560 123 113 -1 
              544 560 113 -1 
              545 561 560 -1 
              546 562 561 -1 
              547 563 562 -1 
              34 35 563 -1 
              547 34 563 -1 
              546 547 562 -1 
              545 546 561 -1 
              544 545 560 -1 
              38 39 124 -1 
              125 124 39 -1 
              123 126 114 -1 
              113 123 114 -1 
              564 48 49 -1 
              548 564 49 -1 
              549 565 564 -1 
              550 566 565 -1 
              551 567 566 -1 
              114 126 567 -1 
              551 114 567 -1 
              550 551 566 -1 
              549 550 565 -1 
              548 549 564 -1 
              570 571 42 -1 
              568 128 571 -1 
              568 127 128 -1 
              569 568 571 -1 
              570 569 571 -1 
              40 570 42 -1 
              338 353 354 -1 
              338 354 355 -1 
              337 355 356 -1 
              337 356 357 -1 
              336 357 358 -1 
              336 358 359 -1 
              335 359 360 -1 
              334 360 361 -1 
              334 361 362 -1 
              333 362 363 -1 
              333 363 364 -1 
              40 364 365 -1 
              40 365 366 -1 
              570 366 367 -1 
              569 367 368 -1 
              568 368 50 -1 
              339 49 353 -1 
              568 50 127 -1 
              569 368 568 -1 
              570 367 569 -1 
              40 366 570 -1 
              333 364 40 -1 
              334 362 333 -1 
              335 360 334 -1 
              336 359 335 -1 
              337 357 336 -1 
              338 355 337 -1 
              339 353 338 -1 
              340 49 339 -1 
              41 49 340 -1 
              51 130 129 -1 
              50 51 129 -1 
              59 131 101 -1 
              58 59 101 -1 
              67 573 69 -1 
              572 574 573 -1 
              572 575 574 -1 
              132 133 575 -1 
              572 132 575 -1 
              67 572 573 -1 
              442 69 573 -1 
              441 573 574 -1 
              441 574 575 -1 
              81 575 133 -1 
              441 575 81 -1 
              442 573 441 -1 
              443 69 442 -1 
              408 446 447 -1 
              406 447 448 -1 
              406 448 449 -1 
              404 449 76 -1 
              404 76 65 -1 
              409 445 446 -1 
              405 449 404 -1 
              406 449 405 -1 
              407 447 406 -1 
              411 444 445 -1 
              408 447 407 -1 
              409 446 408 -1 
              410 445 409 -1 
              412 443 444 -1 
              411 445 410 -1 
              412 444 411 -1 
              413 69 443 -1 
              413 443 412 -1 
              75 104 134 -1 
              74 75 134 -1 
              576 135 105 -1 
              520 576 105 -1 
              521 577 576 -1 
              522 578 577 -1 
              77 579 76 -1 
              523 579 578 -1 
              523 76 579 -1 
              522 523 578 -1 
              521 522 577 -1 
              520 521 576 -1 
              80 81 136 -1 
              137 136 81 -1 
              135 138 106 -1 
              105 135 106 -1 
              580 84 85 -1 
              524 580 85 -1 
              525 581 580 -1 
              526 582 581 -1 
              527 583 582 -1 
              106 138 583 -1 
              527 106 583 -1 
              526 527 582 -1 
              525 526 581 -1 
              524 525 580 -1 
              87 140 139 -1 
              86 87 139 -1 
              587 513 514 -1 
              586 512 513 -1 
              585 511 512 -1 
              584 510 511 -1 
              141 102 510 -1 
              588 514 101 -1 
              584 141 510 -1 
              585 584 511 -1 
              586 585 512 -1 
              587 586 513 -1 
              588 587 514 -1 
              131 588 101 -1 
              103 102 141 -1 
              142 103 141 -1 
              589 134 515 -1 
              590 589 516 -1 
              591 590 517 -1 
              592 591 518 -1 
              593 592 519 -1 
              142 593 103 -1 
              519 103 593 -1 
              518 519 592 -1 
              517 518 591 -1 
              516 517 590 -1 
              515 516 589 -1 
              104 515 134 -1 
              594 143 108 -1 
              528 529 594 -1 
              530 531 596 -1 
              531 107 597 -1 
              531 597 596 -1 
              107 116 597 -1 
              530 596 595 -1 
              529 530 595 -1 
              529 595 594 -1 
              528 594 108 -1 
              598 108 143 -1 
              535 598 534 -1 
              533 600 532 -1 
              532 601 109 -1 
              532 600 601 -1 
              109 601 144 -1 
              533 599 600 -1 
              534 599 533 -1 
              534 598 599 -1 
              535 108 598 -1 
              602 110 145 -1 
              539 110 602 -1 
              538 602 603 -1 
              536 604 605 -1 
              111 605 146 -1 
              537 603 604 -1 
              536 605 111 -1 
              537 604 536 -1 
              538 603 537 -1 
              539 602 538 -1 
              606 121 112 -1 
              540 541 606 -1 
              542 543 608 -1 
              543 111 609 -1 
              543 609 608 -1 
              111 146 609 -1 
              542 608 607 -1 
              541 542 607 -1 
              541 607 606 -1 
              540 606 112 -1 
              595 143 594 -1 
              596 143 595 -1 
              597 143 596 -1 
              116 143 597 -1 
              147 116 115 -1 
              611 115 610 -1 
              612 115 611 -1 
              613 115 612 -1 
              614 115 613 -1 
              615 115 614 -1 
              616 115 615 -1 
              601 147 144 -1 
              147 115 616 -1 
              600 147 601 -1 
              598 116 147 -1 
              599 147 600 -1 
              598 143 116 -1 
              598 147 599 -1 
              118 117 149 -1 
              148 118 149 -1 
              152 151 150 -1 
              153 151 152 -1 
              617 155 154 -1 
              632 155 617 -1 
              632 617 122 -1 
              631 122 618 -1 
              630 618 619 -1 
              157 625 624 -1 
              627 621 622 -1 
              156 157 624 -1 
              626 622 623 -1 
              625 623 624 -1 
              629 619 620 -1 
              628 620 621 -1 
              626 623 625 -1 
              627 622 626 -1 
              628 621 627 -1 
              629 620 628 -1 
              630 619 629 -1 
              631 618 630 -1 
              632 122 631 -1 
              616 160 147 -1 
              615 641 616 -1 
              614 640 615 -1 
              613 639 614 -1 
              612 638 613 -1 
              611 637 612 -1 
              610 636 611 -1 
              115 635 610 -1 
              633 634 115 -1 
              158 159 633 -1 
              634 633 159 -1 
              635 115 634 -1 
              636 610 635 -1 
              637 611 636 -1 
              638 612 637 -1 
              639 613 638 -1 
              640 614 639 -1 
              641 615 640 -1 
              160 616 641 -1 
              161 159 158 -1 
              162 159 161 -1 
              120 119 164 -1 
              163 120 164 -1 
              122 121 156 -1 
              623 156 624 -1 
              622 156 623 -1 
              621 156 622 -1 
              620 156 621 -1 
              619 156 620 -1 
              618 156 619 -1 
              122 156 618 -1 
              605 156 121 -1 
              607 121 606 -1 
              608 121 607 -1 
              609 121 608 -1 
              146 121 609 -1 
              605 121 146 -1 
              604 156 605 -1 
              603 156 604 -1 
              602 156 603 -1 
              145 156 602 -1 
              128 166 165 -1 
              128 127 166 -1 
              133 168 167 -1 
              133 132 168 -1 
              149 920 148 -1 
              148 920 642 -1 
              920 644 643 -1 
              920 170 644 -1 
              920 643 642 -1 
              920 169 170 -1 
              921 169 920 -1 
              922 169 921 -1 
              921 920 149 -1 
              923 169 922 -1 
              922 921 149 -1 
              924 169 923 -1 
              923 922 149 -1 
              925 169 924 -1 
              924 923 149 -1 
              925 149 169 -1 
              925 924 149 -1 
              179 171 645 -1 
              180 706 171 -1 
              180 703 704 -1 
              180 702 703 -1 
              180 701 702 -1 
              180 700 701 -1 
              180 699 700 -1 
              180 698 699 -1 
              180 697 698 -1 
              181 695 696 -1 
              182 694 695 -1 
              182 693 694 -1 
              183 692 693 -1 
              183 691 692 -1 
              183 690 691 -1 
              162 175 663 -1 
              183 689 690 -1 
              173 688 689 -1 
              173 153 688 -1 
              688 153 687 -1 
              687 153 686 -1 
              153 683 684 -1 
              153 682 683 -1 
              153 681 682 -1 
              153 680 681 -1 
              157 679 680 -1 
              157 678 679 -1 
              157 677 678 -1 
              157 676 677 -1 
              157 172 676 -1 
              160 675 172 -1 
              160 674 675 -1 
              160 673 674 -1 
              160 672 673 -1 
              160 671 672 -1 
              160 670 671 -1 
              162 668 669 -1 
              162 667 668 -1 
              162 666 667 -1 
              664 665 162 -1 
              663 664 162 -1 
              176 661 662 -1 
              176 660 661 -1 
              176 659 660 -1 
              176 658 659 -1 
              177 657 658 -1 
              177 656 657 -1 
              178 655 656 -1 
              178 654 655 -1 
              179 653 654 -1 
              179 652 653 -1 
              179 651 652 -1 
              179 650 651 -1 
              179 649 650 -1 
              179 648 649 -1 
              645 646 179 -1 
              181 696 697 -1 
              183 173 689 -1 
              180 704 705 -1 
              182 183 693 -1 
              736 735 183 -1 
              180 705 706 -1 
              737 736 183 -1 
              738 737 183 -1 
              182 738 183 -1 
              181 182 695 -1 
              180 181 697 -1 
              732 731 181 -1 
              733 732 181 -1 
              734 733 181 -1 
              180 171 179 -1 
              180 734 181 -1 
              179 647 648 -1 
              179 646 647 -1 
              178 179 654 -1 
              728 727 179 -1 
              729 728 179 -1 
              175 662 663 -1 
              730 729 179 -1 
              178 656 177 -1 
              178 730 179 -1 
              162 665 666 -1 
              176 177 658 -1 
              724 723 177 -1 
              725 724 177 -1 
              726 725 177 -1 
              176 726 177 -1 
              162 669 670 -1 
              175 176 662 -1 
              716 715 175 -1 
              717 716 175 -1 
              718 717 175 -1 
              719 718 175 -1 
              720 719 175 -1 
              721 720 175 -1 
              722 721 175 -1 
              174 722 175 -1 
              162 174 175 -1 
              160 162 670 -1 
              160 159 162 -1 
              635 634 159 -1 
              636 635 159 -1 
              637 636 159 -1 
              638 637 159 -1 
              639 638 159 -1 
              640 639 159 -1 
              641 640 159 -1 
              160 641 159 -1 
              157 160 172 -1 
              153 157 680 -1 
              626 625 157 -1 
              627 626 157 -1 
              628 627 157 -1 
              629 628 157 -1 
              630 629 157 -1 
              153 684 685 -1 
              631 630 157 -1 
              632 631 157 -1 
              153 173 151 -1 
              155 632 157 -1 
              153 685 686 -1 
              153 155 157 -1 
              151 173 707 -1 
              708 707 173 -1 
              709 708 173 -1 
              710 709 173 -1 
              711 710 173 -1 
              712 711 173 -1 
              713 712 173 -1 
              714 713 173 -1 
              931 163 164 -1 
              930 931 185 -1 
              926 927 185 -1 
              931 741 740 -1 
              164 741 931 -1 
              926 185 163 -1 
              931 740 739 -1 
              927 926 163 -1 
              927 928 185 -1 
              928 927 163 -1 
              928 929 185 -1 
              929 928 163 -1 
              929 930 185 -1 
              930 929 163 -1 
              185 931 184 -1 
              931 930 163 -1 
              931 739 184 -1 
              166 932 165 -1 
              165 932 742 -1 
              932 744 743 -1 
              932 187 744 -1 
              932 743 742 -1 
              932 186 187 -1 
              933 186 932 -1 
              934 186 933 -1 
              933 932 166 -1 
              935 186 934 -1 
              934 933 166 -1 
              936 186 935 -1 
              935 934 166 -1 
              937 186 936 -1 
              936 935 166 -1 
              937 166 186 -1 
              937 936 166 -1 
              192 193 189 -1 
              191 192 189 -1 
              764 191 189 -1 
              186 761 762 -1 
              186 760 761 -1 
              186 759 760 -1 
              186 758 759 -1 
              186 757 758 -1 
              186 755 756 -1 
              186 190 755 -1 
              125 120 185 -1 
              186 129 190 -1 
              127 50 129 -1 
              186 756 757 -1 
              186 127 129 -1 
              186 166 127 -1 
              186 762 763 -1 
              186 763 185 -1 
              120 163 185 -1 
              125 39 120 -1 
              188 125 185 -1 
              745 188 185 -1 
              746 745 185 -1 
              747 746 185 -1 
              748 747 185 -1 
              749 748 185 -1 
              750 185 751 -1 
              750 749 185 -1 
              754 764 189 -1 
              753 763 764 -1 
              752 751 185 -1 
              753 185 763 -1 
              753 752 185 -1 
              754 753 764 -1 
              943 167 168 -1 
              942 943 195 -1 
              938 939 195 -1 
              943 767 766 -1 
              168 767 943 -1 
              938 195 167 -1 
              943 766 765 -1 
              939 938 167 -1 
              939 940 195 -1 
              940 939 167 -1 
              940 941 195 -1 
              941 940 167 -1 
              941 942 195 -1 
              942 941 167 -1 
              195 943 194 -1 
              943 942 167 -1 
              943 765 194 -1 
              200 201 197 -1 
              199 200 197 -1 
              787 199 197 -1 
              169 784 785 -1 
              169 783 784 -1 
              169 782 783 -1 
              169 781 782 -1 
              169 780 781 -1 
              169 778 779 -1 
              169 198 778 -1 
              137 133 195 -1 
              169 139 198 -1 
              117 86 139 -1 
              169 779 780 -1 
              169 117 139 -1 
              169 149 117 -1 
              169 785 786 -1 
              169 786 195 -1 
              133 167 195 -1 
              137 81 133 -1 
              196 137 195 -1 
              768 196 195 -1 
              769 768 195 -1 
              770 769 195 -1 
              771 770 195 -1 
              772 771 195 -1 
              773 195 774 -1 
              773 772 195 -1 
              777 787 197 -1 
              776 786 787 -1 
              775 774 195 -1 
              776 195 786 -1 
              776 775 195 -1 
              777 776 787 -1 
              157 156 145 -1 
              144 160 145 -1 
              145 110 109 -1 
              157 145 160 -1 
              147 160 144 -1 
              144 145 109 -1 
              185 184 203 -1 
              202 185 203 -1 
              797 791 790 -1 
              796 790 789 -1 
              795 789 788 -1 
              205 788 204 -1 
              798 792 791 -1 
              795 788 205 -1 
              799 793 792 -1 
              796 789 795 -1 
              800 794 793 -1 
              797 790 796 -1 
              801 203 794 -1 
              798 791 797 -1 
              799 792 798 -1 
              800 793 799 -1 
              801 794 800 -1 
              202 203 801 -1 
              204 207 206 -1 
              205 204 206 -1 
              804 208 802 -1 
              805 802 803 -1 
              207 803 206 -1 
              805 803 207 -1 
              804 802 805 -1 
              209 208 804 -1 
              209 211 210 -1 
              208 209 210 -1 
              809 810 210 -1 
              808 811 810 -1 
              807 812 811 -1 
              806 813 812 -1 
              212 213 813 -1 
              806 212 813 -1 
              807 806 812 -1 
              808 807 811 -1 
              809 808 810 -1 
              211 809 210 -1 
              212 215 214 -1 
              213 212 214 -1 
              817 215 815 -1 
              816 815 814 -1 
              217 814 216 -1 
              816 814 217 -1 
              817 815 816 -1 
              214 215 817 -1 
              216 219 218 -1 
              217 216 218 -1 
              828 822 821 -1 
              827 821 820 -1 
              826 820 819 -1 
              825 819 818 -1 
              221 818 220 -1 
              829 823 822 -1 
              825 818 221 -1 
              830 824 823 -1 
              826 819 825 -1 
              831 219 824 -1 
              827 820 826 -1 
              828 821 827 -1 
              829 822 828 -1 
              830 823 829 -1 
              831 824 830 -1 
              218 219 831 -1 
              186 221 187 -1 
              220 187 221 -1 
              218 221 186 -1 
              826 825 221 -1 
              827 826 221 -1 
              828 827 221 -1 
              829 828 221 -1 
              830 829 221 -1 
              831 830 221 -1 
              218 831 221 -1 
              217 218 186 -1 
              214 217 186 -1 
              817 816 217 -1 
              214 817 217 -1 
              213 214 186 -1 
              205 185 202 -1 
              813 213 186 -1 
              812 186 185 -1 
              812 813 186 -1 
              811 812 185 -1 
              810 811 185 -1 
              210 810 185 -1 
              208 210 185 -1 
              206 208 185 -1 
              803 802 208 -1 
              206 803 208 -1 
              205 206 185 -1 
              795 205 202 -1 
              796 795 202 -1 
              797 796 202 -1 
              798 797 202 -1 
              799 798 202 -1 
              800 799 202 -1 
              801 800 202 -1 
              194 223 195 -1 
              222 195 223 -1 
              843 837 836 -1 
              842 836 835 -1 
              841 835 834 -1 
              840 834 833 -1 
              839 833 832 -1 
              225 832 224 -1 
              844 838 837 -1 
              839 832 225 -1 
              845 223 838 -1 
              840 833 839 -1 
              841 834 840 -1 
              842 835 841 -1 
              843 836 842 -1 
              844 837 843 -1 
              845 838 844 -1 
              222 223 845 -1 
              224 226 225 -1 
              224 227 226 -1 
              848 228 846 -1 
              849 846 847 -1 
              227 847 226 -1 
              849 847 227 -1 
              848 846 849 -1 
              229 228 848 -1 
              231 230 229 -1 
              228 229 230 -1 
              850 2 853 -1 
              231 851 230 -1 
              852 230 851 -1 
              0 853 2 -1 
              853 852 851 -1 
              851 850 853 -1 
              3 233 232 -1 
              1 3 232 -1 
              857 233 855 -1 
              856 855 854 -1 
              235 854 234 -1 
              856 854 235 -1 
              857 855 856 -1 
              232 233 857 -1 
              234 236 235 -1 
              234 237 236 -1 
              866 860 859 -1 
              865 859 858 -1 
              239 858 238 -1 
              867 861 860 -1 
              865 858 239 -1 
              866 859 865 -1 
              868 862 861 -1 
              867 860 866 -1 
              869 863 862 -1 
              868 861 867 -1 
              870 864 863 -1 
              869 862 868 -1 
              871 237 864 -1 
              870 863 869 -1 
              871 864 870 -1 
              236 237 871 -1 
              236 239 169 -1 
              866 865 239 -1 
              867 866 239 -1 
              868 867 239 -1 
              869 868 239 -1 
              870 869 239 -1 
              871 870 239 -1 
              236 871 239 -1 
              235 236 169 -1 
              232 235 169 -1 
              857 856 235 -1 
              232 857 235 -1 
              1 232 169 -1 
              225 195 222 -1 
              241 1 169 -1 
              0 169 195 -1 
              240 241 169 -1 
              0 240 169 -1 
              853 0 195 -1 
              852 853 195 -1 
              230 852 195 -1 
              228 230 195 -1 
              226 228 195 -1 
              847 846 228 -1 
              226 847 228 -1 
              225 226 195 -1 
              839 225 222 -1 
              840 839 222 -1 
              841 840 222 -1 
              842 841 222 -1 
              843 842 222 -1 
              844 843 222 -1 
              845 844 222 -1 
            ]
            normalIndex [
              2 1 0 -1 
              7 6 2 -1 
              6 3 2 -1 
              5 4 3 -1 
              6 5 3 -1 
              7 2 0 -1 
              10 9 8 -1 
              11 10 8 -1 
              14 13 12 -1 
              15 14 12 -1 
              17 16 33 -1 
              18 17 32 -1 
              19 18 31 -1 
              20 19 30 -1 
              21 20 29 -1 
              22 21 28 -1 
              23 22 27 -1 
              24 23 26 -1 
              26 25 24 -1 
              27 26 23 -1 
              28 27 22 -1 
              29 28 21 -1 
              30 29 20 -1 
              31 30 19 -1 
              32 31 18 -1 
              33 32 17 -1 
              56 57 34 -1 
              35 57 36 -1 
              57 38 37 -1 
              58 59 40 -1 
              42 59 60 -1 
              43 42 60 -1 
              44 60 61 -1 
              44 43 60 -1 
              45 44 61 -1 
              61 49 48 -1 
              57 58 39 -1 
              58 40 39 -1 
              60 51 50 -1 
              57 39 38 -1 
              59 52 51 -1 
              58 53 52 -1 
              57 37 36 -1 
              34 57 35 -1 
              56 55 57 -1 
              57 54 53 -1 
              57 55 54 -1 
              61 50 49 -1 
              58 57 53 -1 
              45 61 46 -1 
              59 58 52 -1 
              41 40 59 -1 
              59 42 41 -1 
              61 47 46 -1 
              60 59 51 -1 
              61 48 47 -1 
              61 60 50 -1 
              64 63 62 -1 
              69 64 62 -1 
              67 66 65 -1 
              68 67 65 -1 
              69 68 65 -1 
              65 64 69 -1 
              72 71 70 -1 
              73 72 70 -1 
              76 75 74 -1 
              80 79 77 -1 
              79 78 77 -1 
              81 76 74 -1 
              77 76 81 -1 
              81 80 77 -1 
              108 84 83 -1 
              107 85 84 -1 
              87 86 107 -1 
              88 87 107 -1 
              107 89 88 -1 
              107 90 89 -1 
              107 86 85 -1 
              93 92 107 -1 
              108 93 107 -1 
              108 94 93 -1 
              108 109 94 -1 
              94 109 95 -1 
              109 110 96 -1 
              105 104 111 -1 
              97 110 98 -1 
              97 96 110 -1 
              98 110 111 -1 
              111 102 101 -1 
              111 103 102 -1 
              111 104 103 -1 
              106 105 110 -1 
              107 91 90 -1 
              107 92 91 -1 
              108 107 84 -1 
              95 109 96 -1 
              98 111 99 -1 
              109 108 83 -1 
              111 100 99 -1 
              111 101 100 -1 
              111 110 105 -1 
              109 106 110 -1 
              82 106 109 -1 
              109 83 82 -1 
              129 113 112 -1 
              129 114 113 -1 
              128 115 114 -1 
              127 116 115 -1 
              119 118 124 -1 
              122 120 123 -1 
              123 120 119 -1 
              122 121 120 -1 
              126 117 116 -1 
              125 118 117 -1 
              124 123 119 -1 
              125 124 118 -1 
              126 125 117 -1 
              127 126 116 -1 
              128 127 115 -1 
              129 128 114 -1 
              132 131 130 -1 
              133 132 130 -1 
              159 135 134 -1 
              158 159 134 -1 
              159 138 137 -1 
              141 140 139 -1 
              161 162 139 -1 
              160 161 139 -1 
              143 142 163 -1 
              164 143 163 -1 
              145 164 165 -1 
              145 144 164 -1 
              146 145 165 -1 
              144 143 164 -1 
              165 151 150 -1 
              142 162 163 -1 
              160 139 138 -1 
              162 154 153 -1 
              159 160 138 -1 
              162 155 154 -1 
              161 156 155 -1 
              159 136 135 -1 
              160 157 156 -1 
              159 137 136 -1 
              159 158 157 -1 
              163 153 152 -1 
              160 159 157 -1 
              164 152 151 -1 
              161 160 156 -1 
              165 150 149 -1 
              162 161 155 -1 
              141 139 162 -1 
              162 142 141 -1 
              146 165 147 -1 
              163 162 153 -1 
              165 148 147 -1 
              164 163 152 -1 
              165 149 148 -1 
              165 164 151 -1 
              188 189 166 -1 
              167 189 168 -1 
              189 170 169 -1 
              190 191 172 -1 
              174 191 192 -1 
              175 174 192 -1 
              176 175 193 -1 
              193 175 192 -1 
              177 176 193 -1 
              193 181 180 -1 
              189 190 171 -1 
              190 172 171 -1 
              192 183 182 -1 
              189 171 170 -1 
              191 184 183 -1 
              190 185 184 -1 
              189 169 168 -1 
              166 189 167 -1 
              188 187 189 -1 
              189 186 185 -1 
              189 187 186 -1 
              193 182 181 -1 
              190 189 185 -1 
              177 193 178 -1 
              191 190 184 -1 
              173 172 191 -1 
              191 174 173 -1 
              193 179 178 -1 
              192 191 183 -1 
              193 180 179 -1 
              193 192 182 -1 
              195 232 233 -1 
              196 195 233 -1 
              197 196 233 -1 
              197 233 234 -1 
              231 232 195 -1 
              234 202 201 -1 
              233 203 202 -1 
              232 205 204 -1 
              225 230 226 -1 
              231 207 206 -1 
              231 208 207 -1 
              231 209 208 -1 
              230 225 224 -1 
              209 230 210 -1 
              210 230 211 -1 
              211 229 212 -1 
              212 229 213 -1 
              213 229 214 -1 
              228 216 215 -1 
              228 217 216 -1 
              228 218 217 -1 
              228 219 218 -1 
              228 215 214 -1 
              229 221 228 -1 
              229 222 221 -1 
              229 223 222 -1 
              227 195 194 -1 
              229 224 223 -1 
              229 230 224 -1 
              228 220 219 -1 
              228 221 220 -1 
              232 206 205 -1 
              229 228 214 -1 
              233 204 203 -1 
              230 229 211 -1 
              234 201 200 -1 
              231 230 209 -1 
              231 226 230 -1 
              227 226 231 -1 
              231 195 227 -1 
              197 234 198 -1 
              232 231 206 -1 
              234 199 198 -1 
              233 232 204 -1 
              234 200 199 -1 
              234 233 202 -1 
              237 236 235 -1 
              238 237 235 -1 
              241 240 239 -1 
              242 241 239 -1 
              255 249 248 -1 
              254 250 249 -1 
              253 251 250 -1 
              253 252 251 -1 
              256 248 247 -1 
              254 253 250 -1 
              257 247 246 -1 
              255 254 249 -1 
              258 246 245 -1 
              256 255 248 -1 
              259 245 244 -1 
              257 256 247 -1 
              260 244 243 -1 
              258 257 246 -1 
              259 258 245 -1 
              260 259 244 -1 
              263 262 261 -1 
              268 263 261 -1 
              266 265 264 -1 
              267 266 264 -1 
              268 267 264 -1 
              264 263 268 -1 
              271 270 269 -1 
              272 271 269 -1 
              275 274 273 -1 
              280 279 275 -1 
              279 278 276 -1 
              278 277 276 -1 
              279 276 275 -1 
              280 275 273 -1 
              307 283 282 -1 
              306 284 283 -1 
              286 285 306 -1 
              287 286 306 -1 
              306 288 287 -1 
              306 289 288 -1 
              306 285 284 -1 
              292 291 306 -1 
              307 292 306 -1 
              307 293 292 -1 
              307 308 293 -1 
              293 308 294 -1 
              308 309 295 -1 
              304 303 310 -1 
              296 309 297 -1 
              296 295 309 -1 
              297 309 310 -1 
              310 301 300 -1 
              310 302 301 -1 
              310 303 302 -1 
              305 304 309 -1 
              306 290 289 -1 
              306 291 290 -1 
              307 306 283 -1 
              294 308 295 -1 
              297 310 298 -1 
              308 307 282 -1 
              310 299 298 -1 
              310 300 299 -1 
              310 309 304 -1 
              308 305 309 -1 
              281 305 308 -1 
              308 282 281 -1 
              328 312 311 -1 
              327 326 314 -1 
              325 324 316 -1 
              323 322 318 -1 
              322 321 319 -1 
              324 317 316 -1 
              323 318 317 -1 
              322 319 318 -1 
              321 320 319 -1 
              325 316 315 -1 
              324 323 317 -1 
              326 315 314 -1 
              326 325 315 -1 
              327 314 313 -1 
              328 327 313 -1 
              328 313 312 -1 
              331 330 329 -1 
              332 331 329 -1 
              358 334 333 -1 
              357 358 333 -1 
              358 337 336 -1 
              340 339 338 -1 
              360 361 338 -1 
              359 360 338 -1 
              342 341 362 -1 
              363 342 362 -1 
              344 363 364 -1 
              344 343 363 -1 
              345 344 364 -1 
              343 342 363 -1 
              364 350 349 -1 
              341 361 362 -1 
              359 338 337 -1 
              361 353 352 -1 
              358 359 337 -1 
              361 354 353 -1 
              360 355 354 -1 
              358 335 334 -1 
              359 356 355 -1 
              358 336 335 -1 
              358 357 356 -1 
              362 352 351 -1 
              359 358 356 -1 
              363 351 350 -1 
              360 359 355 -1 
              364 349 348 -1 
              361 360 354 -1 
              340 338 361 -1 
              361 341 340 -1 
              345 364 346 -1 
              362 361 352 -1 
              364 347 346 -1 
              363 362 351 -1 
              364 348 347 -1 
              364 363 350 -1 
              366 403 404 -1 
              367 366 404 -1 
              368 367 404 -1 
              368 404 405 -1 
              402 403 366 -1 
              405 373 372 -1 
              404 374 373 -1 
              403 376 375 -1 
              396 401 397 -1 
              402 378 377 -1 
              402 379 378 -1 
              402 380 379 -1 
              401 396 395 -1 
              380 401 381 -1 
              381 401 382 -1 
              382 400 383 -1 
              383 400 384 -1 
              384 400 385 -1 
              399 387 386 -1 
              399 388 387 -1 
              399 389 388 -1 
              399 390 389 -1 
              399 386 385 -1 
              400 392 399 -1 
              400 393 392 -1 
              400 394 393 -1 
              398 366 365 -1 
              400 395 394 -1 
              400 401 395 -1 
              399 391 390 -1 
              399 392 391 -1 
              403 377 376 -1 
              400 399 385 -1 
              404 375 374 -1 
              401 400 382 -1 
              405 372 371 -1 
              402 401 380 -1 
              402 397 401 -1 
              398 397 402 -1 
              402 366 398 -1 
              368 405 369 -1 
              403 402 377 -1 
              405 370 369 -1 
              404 403 375 -1 
              405 371 370 -1 
              405 404 373 -1 
              548 409 408 -1 
              528 527 526 -1 
              534 414 413 -1 
              530 417 416 -1 
              528 418 417 -1 
              526 419 418 -1 
              513 422 421 -1 
              491 490 428 -1 
              485 484 480 -1 
              472 436 435 -1 
              470 437 436 -1 
              469 438 437 -1 
              468 439 438 -1 
              466 440 439 -1 
              464 441 440 -1 
              443 442 455 -1 
              444 443 453 -1 
              445 444 451 -1 
              564 446 445 -1 
              560 447 446 -1 
              554 553 406 -1 
              463 442 441 -1 
              452 451 444 -1 
              453 452 444 -1 
              454 453 443 -1 
              455 454 443 -1 
              544 543 542 -1 
              456 455 442 -1 
              463 456 442 -1 
              540 539 410 -1 
              462 457 456 -1 
              461 458 457 -1 
              461 459 458 -1 
              461 460 459 -1 
              462 461 457 -1 
              463 462 456 -1 
              464 463 441 -1 
              473 435 434 -1 
              466 464 440 -1 
              475 434 433 -1 
              466 465 464 -1 
              467 466 439 -1 
              468 467 439 -1 
              469 468 438 -1 
              477 433 432 -1 
              470 469 437 -1 
              490 430 429 -1 
              471 470 436 -1 
              472 471 436 -1 
              473 472 435 -1 
              474 473 434 -1 
              475 474 434 -1 
              477 475 433 -1 
              477 476 475 -1 
              488 477 432 -1 
              487 478 477 -1 
              486 479 478 -1 
              485 480 479 -1 
              482 481 480 -1 
              489 432 431 -1 
              483 482 480 -1 
              490 431 430 -1 
              484 483 480 -1 
              490 429 428 -1 
              486 485 479 -1 
              501 427 426 -1 
              487 486 478 -1 
              491 428 427 -1 
              488 487 477 -1 
              489 488 432 -1 
              501 426 425 -1 
              490 489 431 -1 
              502 425 424 -1 
              512 424 423 -1 
              492 491 427 -1 
              493 492 427 -1 
              494 493 427 -1 
              495 494 427 -1 
              496 495 427 -1 
              501 496 427 -1 
              498 497 496 -1 
              499 498 496 -1 
              500 499 496 -1 
              501 500 496 -1 
              513 423 422 -1 
              502 501 425 -1 
              507 502 424 -1 
              504 503 502 -1 
              505 504 502 -1 
              506 505 502 -1 
              507 506 502 -1 
              513 421 420 -1 
              508 507 424 -1 
              509 508 424 -1 
              510 509 424 -1 
              511 510 424 -1 
              512 511 424 -1 
              514 420 419 -1 
              513 512 423 -1 
              514 513 420 -1 
              531 416 415 -1 
              515 514 419 -1 
              526 515 419 -1 
              526 516 515 -1 
              525 517 516 -1 
              524 518 517 -1 
              523 519 518 -1 
              521 520 523 -1 
              532 415 414 -1 
              523 520 519 -1 
              535 413 412 -1 
              523 522 521 -1 
              524 523 518 -1 
              525 524 517 -1 
              526 418 528 -1 
              526 525 516 -1 
              539 411 410 -1 
              537 412 411 -1 
              529 528 417 -1 
              530 529 417 -1 
              531 530 416 -1 
              532 531 415 -1 
              540 410 409 -1 
              533 532 414 -1 
              550 408 407 -1 
              534 533 414 -1 
              535 534 413 -1 
              536 535 412 -1 
              537 536 412 -1 
              539 537 411 -1 
              539 538 537 -1 
              547 540 409 -1 
              547 541 540 -1 
              546 542 541 -1 
              552 407 406 -1 
              545 544 542 -1 
              546 545 542 -1 
              559 449 448 -1 
              547 546 541 -1 
              559 450 449 -1 
              548 547 409 -1 
              555 406 450 -1 
              549 548 408 -1 
              550 549 408 -1 
              551 550 407 -1 
              560 448 447 -1 
              552 551 407 -1 
              553 552 406 -1 
              555 554 406 -1 
              556 555 450 -1 
              557 556 450 -1 
              558 557 450 -1 
              559 558 450 -1 
              560 559 448 -1 
              561 560 446 -1 
              562 561 446 -1 
              563 562 446 -1 
              564 563 446 -1 
              565 564 445 -1 
              566 445 451 -1 
              566 565 445 -1 
              569 568 567 -1 
              571 569 567 -1 
              571 570 569 -1 
              600 573 574 -1 
              600 574 575 -1 
              599 575 576 -1 
              599 576 577 -1 
              598 577 578 -1 
              598 578 579 -1 
              597 579 580 -1 
              596 580 581 -1 
              596 581 582 -1 
              595 582 583 -1 
              595 583 584 -1 
              594 584 585 -1 
              594 585 586 -1 
              593 586 587 -1 
              592 587 588 -1 
              591 588 589 -1 
              601 572 573 -1 
              591 589 590 -1 
              592 588 591 -1 
              593 587 592 -1 
              594 586 593 -1 
              595 584 594 -1 
              596 582 595 -1 
              597 580 596 -1 
              598 579 597 -1 
              599 577 598 -1 
              600 575 599 -1 
              601 573 600 -1 
              602 572 601 -1 
              603 572 602 -1 
              610 605 604 -1 
              608 606 605 -1 
              608 607 606 -1 
              609 608 605 -1 
              610 609 605 -1 
              611 610 604 -1 
              619 613 612 -1 
              618 614 613 -1 
              618 615 614 -1 
              617 616 615 -1 
              618 617 615 -1 
              619 618 613 -1 
              627 620 621 -1 
              626 621 622 -1 
              626 622 623 -1 
              625 623 624 -1 
              626 623 625 -1 
              627 621 626 -1 
              628 620 627 -1 
              641 631 632 -1 
              639 632 633 -1 
              639 633 634 -1 
              637 634 635 -1 
              637 635 636 -1 
              642 630 631 -1 
              638 634 637 -1 
              639 634 638 -1 
              640 632 639 -1 
              644 629 630 -1 
              641 632 640 -1 
              642 631 641 -1 
              643 630 642 -1 
              645 628 629 -1 
              644 630 643 -1 
              645 629 644 -1 
              646 620 628 -1 
              646 628 645 -1 
              650 648 651 -1 
              650 649 648 -1 
              651 648 647 -1 
              654 653 652 -1 
              663 654 652 -1 
              662 655 654 -1 
              661 656 655 -1 
              660 657 656 -1 
              659 658 657 -1 
              660 659 657 -1 
              661 660 656 -1 
              662 661 655 -1 
              663 662 654 -1 
              665 664 666 -1 
              667 666 664 -1 
              670 669 668 -1 
              671 670 668 -1 
              674 673 672 -1 
              683 674 672 -1 
              682 675 674 -1 
              681 676 675 -1 
              680 677 676 -1 
              679 678 677 -1 
              680 679 677 -1 
              681 680 676 -1 
              682 681 675 -1 
              683 682 674 -1 
              690 685 684 -1 
              688 686 685 -1 
              688 687 686 -1 
              689 688 685 -1 
              690 689 685 -1 
              691 690 684 -1 
              720 693 694 -1 
              720 694 695 -1 
              719 695 696 -1 
              719 696 697 -1 
              718 697 698 -1 
              718 698 699 -1 
              717 699 700 -1 
              716 700 701 -1 
              716 701 702 -1 
              715 702 703 -1 
              715 703 704 -1 
              714 704 705 -1 
              714 705 706 -1 
              713 706 707 -1 
              712 707 708 -1 
              711 708 709 -1 
              721 692 693 -1 
              711 709 710 -1 
              712 708 711 -1 
              713 707 712 -1 
              714 706 713 -1 
              715 704 714 -1 
              716 702 715 -1 
              717 700 716 -1 
              718 699 717 -1 
              719 697 718 -1 
              720 695 719 -1 
              721 693 720 -1 
              722 692 721 -1 
              723 692 722 -1 
              726 725 724 -1 
              727 726 724 -1 
              730 729 728 -1 
              731 730 728 -1 
              739 733 732 -1 
              738 734 733 -1 
              738 735 734 -1 
              737 736 735 -1 
              738 737 735 -1 
              739 738 733 -1 
              747 740 741 -1 
              746 741 742 -1 
              746 742 743 -1 
              745 743 744 -1 
              746 743 745 -1 
              747 741 746 -1 
              748 740 747 -1 
              761 751 752 -1 
              759 752 753 -1 
              759 753 754 -1 
              757 754 755 -1 
              757 755 756 -1 
              762 750 751 -1 
              758 754 757 -1 
              759 754 758 -1 
              760 752 759 -1 
              764 749 750 -1 
              761 752 760 -1 
              762 751 761 -1 
              763 750 762 -1 
              765 748 749 -1 
              764 750 763 -1 
              765 749 764 -1 
              766 740 748 -1 
              766 748 765 -1 
              769 768 767 -1 
              770 769 767 -1 
              773 772 771 -1 
              782 773 771 -1 
              781 774 773 -1 
              780 775 774 -1 
              777 776 778 -1 
              779 776 775 -1 
              779 778 776 -1 
              780 779 775 -1 
              781 780 774 -1 
              782 781 773 -1 
              784 783 785 -1 
              786 785 783 -1 
              789 788 787 -1 
              790 789 787 -1 
              793 792 791 -1 
              802 793 791 -1 
              801 794 793 -1 
              800 795 794 -1 
              799 796 795 -1 
              798 797 796 -1 
              799 798 796 -1 
              800 799 795 -1 
              801 800 794 -1 
              802 801 793 -1 
              805 804 803 -1 
              806 805 803 -1 
              818 809 808 -1 
              817 810 809 -1 
              816 811 810 -1 
              815 812 811 -1 
              814 813 812 -1 
              819 808 807 -1 
              815 814 812 -1 
              816 815 811 -1 
              817 816 810 -1 
              818 817 809 -1 
              819 818 808 -1 
              820 819 807 -1 
              823 822 821 -1 
              824 823 821 -1 
              826 825 837 -1 
              827 826 836 -1 
              828 827 835 -1 
              829 828 834 -1 
              830 829 833 -1 
              831 830 832 -1 
              833 832 830 -1 
              834 833 829 -1 
              835 834 828 -1 
              836 835 827 -1 
              837 836 826 -1 
              838 837 825 -1 
              841 840 839 -1 
              850 849 841 -1 
              848 847 843 -1 
              847 846 844 -1 
              847 844 843 -1 
              846 845 844 -1 
              848 843 842 -1 
              849 848 842 -1 
              849 842 841 -1 
              850 841 839 -1 
              853 851 852 -1 
              862 853 861 -1 
              860 855 859 -1 
              859 856 858 -1 
              859 855 856 -1 
              858 856 857 -1 
              860 854 855 -1 
              861 854 860 -1 
              861 853 854 -1 
              862 851 853 -1 
              865 863 864 -1 
              874 863 865 -1 
              873 865 866 -1 
              871 867 868 -1 
              870 868 869 -1 
              872 866 867 -1 
              871 868 870 -1 
              872 867 871 -1 
              873 866 872 -1 
              874 865 873 -1 
              877 876 875 -1 
              886 885 877 -1 
              884 883 879 -1 
              883 882 880 -1 
              883 880 879 -1 
              882 881 880 -1 
              884 879 878 -1 
              885 884 878 -1 
              885 878 877 -1 
              886 877 875 -1 
              889 887 888 -1 
              890 887 889 -1 
              891 887 890 -1 
              892 887 891 -1 
              901 892 893 -1 
              895 893 894 -1 
              896 893 895 -1 
              897 893 896 -1 
              898 893 897 -1 
              899 893 898 -1 
              900 893 899 -1 
              903 901 902 -1 
              901 893 900 -1 
              904 901 903 -1 
              906 892 901 -1 
              905 901 904 -1 
              906 887 892 -1 
              906 901 905 -1 
              909 908 907 -1 
              910 909 907 -1 
              913 911 912 -1 
              914 911 913 -1 
              917 915 916 -1 
              935 915 917 -1 
              935 917 918 -1 
              934 918 919 -1 
              933 919 920 -1 
              927 928 925 -1 
              930 922 923 -1 
              926 927 925 -1 
              929 923 924 -1 
              928 924 925 -1 
              932 920 921 -1 
              931 921 922 -1 
              929 924 928 -1 
              930 923 929 -1 
              931 922 930 -1 
              932 921 931 -1 
              933 920 932 -1 
              934 919 933 -1 
              935 918 934 -1 
              937 956 936 -1 
              938 955 937 -1 
              939 954 938 -1 
              940 953 939 -1 
              941 952 940 -1 
              942 951 941 -1 
              943 950 942 -1 
              944 949 943 -1 
              945 948 944 -1 
              946 947 945 -1 
              948 945 947 -1 
              949 944 948 -1 
              950 943 949 -1 
              951 942 950 -1 
              952 941 951 -1 
              953 940 952 -1 
              954 939 953 -1 
              955 938 954 -1 
              956 937 955 -1 
              959 957 958 -1 
              960 957 959 -1 
              963 962 961 -1 
              964 963 961 -1 
              973 974 965 -1 
              967 965 966 -1 
              968 965 967 -1 
              969 965 968 -1 
              970 965 969 -1 
              971 965 970 -1 
              972 965 971 -1 
              973 965 972 -1 
              980 965 974 -1 
              976 974 975 -1 
              977 974 976 -1 
              978 974 977 -1 
              979 974 978 -1 
              980 974 979 -1 
              981 965 980 -1 
              982 965 981 -1 
              983 965 982 -1 
              984 965 983 -1 
              987 985 988 -1 
              987 986 985 -1 
              991 989 992 -1 
              991 990 989 -1 
              999 1000 993 -1 
              993 1000 994 -1 
              1000 996 995 -1 
              1000 997 996 -1 
              1000 995 994 -1 
              1000 998 997 -1 
              1001 998 1000 -1 
              1002 998 1001 -1 
              1001 1000 999 -1 
              1003 998 1002 -1 
              1002 1001 999 -1 
              1004 998 1003 -1 
              1003 1002 999 -1 
              1005 998 1004 -1 
              1004 1003 999 -1 
              1005 999 998 -1 
              1005 1004 999 -1 
              1083 1006 1069 -1 
              1082 1007 1006 -1 
              1082 1010 1009 -1 
              1082 1011 1010 -1 
              1082 1012 1011 -1 
              1082 1013 1012 -1 
              1082 1014 1013 -1 
              1082 1015 1014 -1 
              1082 1016 1015 -1 
              1077 1018 1017 -1 
              1076 1019 1018 -1 
              1076 1020 1019 -1 
              1071 1021 1020 -1 
              1071 1022 1021 -1 
              1071 1023 1022 -1 
              1105 1095 1051 -1 
              1071 1024 1023 -1 
              1070 1025 1024 -1 
              1070 1126 1025 -1 
              1025 1126 1026 -1 
              1026 1126 1027 -1 
              1126 1030 1029 -1 
              1126 1031 1030 -1 
              1126 1032 1031 -1 
              1126 1033 1032 -1 
              1116 1034 1033 -1 
              1116 1035 1034 -1 
              1116 1036 1035 -1 
              1116 1037 1036 -1 
              1116 1038 1037 -1 
              1115 1039 1038 -1 
              1115 1040 1039 -1 
              1115 1041 1040 -1 
              1115 1042 1041 -1 
              1115 1043 1042 -1 
              1115 1044 1043 -1 
              1105 1046 1045 -1 
              1105 1047 1046 -1 
              1105 1048 1047 -1 
              1050 1049 1105 -1 
              1051 1050 1105 -1 
              1094 1053 1052 -1 
              1094 1054 1053 -1 
              1094 1055 1054 -1 
              1094 1056 1055 -1 
              1089 1057 1056 -1 
              1089 1058 1057 -1 
              1088 1059 1058 -1 
              1088 1060 1059 -1 
              1083 1061 1060 -1 
              1083 1062 1061 -1 
              1083 1063 1062 -1 
              1083 1064 1063 -1 
              1083 1065 1064 -1 
              1083 1066 1065 -1 
              1069 1068 1083 -1 
              1077 1017 1016 -1 
              1071 1070 1024 -1 
              1082 1009 1008 -1 
              1076 1071 1020 -1 
              1073 1072 1071 -1 
              1082 1008 1007 -1 
              1074 1073 1071 -1 
              1075 1074 1071 -1 
              1076 1075 1071 -1 
              1077 1076 1018 -1 
              1082 1077 1016 -1 
              1079 1078 1077 -1 
              1080 1079 1077 -1 
              1081 1080 1077 -1 
              1082 1006 1083 -1 
              1082 1081 1077 -1 
              1083 1067 1066 -1 
              1083 1068 1067 -1 
              1088 1083 1060 -1 
              1085 1084 1083 -1 
              1086 1085 1083 -1 
              1095 1052 1051 -1 
              1087 1086 1083 -1 
              1088 1058 1089 -1 
              1088 1087 1083 -1 
              1105 1049 1048 -1 
              1094 1089 1056 -1 
              1091 1090 1089 -1 
              1092 1091 1089 -1 
              1093 1092 1089 -1 
              1094 1093 1089 -1 
              1105 1045 1044 -1 
              1095 1094 1052 -1 
              1097 1096 1095 -1 
              1098 1097 1095 -1 
              1099 1098 1095 -1 
              1100 1099 1095 -1 
              1101 1100 1095 -1 
              1102 1101 1095 -1 
              1103 1102 1095 -1 
              1104 1103 1095 -1 
              1105 1104 1095 -1 
              1115 1105 1044 -1 
              1115 1106 1105 -1 
              1108 1107 1106 -1 
              1109 1108 1106 -1 
              1110 1109 1106 -1 
              1111 1110 1106 -1 
              1112 1111 1106 -1 
              1113 1112 1106 -1 
              1114 1113 1106 -1 
              1115 1114 1106 -1 
              1116 1115 1038 -1 
              1126 1116 1033 -1 
              1118 1117 1116 -1 
              1119 1118 1116 -1 
              1120 1119 1116 -1 
              1121 1120 1116 -1 
              1122 1121 1116 -1 
              1126 1029 1028 -1 
              1123 1122 1116 -1 
              1124 1123 1116 -1 
              1126 1070 1127 -1 
              1125 1124 1116 -1 
              1126 1028 1027 -1 
              1126 1125 1116 -1 
              1127 1070 1128 -1 
              1129 1128 1070 -1 
              1130 1129 1070 -1 
              1131 1130 1070 -1 
              1132 1131 1070 -1 
              1133 1132 1070 -1 
              1134 1133 1070 -1 
              1135 1134 1070 -1 
              1148 1136 1142 -1 
              1147 1148 1137 -1 
              1143 1144 1137 -1 
              1148 1141 1140 -1 
              1142 1141 1148 -1 
              1143 1137 1136 -1 
              1148 1140 1139 -1 
              1144 1143 1136 -1 
              1144 1145 1137 -1 
              1145 1144 1136 -1 
              1145 1146 1137 -1 
              1146 1145 1136 -1 
              1146 1147 1137 -1 
              1147 1146 1136 -1 
              1137 1148 1138 -1 
              1148 1147 1136 -1 
              1148 1139 1138 -1 
              1155 1156 1149 -1 
              1149 1156 1150 -1 
              1156 1152 1151 -1 
              1156 1153 1152 -1 
              1156 1151 1150 -1 
              1156 1154 1153 -1 
              1157 1154 1156 -1 
              1158 1154 1157 -1 
              1157 1156 1155 -1 
              1159 1154 1158 -1 
              1158 1157 1155 -1 
              1160 1154 1159 -1 
              1159 1158 1155 -1 
              1161 1154 1160 -1 
              1160 1159 1155 -1 
              1161 1155 1154 -1 
              1161 1160 1155 -1 
              1164 1163 1162 -1 
              1165 1164 1162 -1 
              1166 1165 1162 -1 
              1181 1169 1168 -1 
              1181 1170 1169 -1 
              1181 1171 1170 -1 
              1181 1172 1171 -1 
              1181 1173 1172 -1 
              1181 1175 1174 -1 
              1181 1176 1175 -1 
              1186 1184 1182 -1 
              1181 1177 1176 -1 
              1179 1178 1177 -1 
              1181 1174 1173 -1 
              1181 1179 1177 -1 
              1181 1180 1179 -1 
              1181 1168 1167 -1 
              1181 1167 1182 -1 
              1184 1183 1182 -1 
              1186 1185 1184 -1 
              1187 1186 1182 -1 
              1188 1187 1182 -1 
              1189 1188 1182 -1 
              1190 1189 1182 -1 
              1191 1190 1182 -1 
              1192 1191 1182 -1 
              1193 1182 1194 -1 
              1193 1192 1182 -1 
              1197 1166 1162 -1 
              1196 1167 1166 -1 
              1195 1194 1182 -1 
              1196 1182 1167 -1 
              1196 1195 1182 -1 
              1197 1196 1166 -1 
              1210 1198 1204 -1 
              1209 1210 1199 -1 
              1205 1206 1199 -1 
              1210 1203 1202 -1 
              1204 1203 1210 -1 
              1205 1199 1198 -1 
              1210 1202 1201 -1 
              1206 1205 1198 -1 
              1206 1207 1199 -1 
              1207 1206 1198 -1 
              1207 1208 1199 -1 
              1208 1207 1198 -1 
              1208 1209 1199 -1 
              1209 1208 1198 -1 
              1199 1210 1200 -1 
              1210 1209 1198 -1 
              1210 1201 1200 -1 
              1213 1212 1211 -1 
              1214 1213 1211 -1 
              1215 1214 1211 -1 
              1230 1218 1217 -1 
              1230 1219 1218 -1 
              1230 1220 1219 -1 
              1230 1221 1220 -1 
              1230 1222 1221 -1 
              1230 1224 1223 -1 
              1230 1225 1224 -1 
              1235 1233 1231 -1 
              1230 1226 1225 -1 
              1228 1227 1226 -1 
              1230 1223 1222 -1 
              1230 1228 1226 -1 
              1230 1229 1228 -1 
              1230 1217 1216 -1 
              1230 1216 1231 -1 
              1233 1232 1231 -1 
              1235 1234 1233 -1 
              1236 1235 1231 -1 
              1237 1236 1231 -1 
              1238 1237 1231 -1 
              1239 1238 1231 -1 
              1240 1239 1231 -1 
              1241 1240 1231 -1 
              1242 1231 1243 -1 
              1242 1241 1231 -1 
              1246 1215 1211 -1 
              1245 1216 1215 -1 
              1244 1243 1231 -1 
              1245 1231 1216 -1 
              1245 1244 1231 -1 
              1246 1245 1215 -1 
              1251 1250 1249 -1 
              1254 1252 1249 -1 
              1249 1248 1247 -1 
              1251 1249 1252 -1 
              1253 1252 1254 -1 
              1254 1249 1247 -1 
              1257 1256 1255 -1 
              1258 1257 1255 -1 
              1271 1263 1264 -1 
              1270 1264 1265 -1 
              1269 1265 1266 -1 
              1268 1266 1267 -1 
              1272 1262 1263 -1 
              1269 1266 1268 -1 
              1273 1261 1262 -1 
              1270 1265 1269 -1 
              1274 1260 1261 -1 
              1271 1264 1270 -1 
              1275 1259 1260 -1 
              1272 1263 1271 -1 
              1273 1262 1272 -1 
              1274 1261 1273 -1 
              1275 1260 1274 -1 
              1276 1259 1275 -1 
              1279 1278 1277 -1 
              1280 1279 1277 -1 
              1287 1281 1282 -1 
              1286 1282 1283 -1 
              1285 1283 1284 -1 
              1286 1283 1285 -1 
              1287 1282 1286 -1 
              1288 1281 1287 -1 
              1291 1290 1289 -1 
              1292 1291 1289 -1 
              1303 1294 1293 -1 
              1302 1295 1294 -1 
              1301 1296 1295 -1 
              1300 1297 1296 -1 
              1299 1298 1297 -1 
              1300 1299 1297 -1 
              1301 1300 1296 -1 
              1302 1301 1295 -1 
              1303 1302 1294 -1 
              1304 1303 1293 -1 
              1307 1306 1305 -1 
              1308 1307 1305 -1 
              1315 1309 1310 -1 
              1314 1310 1311 -1 
              1313 1311 1312 -1 
              1314 1311 1313 -1 
              1315 1310 1314 -1 
              1316 1309 1315 -1 
              1319 1318 1317 -1 
              1320 1319 1317 -1 
              1334 1324 1325 -1 
              1333 1325 1326 -1 
              1332 1326 1327 -1 
              1331 1327 1328 -1 
              1330 1328 1329 -1 
              1335 1323 1324 -1 
              1331 1328 1330 -1 
              1336 1322 1323 -1 
              1332 1327 1331 -1 
              1337 1321 1322 -1 
              1333 1326 1332 -1 
              1334 1325 1333 -1 
              1335 1324 1334 -1 
              1336 1323 1335 -1 
              1337 1322 1336 -1 
              1338 1321 1337 -1 
              1340 1339 1341 -1 
              1342 1341 1339 -1 
              1354 1346 1345 -1 
              1348 1347 1346 -1 
              1349 1348 1346 -1 
              1350 1349 1346 -1 
              1351 1350 1346 -1 
              1352 1351 1346 -1 
              1353 1352 1346 -1 
              1354 1353 1346 -1 
              1355 1354 1345 -1 
              1358 1355 1345 -1 
              1357 1356 1355 -1 
              1358 1357 1355 -1 
              1359 1358 1345 -1 
              1369 1344 1343 -1 
              1360 1359 1345 -1 
              1361 1345 1344 -1 
              1361 1360 1345 -1 
              1362 1361 1344 -1 
              1363 1362 1344 -1 
              1364 1363 1344 -1 
              1365 1364 1344 -1 
              1368 1365 1344 -1 
              1367 1366 1365 -1 
              1368 1367 1365 -1 
              1369 1368 1344 -1 
              1370 1369 1343 -1 
              1371 1370 1343 -1 
              1372 1371 1343 -1 
              1373 1372 1343 -1 
              1374 1373 1343 -1 
              1375 1374 1343 -1 
              1376 1375 1343 -1 
              1378 1377 1379 -1 
              1380 1379 1377 -1 
              1395 1383 1384 -1 
              1394 1384 1385 -1 
              1393 1385 1386 -1 
              1392 1386 1387 -1 
              1391 1387 1388 -1 
              1390 1388 1389 -1 
              1396 1382 1383 -1 
              1391 1388 1390 -1 
              1397 1381 1382 -1 
              1392 1387 1391 -1 
              1393 1386 1392 -1 
              1394 1385 1393 -1 
              1395 1384 1394 -1 
              1396 1383 1395 -1 
              1397 1382 1396 -1 
              1398 1381 1397 -1 
              1401 1399 1402 -1 
              1401 1400 1399 -1 
              1409 1403 1404 -1 
              1408 1404 1405 -1 
              1407 1405 1406 -1 
              1408 1405 1407 -1 
              1409 1404 1408 -1 
              1410 1403 1409 -1 
              1412 1411 1413 -1 
              1414 1413 1411 -1 
              1416 1415 1421 -1 
              1418 1417 1419 -1 
              1420 1419 1417 -1 
              1422 1421 1415 -1 
              1421 1420 1417 -1 
              1417 1416 1421 -1 
              1425 1424 1423 -1 
              1426 1425 1423 -1 
              1433 1427 1428 -1 
              1432 1428 1429 -1 
              1431 1429 1430 -1 
              1432 1429 1431 -1 
              1433 1428 1432 -1 
              1434 1427 1433 -1 
              1437 1435 1438 -1 
              1437 1436 1435 -1 
              1450 1444 1445 -1 
              1449 1445 1446 -1 
              1448 1446 1447 -1 
              1451 1443 1444 -1 
              1449 1446 1448 -1 
              1450 1445 1449 -1 
              1452 1442 1443 -1 
              1451 1444 1450 -1 
              1453 1441 1442 -1 
              1452 1443 1451 -1 
              1454 1440 1441 -1 
              1453 1442 1452 -1 
              1455 1439 1440 -1 
              1454 1441 1453 -1 
              1455 1440 1454 -1 
              1456 1439 1455 -1 
              1468 1460 1459 -1 
              1462 1461 1460 -1 
              1463 1462 1460 -1 
              1464 1463 1460 -1 
              1465 1464 1460 -1 
              1466 1465 1460 -1 
              1467 1466 1460 -1 
              1468 1467 1460 -1 
              1469 1468 1459 -1 
              1472 1469 1459 -1 
              1471 1470 1469 -1 
              1472 1471 1469 -1 
              1473 1472 1459 -1 
              1484 1458 1457 -1 
              1474 1473 1459 -1 
              1476 1459 1458 -1 
              1475 1474 1459 -1 
              1476 1475 1459 -1 
              1477 1476 1458 -1 
              1478 1477 1458 -1 
              1479 1478 1458 -1 
              1480 1479 1458 -1 
              1483 1480 1458 -1 
              1482 1481 1480 -1 
              1483 1482 1480 -1 
              1484 1483 1458 -1 
              1485 1484 1457 -1 
              1486 1485 1457 -1 
              1487 1486 1457 -1 
              1488 1487 1457 -1 
              1489 1488 1457 -1 
              1490 1489 1457 -1 
              1491 1490 1457 -1 
            ]
          }
        }
        DEF KMR221NGLFS_3 Shape {
          appearance DEF __12 Appearance {
            material DEF __13 Material {
              ambientIntensity 0.242027893662
              diffuseColor 1 0.807843148708 0.498039215803
              shininess 0
            }
          }
          geometry DEF __14 IndexedFaceSet {
            solid FALSE
            coord Coordinate {
              point [
                -0.0023 0 0.0011,
                -0.0023 0.00015 0.0011,
                -0.0019 0 0.0011,
                -0.0019 0.00015 0.0011,
                0.0023 0.00015 0.0011,
                0.0023 0 0.0011,
                0.0019 0.00015 0.0011,
                0.0019 0 0.0011,
                0.0023 0.00015 0.0005,
                0.0023 0 0.0005,
                0.0019 -8.53809210832e-19 0.0005,
                0.0019 0.00015 0.0005,
                0.0023 0.00015 -0.0005,
                0.0023 0 -0.0005,
                0.0019 0.00015 -0.0005,
                0.0019 -6.50521303491e-19 -0.0005,
                0.0023 0.00015 -0.0011,
                0.0023 0 -0.0011,
                0.0019 0 -0.0011,
                0.0019 0.00015 -0.0011,
                -0.0023 0.00015 -0.0011,
                -0.0023 0 -0.0011,
                -0.0019 0.00015 -0.0011,
                -0.0019 0 -0.0011,
                -0.0023 0.00015 -0.0005,
                -0.0023 0 -0.0005,
                -0.0019 -8.53809210832e-19 -0.0005,
                -0.0019 0.00015 -0.0005,
                -0.0023 0.00015 0.0005,
                -0.0023 0 0.0005,
                -0.0019 0.00015 0.0005,
                -0.0019 -6.50521303491e-19 0.0005

              ]
            }
            normal Normal {
              vector [
                -0 -0 1,
                -0 -0 1,
                -0 -0 1,
                -0 -0 1,
                -0 -0 1,
                -0 -0 1,
                -0 -0 1,
                -0 -0 1,
                1 -0 -0,
                1 -0 -0,
                1 -0 -0,
                1 -0 -0,
                -0 -0 -1,
                -0 -0 -1,
                -0 -0 -1,
                -0 -0 -1,
                -0 -0 1,
                -0 -0 1,
                -0 -0 1,
                -0 -0 1,
                1 -0 -0,
                1 -0 -0,
                1 -0 -0,
                1 -0 -0,
                -0 -0 -1,
                -0 -0 -1,
                -0 -0 -1,
                -0 -0 -1,
                -0 -0 -1,
                -0 -0 -1,
                -0 -0 -1,
                -0 -0 -1,
                -1 -0 -0,
                -1 -0 -0,
                -1 -0 -0,
                -1 -0 -0,
                -0 -0 1,
                -0 -0 1,
                -0 -0 1,
                -0 -0 1,
                -0 -0 -1,
                -0 -0 -1,
                -0 -0 -1,
                -0 -0 -1,
                -1 -0 -0,
                -1 -0 -0,
                -1 -0 -0,
                -1 -0 -0,
                -0 1 -0,
                -0 1 -0,
                -0 1 -0,
                -0 1 -0,
                -0 1 -0,
                -0 1 -0,
                -0 1 -0,
                -0 1 -0,
                -0 1 -0,
                -0 1 -0,
                -0 1 -0,
                -0 1 -0,
                -0 1 -0,
                -0 1 -0,
                -0 1 -0,
                -0 1 -0

              ]
            }
            coordIndex [
              2 1 0 -1 
              2 3 1 -1 
              6 7 5 -1 
              4 6 5 -1 
              4 5 9 -1 
              8 4 9 -1 
              10 8 9 -1 
              10 11 8 -1 
              14 15 13 -1 
              12 14 13 -1 
              12 13 17 -1 
              16 12 17 -1 
              18 16 17 -1 
              18 19 16 -1 
              22 23 21 -1 
              20 22 21 -1 
              20 21 25 -1 
              24 20 25 -1 
              26 24 25 -1 
              26 27 24 -1 
              30 31 29 -1 
              28 30 29 -1 
              28 29 0 -1 
              1 28 0 -1 
              3 30 28 -1 
              1 3 28 -1 
              11 6 4 -1 
              8 11 4 -1 
              19 14 12 -1 
              16 19 12 -1 
              27 22 20 -1 
              24 27 20 -1 
            ]
            normalIndex [
              2 0 3 -1 
              2 1 0 -1 
              6 5 4 -1 
              7 6 4 -1 
              10 9 8 -1 
              11 10 8 -1 
              14 12 15 -1 
              14 13 12 -1 
              18 17 16 -1 
              19 18 16 -1 
              22 21 20 -1 
              23 22 20 -1 
              26 24 27 -1 
              26 25 24 -1 
              30 29 28 -1 
              31 30 28 -1 
              34 33 32 -1 
              35 34 32 -1 
              38 36 39 -1 
              38 37 36 -1 
              42 41 40 -1 
              43 42 40 -1 
              46 45 44 -1 
              47 46 44 -1 
              50 49 48 -1 
              51 50 48 -1 
              54 53 52 -1 
              55 54 52 -1 
              58 57 56 -1 
              59 58 56 -1 
              62 61 60 -1 
              63 62 60 -1 
            ]
          }
        }
      ]
    }
  ]
}
